aDC,Adipocytes,Astrocytes,B-cells,Basophils,CD4+ memory T-cells,CD4+ naive T-cells,CD4+ T-cells,CD4+ Tcm,CD4+ Tem,CD8+ naive T-cells,CD8+ T-cells,CD8+ Tcm,CD8+ Tem,cDC,Chondrocytes,Class-switched memory B-cells,CLP,CMP,DC,Endothelial cells,Eosinophils,Epithelial cells,Erythrocytes,Fibroblasts,GMP,Hepatocytes,HSC,iDC,Keratinocytes,ly Endothelial cells,Macrophages,Macrophages M1,Macrophages M2,Mast cells,Megakaryocytes,Melanocytes,Memory B-cells,MEP,Mesangial cells,Monocytes,MPP,MSC,mv Endothelial cells,Myocytes,naive B-cells,Neurons,Neutrophils,NK cells,NKT,Osteoblast,pDC,Pericytes,Plasma cells,Platelets,Preadipocytes,pro B-cells,Sebocytes,Skeletal muscle,Smooth muscle,Tgd cells,Th1 cells,Th2 cells,Tregs,ImmuneScore,StromaScore,MicroenvironmentScore,sample,cohort
0.067003093538701,0,0,0.000283930582549224,0.0121184791601295,0,1.34151432460137e-19,5.60275975874925e-20,0,0.00639447184981937,0.00025823067585687,2.38930118200355e-20,0.00224419133864743,0,0.00551165534238808,0,0.0130255051959826,2.74945112587634e-21,7.82389931907181e-19,0,0.00538408020899882,0,0.00444910637476883,0,0.0188954806150244,0.00668284374080242,0,0.00570492310119721,0,0,3.63143744664565e-05,0.0158742999336504,0.012727304166454,0.00171598682454294,0.000462630421843216,7.45077471345454e-05,0.000843923629293757,0,0.0248749135400787,0,0,0.00266061307887845,0.0809738925204778,0.00557043700233312,0.00208020804897993,0.00366998695720877,0.000295333761071217,0,1.47690107663074e-18,0.000533519349834313,5.7568802315994e-19,0,0,0.00413396700245973,1.33793422720125e-18,0,0,0,7.31768366794379e-19,0.0758905304728559,0,0.00156920396371577,0.00502539277573562,0.0037704815075765,0.0110805739586952,0.0121397804120116,0.0232203543707068,GSM3758005,GSE130970
0.0133226802643289,5.33424268566704e-19,0,1.36424683445415e-19,0.0415553518996184,0,9.64070550853539e-19,1.25520824745314e-18,0.00164579449562625,0,1.45136715683939e-18,3.62968499760005e-18,1.4800411243029e-19,5.45275946558245e-18,0.00715528032654075,0,1.44869697712245e-18,0.000341435879667925,2.37745294674257e-19,1.80152291587194e-19,0.000255540900531212,1.3423289037221e-18,0.00119682450253469,8.32148268125462e-21,0.00529257636444733,0,0,0.00555381166312257,0,2.00280735599371e-19,0,0.00380192034994918,0.00418520788760767,0.000106141824804275,0.000523259895432645,0,0.000859467620790386,0,0.0331193887858441,0,2.28409786486404e-18,0,0.105538587535948,0.00125595650171369,0,4.10530217593375e-19,0.000343725315750555,2.51673338260124e-20,9.39414176294674e-18,0,1.20124019914227e-18,0,0,0.0130726601229194,6.40323738695819e-19,5.25205432187956e-19,0,0,0,0.058447525196707,4.52700160792782e-19,0.00402853066451002,0,0.00186256044149822,0.00288345349692123,0.00277405863248927,0.0056575121294105,GSM3758006,GSE130970
0.0782291108084449,0,0,0,0.0200083031272788,0,4.1827332787094e-20,2.20723646090844e-18,0,0,0,0,0,0,0.0148844183876428,1.14105304143828e-18,5.46490662843338e-19,0.000439190558395026,1.77817011704529e-18,0,0.00234875472572486,2.39160169422739e-18,0.00180378495239894,1.84017271928444e-20,0.0212461020411197,0.0125123412934089,7.82297610040408e-20,0.0626962045510936,0,8.87612121030842e-20,0,0.00714456800821133,0.0095404390048507,8.96981639193241e-21,3.30851754161776e-20,0,0.000647710611739904,0,0.0217119136397206,0.00258885839239037,0,1.08321501528486e-17,0.0512352506672261,0.00273574322371389,6.60922476639159e-19,1.09770618033435e-18,0.000250949779904649,0,0,0.00139531882089282,0,0,1.41599222185328e-18,0.00284136222357037,2.8231215828852e-18,0,0,0,6.95795724780839e-19,0.0836329795627372,0,0,7.70428981435122e-21,0,0.00476304533880755,0.0117974283834223,0.0165604737222298,GSM3758007,GSE130970
0.0626171961471971,0,0,0,0.0406251449812047,0,1.37055745999601e-18,0,0.00179095510177248,0,0,1.29554580201934e-19,5.3081699839659e-19,0,0.00765319006762479,5.76146495711154e-19,0,0.00030883727432063,0,2.89330194226502e-19,0.00587246837038136,0,2.0425151191653e-05,0,0.0190109366405638,0.00856382986131957,5.77188614429676e-20,0.0322944910898868,0,0,0,0.0190673237079552,0.0138886649770716,0.00270672736786778,0.00102931126175348,0.00103350193562844,0.000639751746921254,0,0.0220422970128545,0,0,0,0.053778578455883,0.0114465393737491,0,5.352992431682e-20,0.000244526469394187,0,6.40769940065432e-18,0.000173441971820287,2.76628791627344e-18,6.22993357219873e-20,0,0.00406552236579851,0,0,7.11117711592506e-19,0,0,0.0654727691802379,2.94264984063077e-19,0,0.00793594184808636,0.00190435418002389,0.0133977566464725,0.0124417025054726,0.0258394591519451,GSM3758008,GSE130970
0.11779865810748,0.000716847968608342,0,0.00610212501894569,0.00917835573719555,0.00111121511000961,4.10254597863928e-20,0.00100230620098153,8.80933234517555e-19,0.0264064380937138,0,0.00337644656149713,0.00808783557668113,0,0.0190222804638543,8.79089192850221e-19,0.00472370849684068,0.00529085879367437,0,0,0.029696721718785,3.98921714538155e-19,0.00427651735345026,5.08580943867746e-19,0.134358701877539,3.0898662569499e-18,0,0,0.00471641524797472,0,0.00154737516471073,0.0228038208360621,0.0134535162165279,7.42210239185121e-19,0.00511109984456913,0,0.000148236400290534,5.50040762947551e-18,0,0.0384545384967174,0.00615583729254566,6.31165436363776e-19,0.111606309476119,0.0120657132514784,2.6510524165835e-18,0.00773690656116022,0.000547175989253779,7.01040449705204e-21,2.86400677731996e-18,0.00248888981973112,6.69176899944894e-20,6.26671874894857e-05,0.022374813804191,0,0,0,1.35582457912036e-20,0,0,0.197852925080464,2.39538971517519e-19,0,0.010370787820821,0,0.0297010905030675,0.0823861357824661,0.112087226285534,GSM3758009,GSE130970
0.0276516564912516,0,0,0,0.0351891047958888,2.22446058744815e-19,2.6188879880276e-18,8.54781194333934e-19,0,3.78321091977576e-20,0,0,0,0,0.0125519330031836,5.4691179320841e-18,0,0.0089185963059482,0,0,7.50379684485915e-19,2.30634046352841e-19,0.00219708780687243,1.567673798996e-19,0.00183278423356624,1.13931424689437e-20,1.49573855941652e-18,0.00196246962759789,4.17130248469707e-18,0,5.17274820228452e-19,0.00481998761785416,0.00591127296303457,0.000429671857276932,0,1.17520844444503e-20,0.00105477721437309,8.18005203622047e-19,0.0397929640574855,0,0,0.0011282401140311,0.122815622332406,0.0021387582282185,0.00144962333725051,3.22758497039485e-19,6.26129120634726e-05,0,1.5149933330265e-17,0.00761151485211038,0.000864727510906753,0,9.62246395858179e-19,0.00951644351777702,0,0,7.1241369827083e-20,0,0,0.0801322759295394,6.48899053199756e-19,0.00979630743801356,0.00662532739445015,2.78348578099682e-19,0.00321332507856945,0.00091639211678312,0.00412971719535257,GSM3758010,GSE130970
0.125392477877423,7.10468978290666e-19,0,0,0,0.00151485158173775,3.70859905528588e-19,3.53130926551544e-20,0,0.00998858279237607,0.0019932623894183,0,0.0141227891011658,0,0.0765966302411933,0,0,0.0130476649402651,0,0.0004890843896407,0.00072678837703864,0,0.00601049198039558,0,5.4711963266174e-18,0.0504998823952302,0,0.0626616772227977,0.039725306024445,0,0,0.0394664534367415,0.0230401795209704,5.61076246774635e-05,0,0.000977146437334202,0.000138222469166092,3.40017128045135e-18,0.0800601883249278,4.63012422815451e-18,0.00450645636685985,0,0.200912689153858,0.0101390346222338,0,0,8.31504310450539e-05,2.59672145854714e-21,5.59511607658074e-19,0.00101263532198711,0,0,0,0.0149134533152038,0,0,2.94501906855772e-18,5.05311128548233e-21,0,0.185149149159821,9.16831785799794e-19,0.0320658274537548,5.02907477932259e-19,4.54301292279196e-19,0.0296413294621614,0.000363394188519323,0.0300047236506807,GSM3758011,GSE130970
0.0667264396838392,0,0,0,2.80084846849379e-19,1.59032911013318e-19,0,0,0,0.00336440451963125,0.000773832878570904,2.62129596614262e-18,0.00439193555923671,0.00172982256764854,0.0136784249552123,0,0.00420200906598813,0.0108177906766347,0,0,0.00516439054159017,0,0.001860367433377,0,5.52992230363333e-18,0.0215614570146156,6.8647956701082e-19,0.0595052329370675,4.55908272289489e-18,7.09468776995658e-22,0,0.01511979046893,0.00656119891937177,0.00640622815588346,0,6.18315510378593e-05,0.000634050113318883,0,0.0600277975408599,7.79381528150763e-19,0,0,0.147459684634013,0.00768207329000463,0,8.15847058296646e-20,2.86126384992926e-05,0,0,0.00117011690773075,0,5.99885344168368e-19,0,0.00546584593306128,0,0,3.54484231219416e-18,0,4.5494439204822e-18,0.125184135202985,0,0.0132662227295597,0,5.44179702426746e-19,0.01007986031262,0.00258219527079509,0.0126620555834151,GSM3758012,GSE130970
0.0743072029434816,0,0,3.8502525637898e-19,0.0277603651864155,2.85967142738959e-19,1.02123252797046e-18,8.97135186942629e-19,0.00519980511561831,1.51185970143393e-19,0,5.82074588483142e-20,0,3.03836342721772e-19,0.00877662842071946,0,1.3873435436216e-19,0,1.79396235165708e-18,8.16713075633844e-21,0.00422724899027909,1.55306755921469e-18,0.000495903308192048,0,0.0176819920934035,0.0206732976225586,0,0.0583939771903806,1.24703051985124e-18,0,0,0.00367036730123455,0.00644861161437772,0,6.81392996482706e-20,0,0.000923423472658166,0,0.0217373277836467,5.31049049824376e-19,0,6.81768947883108e-18,0.0520505992131461,0.00541212354078092,0.000873439782248398,4.21788285564048e-19,0.000496523503407776,1.10288170464248e-19,3.96763922131314e-18,0.0011719390009031,3.49829145006463e-19,0,1.75723378399241e-17,0.00541556245276527,0,0,1.90960286503837e-18,1.91192098453963e-20,0,0.0559314438986954,1.30698145410225e-19,0.00115216267119688,8.97027227515614e-22,0.000821684390795966,0.00244691153415637,0.0109546205418413,0.0134015320759977,GSM3758013,GSE130970
0.02573315536279,0.000725004230885465,0,0,0.0355152166418159,9.3460698557199e-21,0,2.22161193759273e-18,0.00274368356867088,0,0,0,0.0010390393526879,2.3238838382101e-18,0.00115247191206279,0,0,0.00185859577640714,0.000433691505441488,0,0.00177539333853124,1.52418691692502e-19,0,0,2.45464338172219e-18,0.0102861202320867,2.43762095602482e-19,0.0265239063190092,0,8.52773809709183e-20,5.22443889008702e-19,0.00500534339111136,0.00619700466091401,1.60546241149054e-19,0.000531843250022309,2.29973659409517e-19,0.000714364965684405,0,0.0266201878279556,1.27109669762583e-18,4.75742554699355e-19,3.41945575610792e-18,0.0411558887824667,0.00374950542744601,0.00300028952541419,0,0.00021491695049372,0,0,0.000808593581285811,0,8.21584554559724e-21,2.67705208698253e-18,0.00695906526858056,3.21769717952657e-18,1.95230515717092e-18,2.39472394187935e-19,5.44666898355505e-20,0,0.0732087419373881,0,0.00779590301151474,0.000794391971857698,0.00340071990898741,0.00369145776075578,0.00125019878470836,0.00494165654546413,GSM3758014,GSE130970
0.00682772811114557,0.000802682399642516,0,0,0.0537379712769213,0,4.82918864829196e-19,0,0.00852155231394575,1.05580386363406e-18,1.17241621418088e-19,0,0,0,3.34172938939371e-05,3.41557956967672e-19,0.00153375839036259,0,0.00127744344684672,2.38813470917024e-19,0,0,0.000333094838360559,0,0.0230103603001007,0,0.0014565663083371,0.00674749402532181,0.00367063861636336,0,0,0,0,0,0.00347836098203773,7.00193658635926e-19,0.000480802372721654,0,0.0129359814050513,0.00563171244803586,0,8.17381334616542e-19,0.0313183160528377,0,0.0219991588941782,6.2537760486388e-05,0.000490297738488635,5.04742248321149e-19,0,0.000326045011091645,4.22213458165746e-20,0,0.00339840427630134,0.00130575154158412,0,0,0,2.91204860075357e-21,0.00147560584157091,0,2.85686755087905e-19,7.16701466370063e-20,9.41086229578146e-19,0.00616334223369427,0.00231890732135849,0.0119065213498716,0.0142254286712301,GSM3758015,GSE130970
0.0599173743067292,0.000748562051877698,2.21293240583636e-19,0,0.0523146481606092,0,6.23464191079328e-19,0,0.00095124430785161,1.64842366863288e-18,0,0,1.87385831306161e-18,1.25769844666047e-17,0.0177858749968644,8.16085105840933e-18,0,6.51820202949626e-19,2.04932525088795e-18,0,3.74062008911909e-20,0,2.62350793437967e-20,0,3.54359320610088e-18,0.0261095676694471,1.07966344146342e-18,0.0175952521593673,2.38638516815805e-18,3.96935915666777e-19,1.27370867217785e-18,0.017057009964458,0.0109795705296808,0.00310728875557213,0.00163970162269637,5.62438893182498e-20,0.0003875144114597,0,0.027514431425211,6.2604562661829e-19,0,0.000378669556116272,0.0668998484207443,0.00464202187893948,0.00110391883140927,1.50941424815635e-20,0.000281613699266706,1.92449432974579e-19,6.01626200717943e-18,0,0,0,2.15364393330165e-18,0.00559711087438627,0,0,0.00187162554958765,1.41565868624023e-20,6.30769521034624e-19,0.0702159950974465,0,0.0065082171330594,0,1.52108352207843e-19,0.0124644743914363,0.000374281025938851,0.0128387554173751,GSM3758016,GSE130970
0.0407044168893033,0,0,0,0.0312195127623724,6.24296751895633e-19,0,8.15528151672684e-19,0,5.995186979118e-19,0.00059036902013156,3.86655003802973e-20,0.000444654571282644,0,0.017189132896956,0,0.0102176597598518,0.00152901035815129,0,0,0.00133052237265829,1.26412991152976e-19,0.000444769078685569,0,0,0.00904095628708826,0,0.0291919016368474,0.00584075973080405,4.52487448364524e-20,4.40729806359686e-19,0.00752401720376772,0.00564449220259345,0.00331154727991532,0.00147393438829983,0,7.07344865908744e-05,0,0.0450784466831096,2.11303251655465e-19,3.76189868896205e-18,1.94161795969087e-19,0.075999735339633,0.0076400354447682,1.53632690139416e-20,3.29816892711013e-21,0,3.34569115064736e-20,1.19505765859421e-17,0.00212642056873915,0.0167996410514408,0,0,0.0159357326586993,0,8.76630485989628e-18,2.5895115528619e-18,0,0,0.110629207416008,2.22299493927921e-18,0.0188671928592545,3.29458436784546e-18,1.13428551024893e-19,0.00599863439471171,0.000665261186329145,0.00666389558104086,GSM3758017,GSE130970
0.0715577658146367,0.000404779752817394,0,4.16951540173975e-19,0.034322454744129,0,8.94177876269258e-19,0,0.00176469265303825,0.00635451560163201,0,0,0.00079414675798697,3.38661667506808e-19,0.00881192268352454,0,0.00124786690363549,4.69140541348905e-19,0,0,0.000681400132028106,1.40642942315382e-18,0.0012728522646855,0,0.00868585661234127,0.0269067746124363,5.05923563069869e-20,0.0369518268246402,0,0,0,0.012730794455211,0.00986706237485737,0.00100833042631668,0.00157583620521549,1.42541075274923e-19,0.000838172177472527,0,0.0271612117582033,2.80758834994185e-18,5.55469741308659e-20,0,0.0645510754420717,0.00234967191447579,0.000905928985406849,0,0.000155802441179002,0,5.77814360686547e-18,5.8602076745151e-19,0.00748582478476223,0,2.64786846688355e-18,0.00618445432393998,0,0,0,2.63815012861799e-20,7.98674703890078e-19,0.0401795779833229,6.12068951761108e-19,0.00378222648383801,0.00312937283322676,0.00514727357326056,0.00953775377361763,0.00488601824859339,0.014423772022211,GSM3758018,GSE130970
0.0568917951870911,0,0,0,0.0223188430020658,0,1.81523291444028e-18,0,0.00296254393867412,0,0,6.70470469717961e-19,0.00138711875988798,7.17834152846996e-19,0.00899858780046215,0,0.00296692194611023,3.27809338378517e-19,0,0,0.00316160442048895,1.66071943416615e-18,5.92551564312636e-05,0,6.23180317490249e-19,0.0252021479650872,0,0.0646644748175841,0,6.35461195761309e-20,0,0.0111337093630841,0.010305684494068,0.000183508573095221,3.47763039737131e-21,0.000206069081908497,0.000798949965513985,7.78501576175893e-20,0.0286633009596856,0,0,0,0.0297191534806148,0.00911124685603971,0.00370648599225102,1.14774025333036e-19,7.40599531228158e-05,0,9.38168746985718e-20,0.000692062000172253,8.46662115122027e-20,0,0,0.00768877472939894,2.49487973423226e-19,5.50062715148273e-19,4.7944660951372e-18,0,9.87931358731584e-19,0.061512701583964,1.50977622360926e-18,0.000211549343242905,0.00474942038535533,0.00181453202748368,0.00742247290872272,0.00158080221024448,0.0090032751189672,GSM3758019,GSE130970
0.0485793945263307,0,0,0,0.0178733066866624,0,5.02200994981976e-20,1.05850922384497e-19,0.00171379578686666,1.79263498692127e-18,2.05925311359987e-19,0,0,1.01107188213536e-18,0.00633803657120269,3.54086339898581e-18,0,0.00290007272687872,0,4.33146099877196e-19,0.00483220033556873,0,0.00119358547328733,9.33315509811604e-21,0,0.00686965039959295,0,0.0437271983704529,0,0,9.11772180816643e-19,0.0130464323782094,0.0124135711789182,2.33978203126494e-05,0,0.000127137173990992,7.22399128617066e-05,3.86744692158062e-18,0.0360212913875434,0,2.46197571533764e-18,3.74639914140674e-18,0.0774785459388228,0.0064126153137039,0.00261202990576383,0,0,7.46766175211113e-21,0,0.00277734621925328,0.0138737893207769,1.35863817878488e-19,0,0.0103379889000304,3.20400611120647e-18,0,0,0,4.21976488594849e-19,0.0178583867582421,5.59554197621727e-18,0.0161275324338551,9.37084856996428e-20,0.000554218084470912,0.00869762158547291,0.00241610016778437,0.0111137217532573,GSM3758020,GSE130970
0.0482732466073119,2.28796674452803e-20,0,3.57083737396443e-19,0.0130282354542321,3.48114356072727e-21,4.0488015393314e-20,0,0.00808783603741734,0,1.11356720696435e-19,2.58990368157381e-20,1.33704694590146e-21,1.46649277510065e-18,0.0128096394411045,0,3.48537173150021e-18,0.000295682302859888,6.35059972227626e-19,0,0.00512705298658964,2.22498648019287e-18,0.000888936087084985,0,0.00133468977227052,0.0171309241501278,1.18835210035597e-18,0.0471916066915838,2.75842127815358e-18,0,0,0.00035620752625062,0.00137908593893048,0.00135729905037735,6.31702313325321e-05,0,0.0004018966148155,0,0.0210528812050135,0,0,1.51547265384543e-18,0.0758551530236727,0.0048329858445116,0.00122917797393655,3.26725759903233e-20,0.000352837657739072,7.97130188487963e-20,3.48005518486667e-18,0.000172104854916938,0,0,3.9392394639965e-18,0.00510694576266477,0,0,3.73665002134863e-19,0,8.68825832050528e-20,0.0553945392420657,0,0.00168358404651556,0,0.00187143993300263,0.000279585171722105,0.00323087137943008,0.00351045655115218,GSM3758021,GSE130970
0.046910005313387,7.31021863415004e-21,0,9.50462849595473e-19,0.0358730388314853,1.62277316598583e-20,0,1.2062700425106e-20,0.00768678918412566,3.4697786162865e-19,0,0,0,6.40038227197772e-18,0.00485223722209618,0,0,0.00191775663807967,0,0,0.00115861768510779,2.5990477408906e-18,0.00402941410155218,0,6.83682558841157e-18,0.00838921034695335,0,0.0235150746473305,2.34542200020067e-18,0,0,0.00092492084514761,0.000646602233285119,0.000537009730142722,0,0,0.000516374359725088,4.96869081714973e-19,0.0315622241078732,2.7119889195694e-18,2.36541914422113e-18,2.27193996971188e-18,0.0498855083037556,0.00295765527308239,0.00342809922575381,0,6.78801651412246e-05,0,0,0,0.0105141319796948,8.18644769529974e-19,3.69494855203871e-18,0.00924902323099551,0,0,0,0,5.7427420593613e-19,0.0480171868644161,1.30977942639683e-18,0.00835118929201339,0,0,0.000616613896765077,0.000579308842553898,0.00119592273931898,GSM3758022,GSE130970
0.0370460935493493,2.5587200120352e-20,0,0,0.0107631447975124,7.69426402216584e-23,0,0,0.00590453009525429,0,6.05939942066658e-20,7.35168946668166e-20,1.88731131039726e-19,5.81426618472514e-19,0.00607651595324514,9.16141444406084e-19,6.69478423255565e-19,0,4.158370066373e-19,4.13782498645195e-19,0.00438146130246982,0,0.00283303537638944,0,4.87997201488367e-18,0.017619290173511,0,0.039235036937357,0,6.55326159034535e-20,0,0.00856693770247315,0.0082116173495507,0.00196400400633257,0,0,0.000276757011629957,5.84579120842355e-18,0.0411026829952021,0,2.96293776479376e-19,1.09412077609119e-19,0.0630703132552114,0.0092584054454825,0.000813855459233292,0,0.000141104686041263,0,4.01223309084406e-18,0,0.0153693652824907,0,4.12514340825798e-19,0.00869487933357615,0,0,4.49664028558925e-18,4.19284297679173e-22,0,0.0575664900757088,3.19937427960187e-19,0.0116048571842632,1.5704147588949e-18,8.795314331259e-05,0.00571129180164877,0.00219073065123491,0.00790202245288368,GSM3758023,GSE130970
0.0283048188115665,0,1.58507546985428e-18,7.29171326370408e-19,0.0376354540266467,1.40239480311367e-19,5.13242609865152e-19,0,0.014859172032162,0,6.63883364672237e-06,4.65935869471613e-19,1.61121809663472e-19,0,0.00505080930779695,2.17688670156678e-18,0.00299837428754828,0,5.19890290505076e-20,0,2.33430406954652e-19,0,3.5402269049685e-19,0,1.01783260589627e-17,0.0117409952355971,0.000506261144922187,0.0405822178126102,9.70791958245239e-19,1.31708408090585e-19,2.62708638263321e-19,0.0035579806840688,0.00634289837235775,0,0.000966714817461041,1.56348520250004e-20,0.000226926024473995,0,0.0248028523710688,0,2.57506345418054e-18,0,0.0693756293377395,0.00277949438357616,0.00168538219884877,0,3.95367444679449e-05,3.61266483578775e-21,2.86801675266222e-20,0.00100347191644304,0,0,0.00902092492804109,0.00489665801516355,0,1.15767545570588e-18,0,4.29327183374583e-20,0,0,0,0.00240351692165788,1.07886269612219e-19,0.0037233567273006,0.00301646366768657,5.20587823295868e-18,0.00301646366768657,GSM3758024,GSE130970
0.038772100890346,5.29152595607631e-20,0,0,0.0298942709693059,0,0,0,0.00650449231073844,0,0,0,2.56955526384979e-19,1.35496499863362e-18,0.00151143871740406,0,1.10614938969546e-18,0.00017543520543434,0,0,0.000669761069021417,0,0,0,2.71447786791271e-18,0.0097568273339918,6.54035006526548e-20,0.00828365923736216,2.27033819795078e-19,0,0,0.0105221521012733,0.0105474296788641,0.00171302305539633,0.000336713870628968,5.42443632291974e-20,0.000359609205708705,3.38553137949229e-19,0.015799672131003,0,0,0.000219729626539227,0.0686757649752386,0.00386348532452439,0.00139518592655744,0,8.83837815339534e-05,0,1.09751597612638e-17,0.0104478415954944,0,6.75286298588699e-20,0,0.00662609824752183,0,0,0,3.90236297919522e-20,2.82319916748097e-19,0.0401400867697228,1.88399883844023e-18,0.00436964721955912,0,0.00488199447206991,0.0072392439812682,0.00033488053451071,0.00757412451577891,GSM3758025,GSE130970
0.0386831296005804,0.000828794263405403,0,3.32414365649682e-19,0.01552446594172,2.14424112354727e-20,0,0,0.00879612191636113,2.25575984655403e-18,0,0,1.03656020634945e-18,0,0.0146098550252066,0,3.49500457805561e-20,0,2.23609283086759e-19,0,0.00541214384960949,0,0.00166363980862973,1.35665523731011e-20,0,0.0161267308177474,0,0.0600481638833203,0.0021555870272662,3.89852749606014e-20,0,0.0103607435967353,0.00927413554030568,3.35689496394958e-21,0,0.00116609992150184,0.000695708724742877,0,0.0204632703994391,0,0,0,0.0585731965997097,0.00663650873077593,0.00165044408417715,0,0.000223999589583966,1.87621208439133e-21,1.22603381558119e-19,0.00594914918978871,4.30277264385435e-19,8.71710789445563e-20,0,0.00452843359147586,2.933671690867e-19,0,0,0,0,0.0376252836824764,0,0.000815738261008396,2.77190393720987e-19,0.00261842786433391,0.0069071623978235,0.00312046905650745,0.010027631454331,GSM3758026,GSE130970
0.0516582222546442,7.06507606824461e-20,6.25582798738892e-18,2.1402830441752e-19,0.03850556690857,0,0,3.67944562317637e-18,0.00606213509340539,1.25434185333021e-18,0,0,3.71755281635367e-18,0,0.00582692449835035,0,0.00226911996558718,3.86564685916549e-19,0,1.45172405263187e-19,0.00306398296792758,0,0.000212230233636325,0,8.37432373957752e-18,0.0146182202044297,0.000247849354520827,0.039125400407149,0,8.32906737024406e-20,6.19132870014882e-19,0.00777513862601522,0.00680376676333021,5.8090969406551e-05,0.000209831841701365,0,0.000428063137566092,0,0.0181605819850226,5.42680766415718e-19,1.90612853233524e-18,0,0.061779287612394,0.00559628639828824,0.00187401533992538,0,0.000356342672781652,4.15398719285424e-20,5.82131871229626e-18,0.000789316261052396,2.10678975819861e-19,0,0,0.00543646917939955,0,0.00508100256492498,4.30111232668888e-20,2.63379306007799e-20,0,0.00537000321586877,1.94645407142077e-18,0.00216956028393394,0,9.92167860149995e-23,0.0053233136451444,0.00153199148396379,0.00685530512910819,GSM3758027,GSE130970
0.0725385282408389,1.5386313420165e-19,0,0.00819377361427004,0.0264004124259831,0,0.00260102781679769,0.000916905092897565,0.0211638232314131,3.09364425997835e-20,0.000254242242778909,0.0153797052473345,0.0110119366291567,0,0.0105734269928948,5.46932874723093e-19,0.0158548039118412,0,1.04808579386527e-18,0.000653393461599687,0,2.82610599138306e-20,8.40472743828946e-22,0,0,0.0143189615251584,0,0.0203773564203025,0,8.05760190239822e-20,0,0.00724974272775597,0.00911942918513542,1.10989968115148e-19,0.000375535294980776,2.30644316458163e-20,0.000523311610044852,1.83384708182818e-18,0.0147377495507062,0,2.53276699110895e-18,0,0.0486423956131999,0.000832125395177427,0,0.000732340701650319,0,0,8.67680810684895e-19,0.00703433529402464,0,0,1.97590622954264e-18,0.00595181045069198,0,5.26396788754065e-19,4.9305871517566e-22,6.50152574858427e-20,0,3.52790689427123e-18,8.25316858682731e-05,0.00177350686627229,0.00494417387331577,0.00843755469488149,0.0218460369592257,7.69315671008248e-20,0.0218460369592257,GSM3758028,GSE130970
0.0576656426944101,0.000236090726013359,9.42130145246668e-19,6.45706533609245e-19,0.00449900632443922,0,0.00119644436739398,0.000100826883598709,0.00731830524178304,0,0,8.91521564880449e-21,0.0048853261158378,3.53901200702566e-21,0.012737418645182,0,0,2.64914398312216e-19,5.29009012940218e-19,3.9524601954337e-21,0.0120596435691316,0,0.00106278604534455,1.93143098162288e-20,0.0442665470824692,0.0207938056748921,0,0.0671092588887849,8.29829073232853e-20,2.187321692346e-20,8.11950169565988e-19,0.0065874748977057,0.00740661375392974,0,0,0.000852555209427244,0.000395805960548189,0,0.0324577386317071,0.00138144849064753,6.78845141982182e-19,0,0.0391156754995159,0.00922345520101414,0.00357033677939097,0,0.000242492325921383,1.28290922398381e-20,0,0,0.00340693242232111,7.44751217112155e-19,0,0.00703961661334995,3.73817312405546e-19,0.00183810634176059,0,8.31122930074645e-22,0,0.0937722940532479,1.37511887165252e-18,0.00122217182196125,0.00013157093688566,0.00223669266189966,0.00445886785420294,0.0282811406888071,0.0327400085430101,GSM3758029,GSE130970
0.0916162507034223,1.82410721912955e-19,3.92966900099992e-18,0,0.0290662644537728,5.53143220521572e-20,1.37335575997885e-05,0,0.00164384443325069,0.00943019797411518,0,3.69397942421283e-19,0.00216243245860325,0,0.0110956675922613,0,0,6.47339384830958e-19,0,0,9.1221910767789e-05,2.59821869853142e-19,0.000346725470340261,0,0.000719532568528328,0.0192375499445764,2.63876237731153e-19,0.0278823263093515,0,0,0,0.0133707990623768,0.00616158582071163,0.00816205088634678,0,7.43236947613279e-20,0.00111547720701812,7.2704360863892e-19,0.0200468187814988,0,3.01241550860173e-20,7.1602294175185e-19,0.0341900130307004,0.00149579553083291,6.48079660254583e-05,3.40253146820487e-20,0.000168135956833578,1.05307377108335e-19,2.91318826657253e-18,0.000177270197675183,0.00193854438479821,8.85071415938927e-19,6.79489359005417e-18,0.00276541715267255,0,6.58826773161744e-18,0,0,0,0.0658044958880645,2.84230099910319e-05,0.00306145037583778,0.00332759091575478,0.00357316421517778,0.00891386604158454,0.000405377239648059,0.0093192432812326,GSM3758030,GSE130970
0.0483017061185988,0.000392542733670092,0,0.00221002217834562,0.0410728891022182,6.88614961189881e-20,0.00435158890628749,0,0.0105447082447087,0.000217404257768129,0.000328313961025733,0.00108621330184765,0.00595122358884658,0,0.0122894713614006,1.21376550006157e-20,0.00183366589951256,4.13679958737786e-20,0.000548650339348723,0.000281174377366008,0.0115609372189276,0,0.00125757459950296,0,0.00983762248814892,0.0142357562952586,5.18556082968623e-19,0.0199562034465633,0,0,3.84649595999283e-20,0.00661364992509797,0.0111378933055008,3.44679992577832e-19,0.00172251332452145,2.46673560002018e-19,0.00071142019521634,7.65108878697913e-19,0.019565544145305,0.000519075110043776,3.72551187928993e-18,0,0.0375917057517227,0.00774265309794961,0.00303754060671448,3.16142266096562e-19,0.000623795975026311,1.83171233270244e-19,0,0.000164357480545468,0,0,2.74674191464731e-19,0.0062820339569939,2.04244768951929e-19,0,1.00394011962968e-18,4.67672717195667e-21,3.35664190140803e-19,0.0372816096215047,6.25366892451859e-19,0.00516930463484213,0,0.0011547617659685,0.00794238207145247,0.0108955512203733,0.0188379332918258,GSM3758031,GSE130970
0.0578251839907143,1.61856352786652e-19,0,0,0.0265822199362601,1.49830236011934e-19,3.22283396028812e-19,0,0.00695348855392191,0.00679305891243962,2.7103916070877e-20,5.33613966595343e-19,0,8.09985342420453e-19,0.00952569377150606,9.84444875196745e-19,0,0.000572195614750778,0,0,0.00413064458997977,3.58121860008688e-19,0.00109974706983832,0,2.46189590473615e-18,0.0211342354366735,7.72724126187709e-20,0.0488486777720337,2.6766358089837e-18,1.64087316560725e-19,0,0.00294807153778824,0.00246803331635416,0.00126521317768234,1.57062924408367e-20,0.000446863744005612,0.000552934542428718,1.30934162963305e-18,0.0283368840723803,9.26466363881359e-19,0,0,0.0671828430607201,0.00460539287090844,0.00174845989428065,4.63348078719992e-21,0.000132733671989864,1.26069156999617e-19,0,1.5746203248701e-19,0.000318915675466926,3.34778759985546e-18,3.62364948745687e-18,0.0028949015642563,0,0,0,0,4.98841220975706e-21,0.0653095328822462,5.13451837775693e-19,6.6278530871699e-19,0.00289519842885072,0.000655475308137968,0.00196538102519216,0.00206532229498989,0.00403070332018204,GSM3758032,GSE130970
0.0611823903774253,0.00269733485235738,8.48914156841854e-19,0.00232257057999501,0.0226953871050607,4.09287540669527e-19,1.03499659002047e-18,1.14866296017002e-20,5.69735276040338e-19,0.00175069061799787,1.1225597373781e-19,0.00810409855046529,0.00411789181941923,4.02671479475272e-20,0.0288616988081064,0,7.47985567583669e-19,0,8.61776375164051e-19,0,0.00317927822479386,1.29454677381666e-18,0.000827149726370639,0,0.0327114756011248,0.0155214192141068,1.07729266276771e-18,0.00142395711720665,0.0212516585643311,5.02618169517506e-20,7.68434926762724e-19,0.016046800069098,0.010775377696947,1.91397800399989e-18,0.000401052482056003,0.000772123645971341,2.13726643230584e-20,0,0.0123295726169435,0.0237446551492307,0,0.00176153123921366,0.053548174259415,0.00664785686002716,5.41801917881471e-20,0,0.000675852124193991,2.34936320749251e-20,3.47486427176335e-18,6.0980198383175e-05,0,0,3.90513121510647e-19,0.00769654776103854,0,0,1.78261868741797e-19,2.33748032429315e-20,0,0.142166730692641,1.02889221381367e-19,0.00304933767504095,0.0036381549485436,0.00127782951617981,0.0179163477877429,0.019294044339138,0.0372103921268809,GSM3758033,GSE130970
0.100831658584434,0,0,1.97990119930909e-20,0.0294594903099663,0,0,0,0.000503672853628533,0.00909832532574406,7.86971346591277e-20,0,0.00574892068086402,0,0.0102438698450605,0,0,5.08436658187431e-19,0,0,0.00156277734564051,1.11592029811732e-18,0.00134841612296625,8.65617697906638e-21,0.0333975276071798,0.0302966855891636,0,0.0153109719261329,1.63618250917947e-18,0,0,0.0101269041237252,0.00677358059059935,0.00140921683647168,0.00140956475098934,0,0.00128791209925148,0,0.0206878016246041,0.000754942010007401,0.000635969946667957,0.00267554198871771,0.094388315569292,0.00236610107313114,4.06074189393706e-20,0,0.00035222961356138,0,0,0.000394023237485869,0,0,0,0.00517665400942044,0,0,0,0,0,0.0688350431522363,0,0,0.00987023643115266,0.00214331747874177,0.00811495921425498,0.0174801524764101,0.0255951116906651,GSM3758034,GSE130970
0.0512256799260419,2.15753839305574e-19,0,0,0.0485242219698901,0,0,7.09679073503853e-18,0.0061471550284842,0,0,1.23780088521483e-18,3.47565663780225e-19,1.43119448845795e-18,0.0164784455608979,0,2.62928343526628e-19,0,0,0,0.00186817515483147,0,2.63949263102914e-19,1.79898999205014e-20,0,0.0144842739095037,6.74325578551325e-19,0.0483543769641275,0.0141629125706889,5.79895194021221e-19,1.5312779387429e-18,0.0129645210460631,0.0106081214235358,1.49065167301237e-05,5.95056898198105e-20,0,4.28758942782812e-23,1.06198075556984e-18,0.0274603482009081,0,1.44606203761716e-18,8.21239120407086e-18,0.0710578348506911,0.00870176621076753,0,8.98958005612655e-19,0,5.51685876030249e-21,1.2955226187515e-17,0.00261998354899662,0,0,0,0.008200585516312,0,0,0,0,0,0.0727750949674679,6.62860040146165e-19,0.00591029903402363,1.30909240993403e-18,0,0.00864301403070874,0.000934087577415735,0.00957710160812448,GSM3758035,GSE130970
0.0393804653109913,5.65563363722151e-20,0,0,0.0307821698801766,0,0,1.06144401156491e-18,0.00540478457382981,0,7.81567854811131e-20,3.23985449575002e-19,1.31645210721012e-18,0,0.00459075315115253,2.82065374891276e-18,9.88205979502535e-21,0.000417620421943583,0,3.2408793540217e-20,0.00179234353161066,0,0.000977723351808674,1.06679918733097e-20,1.85137251809036e-18,0.00871982957996106,0,0.010014902072181,8.39706166124102e-18,7.79942026874407e-20,1.31292458264778e-18,0.00784810557372296,0.0063938212686437,0.00219259706993305,0.000622273358378372,0,0.000533021131933189,3.29457783979672e-19,0.0265383690589722,0,5.33114197766868e-18,0.000149184620022475,0.0502893306190572,0.00425800756884312,0.00104542204520368,0,3.69981348483613e-05,3.24073366927469e-19,0,0,0.002515554336642,0.000319977164576238,0,0.00932802664970653,2.60865400356909e-19,0.00574924826078468,0.00215863487971817,1.52176565465202e-21,0,0.0493349116300544,3.36192109172849e-20,0.00370333993650671,0,5.03832691990926e-06,0.00564691928806756,0.00089617176580533,0.00654309105387289,GSM3758036,GSE130970
0.0369641698724713,1.33253352887727e-21,0,6.57307256581899e-19,0.0276875544116549,3.51200828500957e-20,0,5.39741003549099e-19,0.00604168040249017,3.86138866809157e-19,0.000123128596816618,0,1.47880063596554e-18,3.96610615658294e-18,0.00443168266400195,0,7.97431646101387e-20,0.000439138864978972,3.00537790526514e-19,1.42866506576623e-19,0.00341524582640656,0,0.00118018752259969,0,7.54941681344562e-18,0.00569941987417278,0,0.0412378477762204,0,0,0,0.00822757116558582,0.00791753437937762,2.74023539616086e-20,0,0,0.000230028734868259,0,0.0306957974437673,0,0,3.99181190489823e-18,0.0792016399851139,0.00647979628503099,0.00162282505689118,1.9290912670046e-19,0.00021866877798407,1.72085832404802e-19,0,0,2.32155271699605e-18,0,6.42584677818143e-18,0.00541357338671691,5.30154536286811e-19,0,1.15998109108542e-20,0,6.25499935526781e-19,0.0258840387385662,1.02643917076445e-18,0.0075963409887917,0,0.00571898566990898,0.00548504744372388,0.00170762291320328,0.00719267035692716,GSM3758037,GSE130970
0.0677759957338096,0,0,9.11080861277443e-20,0.0351403856637914,0,0,3.17507735646829e-20,0.00808501393291338,0.0067135815743305,0,0,0,3.8246159357404e-18,0.0100256897283788,0,0.0013264520426903,0,4.62497205294988e-19,3.4033637857747e-20,0.00151122285011441,0,0.000927430816265024,1.1233599858735e-21,4.42575324585427e-18,0.0169571427191672,1.96690878317473e-19,0.0147539618883847,0,0,5.9404986263814e-19,0.0149207150851375,0.0147082966422416,0.00221151823238878,0.000589791321649302,0,0.000324696698783884,0,0.019779613709075,0,0,0.000480494351394183,0.051871912340151,0.00616196218746694,0.000125579168905669,1.81393027968079e-19,0,0,0,0.00614542659079459,3.40328892739539e-19,5.56614911859533e-19,3.60036593631895e-18,0.00606918640352624,2.3029890284229e-19,0,0,6.43746459024803e-20,0,0.0522406696265297,2.44552528149757e-19,0.00155016588455129,3.52447660188223e-20,0.00255295168675439,0.0103403376045245,0.000755611425057209,0.0110959490295817,GSM3758038,GSE130970
0.0147559318609196,0.0021216469483989,0,4.35974135061282e-19,0.0148542685781053,4.3047879065654e-20,8.16279761563689e-19,2.69843664652063e-19,0,0,4.58573588569925e-19,0,0,0,0.00242375578842246,2.91296234248975e-18,4.45443371684822e-18,0,0,1.89422379170336e-19,0.00722316832452924,4.61618300436316e-19,0.00771709473904335,0,0.025536347295219,0.0105845440181969,0,0.0459449505245476,0.000891646032726792,0,0,0.00232082381014774,0.00408003523189704,0,1.3440796077922e-21,0.000141772487955493,0.000177120447646542,3.21946524100047e-18,0.026672243458029,0.00330554355544677,0,0,0.0201077036829522,0.00748571526111021,0.00543984648708136,0,0.000303965713514168,0.000142560995192535,4.24150949999914e-18,0.000434751651721466,5.39797812778992e-19,0,0,0.00641118802392315,0,0,2.58168442126711e-18,1.65154295376936e-20,0,0.0628361415194814,0,0,9.73064161643164e-21,0,0.00164225653689352,0.0174405812840736,0.0190828378209671,GSM3758039,GSE130970
0.0523016563751972,0,0,2.81754138262601e-19,0.0275026633941249,0,9.94868009443407e-20,4.60142992300165e-19,0.00480247757972856,0.00610463151547716,0.000153460785209804,1.74159003348502e-19,0.0017829938866682,3.92324787998379e-21,0.00612936124692301,2.18793311153118e-18,0.000353414968031129,3.28374762786861e-19,7.78786660798986e-20,4.19479326316571e-19,0.000575156094296718,8.20404928472142e-19,0,1.08574992862316e-20,1.55610254966423e-18,0.00708281738433861,6.23150494262102e-19,0.011786175121764,0,2.68767246592396e-19,4.31976230204573e-19,0.00877249448766503,0.00975611172000127,0.00109408553941935,0.000761364676838009,0,0,7.20135074373428e-19,0.0209574815048432,0,2.0443889775157e-18,0,0.0419451942878705,0.0026370422337339,0.00192812346252012,5.42033802995589e-19,5.90741362909289e-05,0,1.79697593533475e-19,0.00293099506241107,0,0,2.04963550753699e-18,0.0071747972638101,9.72484982663585e-19,0,0.00326225930224506,3.71411568973094e-20,5.3861725844176e-19,0.0483721093099915,0.000689154091926569,0.0090902243801068,0.000495186935636277,0,0.0063559061096687,0.00028757804714836,0.00664348415681706,GSM3758040,GSE130970
5.6506831815138e-19,0,5.9310918667751e-19,0,0.0496610145477634,0,3.3305608308343e-20,4.71574137882859e-19,0.0182649280885899,0,4.33985739621575e-19,0,1.10994793992933e-18,0,0.000544160630690814,0,0.00523975461941197,0,0,2.22653229672152e-19,0,0,0.000393563890264773,3.51664284448855e-20,0,1.01230043892296e-18,0.000495761295279212,0.00675019357730706,0.00401404313236259,0,4.44929896543233e-20,6.51637726357963e-19,0,1.94139109082163e-19,0.00374558928968771,1.18563476144881e-19,0.000359361531864264,0,0.0143493251562623,0,4.98655250030899e-19,2.04808416039242e-18,0.0443192673474216,3.33062219897811e-20,0.000895260555680984,2.53932669827661e-19,0,3.42310652707424e-19,7.93035256239007e-20,0.00579060988328848,0,3.81242633241031e-19,1.59080136133872e-18,0.00623965158494697,1.08947868123005e-19,1.69615870364077e-19,0,0,6.31536706006868e-24,0,4.6560676124473e-20,0.00186249964893593,8.68203121499209e-19,0.00149545974323628,0.00249705952645847,0,0.00249705952645847,GSM3758041,GSE130970
0.063141935918372,1.8251525664575e-19,0,0,0.0339173036503836,0,1.20826791117783e-18,0,0.00330336085072027,4.12931647707342e-18,3.89467358078821e-20,3.46543291249395e-19,2.91259111475244e-18,4.47061344144743e-19,0.00885301761398702,0,0.0152887715932734,0,0,0,0.0019380641088659,0,1.86061299152401e-19,2.74756152099388e-21,0,0.0170848425876676,7.57018975965263e-19,0.0359046663528183,3.56896320375866e-18,3.85925919743062e-19,0,0.0142652746684946,0.0133062424666184,0,0.000420375919139692,0,0.00027183903981571,0,0.0308077724741143,0,0,3.54952210713697e-18,0.0809997560418523,0.00607864156831811,6.63610655573471e-05,0.00232843408270124,0,3.92521648443745e-22,8.65201605170053e-18,2.57052286131527e-20,0,3.81197219200233e-05,6.43266094726217e-18,0.00950096183206382,0,0,0,1.8284782376951e-20,0,0.0405103757337198,0,0.00809638106174795,0,2.59451620923424e-20,0.0097904337250895,0.00096903205443295,0.0107594657795224,GSM3758042,GSE130970
0.0547891450617494,0,0,3.57606397508082e-19,0.0245918221683626,0,4.53206644868766e-19,0,0.00507663793247991,2.87242306846249e-18,0,0,0,0,0.00499309617559977,4.22783610194765e-18,0.000131320679801802,6.15118682143318e-06,4.40964599126437e-19,1.05534671330873e-19,2.47917978687228e-22,0,0.000294457408637962,0,0,0.0131840427452095,0.000712781238932199,0.0379932758921383,0,0,7.04703917213055e-20,0.0085178082800917,0.00588618462061163,0.00183242427588017,0.000803890383313149,2.1884230229835e-20,0.000549271599242932,0,0.0316044237424315,3.43247014097961e-19,6.05358655342706e-19,6.15551991904482e-18,0.0149888264462446,0.00337825273785692,0.00271081544529872,0,0,0,0,0.00575289054297511,0.00246210238992165,4.0320254957543e-19,0.000821840746264128,0.00882897310365479,0,0,0,0,0,0.0408958265538952,8.12042371675111e-20,0.00327407533305903,0.000586699336363372,0.00413316720296273,0.00621446577560323,1.23958989343614e-22,0.00621446577560323,GSM3758043,GSE130970
0.0302367562816,0,0,2.1024856959567e-19,0.0547346740391166,2.93821129772458e-19,0,0,0.00225481292724869,6.53814318561805e-19,0,0,3.68074702574451e-18,3.8337767831738e-18,0.00155336653253379,1.96240828974842e-18,0,4.89453978451742e-20,0.000188371182032063,4.24745807545361e-19,0.00292480838829123,0,0.000356172526615946,0,0,0.0049956518560175,0.00100239438025202,0.0213786381079471,0,0,3.62882246437968e-19,0.00768774162902033,0.0104259335799233,2.04041241016045e-20,0.000566254360726799,0,0.000324696064573723,1.6223555634549e-18,0.0289944957367038,1.706355575933e-18,8.76690218255964e-19,1.169354311009e-18,0.0447180695301466,0.00859931186678537,0.00262566984104052,1.30489841926164e-18,5.35804583015162e-05,0,3.11095372114698e-20,0,0.00642543133815969,0,2.20537945880158e-19,0.0062002772538569,5.83075578032306e-19,2.51050120724863e-18,0,0,0,0.0277707874320268,4.37240481908322e-19,0.0036175661207848,7.93066461421427e-19,0.00168561856794562,0.00550266399316475,0.00146240419414562,0.00696506818731037,GSM3758044,GSE130970
0.0141094078680031,9.60646824084583e-19,1.81647224364965e-18,0,0.0168722152011147,2.23189273343945e-19,2.29441786472722e-19,0,0.00976882737829944,0,0.00735573994911897,3.42238554212201e-19,4.09121024472916e-18,0,3.38301970954564e-05,0,3.05746378153184e-18,0.000626103342425022,0,0,0.0011550587420783,1.81659524133151e-19,0,0,0.00131453017269698,0.0194191867584622,0,0.0743454699618919,2.29060663689677e-20,0,0,0.00671190643252351,0.00670659364326802,0,0,0.000183825418506479,7.94874643521233e-19,5.68767886779844e-18,0.0276811475526995,0,0,1.47702678798783e-18,3.28323680098737e-18,0.00190830945233086,0.161559511021045,0,0.000798499652390754,0,0,0,0.00755512352500915,4.66991893310505e-20,1.38778617329349e-18,0.0205046206819952,3.91833500683244e-18,5.84646350715726e-18,1.72407036173871e-18,4.19156384521824e-21,0.148296889247363,0.134302603264725,3.71079683307678e-19,0,0.00776182534533481,0.00293359533184248,0.004474604288349,0.00123479445738764,0.00570939874573664,GSM3758045,GSE130970
0.0452259659483979,8.66531538106946e-22,0,1.21268228508953e-18,0.0453061657411497,0,0,2.10090377320401e-18,0.00514989941809554,0,8.48151845526524e-19,0,2.38362309355247e-18,0,0.005774869902979,3.7057629536046e-18,8.94547482676511e-19,0,0,1.59744555642713e-19,0.00283474606527664,0,0.000493056843946637,0,0,0.00808854354604392,0.000194243169242199,0.0323216557092299,0,6.08141242896573e-19,0,0.00658134633069451,0.00916559221815113,4.58126228719276e-19,0.000128941010955861,6.17805186163271e-20,0.000575933729004056,0,0.0276836028366138,0,1.48983104770162e-18,1.96768871099273e-19,0.061942555421566,0.00743907125086778,0.00443838545607978,7.73215986047281e-19,0.000112930898985157,1.38538453138553e-19,4.99192214362492e-19,0.00548986579991477,0.000296254974842099,0,0,0.00819853066787847,0,1.06665608254575e-18,0,4.25988932727934e-21,0,0.024519244055198,0,0.00599574817230041,0,0,0.00447352489443358,0.00141737303263832,0.0058908979270719,GSM3758046,GSE130970
4.8047395384944e-19,4.57675446906417e-20,5.16176914596391e-18,8.09158850095853e-19,0.0126818977088958,0,1.12333301599954e-18,9.61269163285977e-21,0.0244452561832695,1.84868725797893e-18,0.0117680926516763,0,3.25775263492223e-19,0,5.48115690014078e-21,7.26623198203235e-20,0,0.000640542356777856,1.10126754529773e-18,2.71324907206378e-19,0.00298438862647977,0,0,2.06281979556703e-20,0.00448823933601539,0.00581033256134676,1.42273266348215e-18,0.0893760054363877,0.00195628431769919,1.09181660511355e-21,0.000345191385481626,3.10439472181122e-18,0,1.87620058273647e-18,2.10546600748335e-19,2.37363187506167e-05,0,0,0.0257258770158437,0,0,0,3.61962491968643e-18,0.00138579595373637,0.160504452781202,0,0.00113420304643366,0.000708199214864909,0,5.52339832538423e-19,5.81451018684074e-18,1.81912983905486e-19,0,0.017923454031305,8.86700352217342e-19,1.07487406737773e-17,7.52564826484401e-18,2.24547426053055e-20,0.170550735759221,0.151262014931576,7.04368301056838e-19,0,0.00295968022116776,3.23299145369611e-19,0.000472132809909942,0.00373631398124758,0.00420844679115752,GSM3758047,GSE130970
0.0700483183642106,0,0,0,0.0654702112706788,0,0,3.12842284534588e-18,0,0.00930827133089711,0,1.32572559532533e-18,1.46772235127409e-18,1.44606842128156e-18,0.00290851854953111,1.76875891055712e-18,0.00239384373265811,3.10591790238943e-19,2.01509024065215e-19,0,0.00710418588973709,0,2.36327399954871e-19,0,0,0.00614535301911601,3.29237576761106e-05,0.0186240899342579,0,3.99695864242519e-19,6.93254984138733e-20,0.0141170008087128,0.016913491804966,0.000749165370985268,3.97072135472963e-22,0,0.00088117187345623,2.60696912876993e-18,0.0363334661945822,0,2.01102725904209e-20,3.2085974125162e-19,0.0455833008947602,0.0162476428879078,0.0010583767646458,0,2.0787628487712e-05,7.02962947467346e-20,3.31914550137342e-18,2.81123061024961e-20,6.93126724075298e-20,0,0,0.0054472776524961,2.18743138304027e-18,0,0,1.40628683629685e-19,1.86965301228974e-19,0.0480520942073056,1.02541511001411e-18,0.00126844288090248,1.6597654771277e-18,0.0033603849898709,0.00941133387247522,0.00355209294486855,0.0129634268173438,GSM3758048,GSE130970
0.0708702782920628,2.71749319682897e-19,0,0,0.0284955546938161,0,1.03917525164366e-18,3.60877967085433e-18,0.00252474357221144,1.42151140728836e-20,0,0,5.06293824512865e-19,1.02168899720975e-18,0.016502387284311,0,0.0170155776124412,7.17234578384498e-20,0.000180058036477484,0.000198036708722044,0.00903948237278472,0,0.00269137793098925,0,0,0.00791852079418421,5.53674934722428e-05,0.019466939991347,4.41551450647026e-18,0,0,0.00923324334734036,0.00475138482812195,0.00329849777174404,0,3.36805709321195e-20,0.000561248096649002,0,0.0239533009588985,6.173458071328e-18,1.49095541614093e-21,0,0.104685476004136,0.0133229064736019,0,0.000379783957933774,0.000578312325056404,0.000352760038170636,2.62739675815767e-18,0.00209428163919366,0.0049143767041025,7.86228048067739e-19,0.00759399355682284,0.0080871051926738,0,0,6.80647012594509e-19,0,4.72162869307267e-19,0.0432294990688935,5.34463995541465e-19,0.00675346733394856,0,9.73208734010204e-21,0.00652269339615536,0.00451974118639236,0.0110424345825477,GSM3758049,GSE130970
0.0474465723762505,0,0,7.92399674879837e-19,0.0302341540639735,0,0,0,0.0120971032635823,0,0,5.62387852379384e-19,1.28822722725749e-18,0,0.00880780230764048,0,0,9.59764965176538e-20,3.80016313504727e-20,0,0.00758387489589913,0,4.08560140593886e-05,0,0,0.0138165158328155,0,0.0699395340162091,2.74520776947411e-18,1.73620409167445e-19,4.75170289000292e-20,0.00427157575544304,0.0079510026995867,0,0,0,0.00029412768096091,0,0.0137657031427761,1.67083414076063e-19,0,3.53588322322954e-19,0.0619654854859514,0.00939113974265439,0.00194923637837991,0,0.000109521214659869,7.31926151383226e-20,0,2.07955930591008e-20,0,2.30943454207192e-18,0,0.00483077916026898,4.77295355464889e-18,0,0,8.2063474419923e-21,0,0.0282028325343494,1.09905598977295e-18,0.00321643490672466,7.04718494751809e-19,0.000159004336164811,0.00284771717029536,0.00379193744794957,0.00663965461824493,GSM3758050,GSE130970
0.0548684874854944,0,0,0.000318976092633732,0.0436533994537266,2.5072036088477e-20,0,8.9369592599075e-19,0,0.0128148495947164,0.00116632351383875,1.50008323309764e-18,0.00310616706136877,3.3418539867054e-18,0.00643798712843701,0,0.0117764204902278,0.0129326204255919,3.532841540327e-19,0,0,0,7.78840571440005e-20,0,2.00766940137134e-18,0.000215665968288193,3.08667587753189e-18,0.00405213709099152,0,0,0,0.0283057274077376,0.0182795050781553,0.00483038134260764,0,0,1.63638846966797e-20,0,0.0377246556767585,0,9.49932881607011e-20,0.00198234248913281,0.0305126823157375,0.00570077783601584,0,0.00180443695503613,0,7.36495151594853e-20,0,0.00245103728850137,0.0173764418726905,0,7.57939436370576e-18,0.00856809020971012,0,7.17594208483868e-18,0.00116194818080521,0,0,0.146596843029825,1.18498809378193e-18,0.0206176353206854,0.00251527974565481,4.82720353433502e-19,0.0190831356669142,1.00383470068567e-18,0.0190831356669142,GSM3758051,GSE130970
0.0582280199645133,0,0,1.53868319534939e-19,0.033341938398233,0,0,3.49468773077131e-18,0.0038351333328815,7.89035669744142e-19,0,7.97232003170015e-20,0,1.8113410463176e-18,0.00869005038073969,0,0.000181459599682926,0,0,4.22719180796217e-19,0,0,0.000619195000308431,0,0,0.0267197210547754,0,0.0300928511093373,3.38765972565841e-18,0,3.03182590388171e-19,0.00919707584986943,0.00937107298170044,9.39875342473657e-23,0.000988357664129206,0,0.00015581617796242,0,0.0206014282388537,0,3.43593704540141e-18,2.47264405997664e-20,0.0402285607347822,0.0040817851985432,0.00396937620395702,2.54568141047735e-20,0.000295751616939862,1.02469615624186e-19,6.07016166825436e-18,0,0.0010271506792787,1.53215963478288e-19,0,0.0091821036912396,0,0,0,0,2.31588402991224e-18,0.0755504116631183,2.56151450913851e-18,0.00112117415965443,0.00326994132828143,0.00449212445760581,0.00679028900933244,0,0.00679028900933244,GSM3758052,GSE130970
0.0549671189793043,0.000892133045465187,1.49055655448383e-18,1.93793271187361e-19,0.0443232407188804,6.15276446415561e-20,0,1.83871727796913e-19,0.00613037897274552,4.25894332247608e-18,0,5.53702540658838e-19,0,6.8437701059948e-19,0.00822785646723965,0,1.06774544325901e-19,5.33550144940905e-05,0.000793809541510769,1.32145541375383e-20,0.00109845283165813,0,2.54970620480896e-20,0,0.00618175750296977,0.00888062250316093,0.000331661266301415,0.0481924751490904,2.22930157804081e-18,0,2.09159177323533e-19,0.00974053293983513,0.00914577560385138,0.000802633749145025,0,1.81873486834882e-20,0.000199887939716235,0,0.0281603630243668,0,2.24911696539651e-18,2.99935636805279e-18,0.0348417413645869,0.00430982877523056,0.00139830980876236,0,0.000146040253483535,0,2.94807434960981e-20,0,8.82892363726203e-18,2.27861280973166e-18,1.28498299875319e-18,0.00551274141762382,0,0,0,0,2.71769178478513e-20,0.0257879441626103,2.17726565220007e-19,0.00160892053525142,3.84976365620702e-20,0.00259207834060588,0.00649368862655676,0.00408617169004654,0.0105798603166033,GSM3758053,GSE130970
0.0492398837086208,0,1.25577766731962e-17,0,0.0478341234475313,7.13558975654149e-20,4.78266298566936e-20,9.56113340404252e-19,0.00867212801400162,1.55363067865451e-18,0,3.38188135969367e-18,2.38981746832091e-20,5.12205404149784e-18,0.00123514886805271,0,0.00408564709074863,3.31341232062871e-19,0.000186171088755461,3.34585134135429e-19,2.9519975599115e-23,0,0.00057582757998595,1.74533197590573e-20,0,0.00669334897199522,2.53993401254745e-19,0.00903239177426554,9.6191221238434e-19,0,5.33753500943499e-20,0.00475231395305722,0.00513276884526115,0.00224138742578695,0.000996789376316032,0,0.000371149134971692,0,0.0129216993251024,0,0,6.48387726332446e-20,0.0656961485129447,0.00450982699704558,0.000302311594225246,4.42307337753937e-05,0,5.20629968911353e-20,4.99005378959823e-19,0.00345565711221765,0,0,0,0.00465893477827362,2.08920693986715e-18,2.39776379333941e-18,3.87632080122005e-20,0,0,1.08492937628103e-18,0,0.00461672399221702,0,0.00453750402317555,0.0038327355529155,1.47599877995575e-23,0.0038327355529155,GSM3758054,GSE130970
0.0608985814865017,0,0,0,0.043193608866422,0,1.32560823590219e-18,1.98034155239663e-18,0.00665640361886652,5.04899645958842e-19,6.77502411673595e-20,4.98555681986527e-19,2.80643712657844e-19,0,0.00297610675285953,0,0.0172431817139993,6.4350574665813e-19,0.000671790224816517,3.77023492599739e-20,3.12577070277867e-19,0,0.000224873138945621,0,0,0.017842809803542,0,0.0243236569588415,3.96072425000485e-18,1.83749650703433e-19,0,0.00337976451313519,0.00369394586963221,1.68096160031308e-21,0,0,0.000324312733200153,3.39319347225493e-19,0.0170680986144462,0,1.05392014907018e-19,7.58271922002774e-19,0.082673931309247,0.00241193848474109,4.86688603489658e-20,0.00231898333549675,8.42427361014155e-05,4.00724966832186e-20,2.60679527154294e-18,0,0,1.63692958625226e-18,0,0.00569538075115002,1.39148672762856e-18,3.10151186056088e-18,8.46004922907413e-19,0,0,0.0303404680213508,0,0.00811006662286919,0,0.00404917423259746,0.00225317634209013,1.56288535138934e-19,0.00225317634209013,GSM3758055,GSE130970
0.0338539623529379,0.000370792394057437,2.70779975356354e-18,0,0.0356503567038418,0,0,7.44602409224281e-19,0.000577152294272038,0,1.50784624441213e-21,0,0,4.26747351400527e-19,0.00656975673207035,2.07847814043848e-18,0.01497055050736,0,1.50735516079637e-19,4.08539715810704e-19,0.0045580466728917,1.45265004858844e-19,0.00135699890980299,7.69009314479167e-24,0,0.0168226986274417,0,0.0297054984901247,8.22186502305921e-18,0,0,0.00780498913323624,0.00803475842692398,7.43216777351759e-05,0,0.000844294974502263,0.000529054403225129,5.82894458949079e-18,0.0267558794582918,0,0,2.40609345099857e-18,0.0701020030118143,0.00643236280190541,0.00254614120996698,0.00124217133422776,0.000195481639076931,0,1.99721052071446e-18,0,1.12180652346272e-17,5.80971416799518e-21,4.0299631188393e-18,0.00445970225171837,0,0,4.72015974278639e-19,0,2.88781355355465e-19,0.0358914251096613,3.5079213446776e-19,0.00321318088260685,0.000410629278910397,0.00295317509936939,0.00520332608882416,0.00246441953347457,0.00766774562229873,GSM3758056,GSE130970
0.108739536860843,0,0,0,0.0306328806536996,0,3.81333382712605e-19,1.24208468258023e-20,5.27417083211181e-19,0,0,0,0.00173480473311034,0,0.0121581978792303,0,0.000689701247011985,1.80785682927178e-05,2.69645178495729e-19,6.58307063814524e-05,0.00650820298683215,7.86341401163468e-19,0,0,0.0192049471906371,0.00798749724415052,0,0.0140957080150578,0,2.22372476619981e-19,1.42988255097264e-20,0.00947777474043918,0.00963385692117699,0.00192084546374457,0.000999269282745347,0.000120546714629098,0.00073302162216806,0,0.01348391162346,0.0031820051082732,0.00159231311918621,9.4513090470851e-19,0.0274446722014882,0.00510158502653477,0.00330559130408153,0,3.44158456720438e-06,0,0,1.98523570080328e-20,0,0.000149977185371757,0,0.00590756115328969,1.69114944793413e-18,8.90568570510571e-18,0,4.10675140371684e-20,0,0.0379508860493836,0,0.00669121624977875,1.41467785517773e-21,0.00572008437925852,0.00809012523250146,0.0128565750887346,0.0209467003212361,GSM3758057,GSE130970
0.0656701912219551,0.000364958730671658,0,0.00028291075814548,0.0402240068625493,0,0.000167127876227823,0,0.00848450399921832,4.16102377002432e-06,0,0.00137223830508066,0,1.36663814494343e-18,0.0152241772777874,4.60844169954299e-18,0,2.23204537965799e-19,0.000260654517062078,2.72298230620554e-05,0.000138638330976386,0,0,0,0.0260428206241913,0.021801715500135,0,0.0229116441389968,5.06030109758776e-19,6.26001157562704e-19,1.1881618556856e-20,0.00655063656104996,0.00107234948442195,0.00441021035198022,0.000722859792706196,4.00345481751447e-20,0.000521828631340155,1.74137738158019e-19,0.00802543990618907,2.19380846233444e-19,0,0.000693234655335342,0.0716544208549529,0.00155735332046261,0.000149481507527999,1.32899226018105e-18,0.000542053176023609,1.05663085974862e-19,2.69921119104711e-18,0.000747719541374432,0,0,1.96753090619202e-19,0.00671237523242685,3.43899238144437e-19,5.82909072629456e-19,6.64465427752961e-19,0,2.20134656402853e-19,0.0414697854352352,1.35378516137317e-19,2.31655511241946e-19,0.00100916062927502,0.00278423172914657,0.0059705834933629,0.0132732088429197,0.0192437923362826,GSM3758058,GSE130970
0.0198003879000683,0,0,5.56439120822277e-20,0.0380773447243084,4.38606904748272e-19,3.24375003088861e-18,0,0.000857277183287586,0,0,0,3.46346915781821e-19,0,0.00618741360566205,0,0,0.00199960746984427,1.34271224638606e-18,2.33366810110104e-19,0.00168169970132318,0,0.00326125723403286,0,5.49905640332676e-18,0.00529772727634297,7.5854138000215e-19,0.0191929186873833,1.69548673463819e-18,3.38731865290927e-20,0,0.00586077724664442,0.00502776602027137,0.00311126307487795,0,2.05179452766361e-20,0.000489043488026611,0,0.032010429466668,1.81586551594103e-18,2.22671079695505e-19,5.80366451260624e-19,0.0954679256424736,0.00555649704505768,0.00186973724720443,3.83044128324346e-19,0.000253251681381257,0,3.42743621360605e-18,0.0039201772566159,0.012678315051997,8.91558476735509e-20,2.29180020568446e-18,0.00626717893841588,2.12405138494495e-18,0,0,2.20064576765295e-20,0,0.0311093249305666,6.13789477514116e-19,0.00947059708180124,0.00342966096402111,0,0.00390718483109628,0.000840849850661593,0.00474803468175788,GSM3758059,GSE130970
0.0503553611668832,0,3.47073356821048e-19,0.000448900005091816,0.0554622818944061,0,6.2523736306934e-19,3.28547137984627e-19,0.00322835674808443,0,0,0,0,2.27446376779681e-18,0.0101114381662153,0,0.0193468113896316,4.16757913568419e-19,6.52726666968296e-20,0,0.0011027149527808,4.09636390157529e-18,5.26369499183898e-20,0,4.20421202743212e-18,0.00689108440486349,0,0.0192442251379743,2.59065442873935e-18,1.30226888754752e-18,0,0.0148762264368502,0.0109037363533741,0.00140460556241293,0.000834763449062828,0,0,0,0.0249724125488831,1.22389866974331e-18,0,2.64575707135967e-18,0.0511713605597513,0.00714669176757337,0.00355916865939416,0.00372782419234712,1.58822568784089e-05,2.36370285091774e-20,6.29608905310702e-18,0.000503018575791234,2.20199961761188e-19,0,6.65987432278762e-18,0.0042413085708778,4.3523016228078e-19,1.22515487302581e-18,0,0,0,0.033177613917171,1.01493122959584e-19,0.00353240688427645,2.63883324301685e-19,0.00639349888864866,0.0107732599273365,0.0005513574763904,0.0113246174037269,GSM3758060,GSE130970
0.0218250107371744,0.000276598137096876,0,0,0.0147896043443287,0,1.90792764008852e-18,0,0.00854408615257108,4.36567289564719e-19,0,2.68091520639156e-18,3.04326122752231e-20,0,0.00686371183002791,0,2.29319568541498e-18,9.07509229389687e-19,4.41293671015121e-19,1.94869118272726e-19,0.00366958067948802,1.26619035276251e-19,0.00116077451386235,0,0,0.0192522225015858,2.70055374471034e-19,0.0401068604752395,0.00339665561954508,0,6.67683765034296e-20,0.00385157510856497,0.00371093823435089,0.000869179887891083,0,0.000451532878225538,0.000334015295835343,0,0.0199213850438817,0,0,0,0.0709080269445738,0.00354697116408182,0.00285573117159157,0,0.000627368522763549,0,0,0.00192295623120896,0,9.09393933478676e-21,4.7741704795776e-18,0.00666390104613377,0,1.68390852956651e-18,1.32719055978169e-18,0,0,0.0341866977021163,5.74957190782432e-19,0.0064607071146669,0.000565545848766617,0.0024665800734668,0.00256771673904331,0.00197308940829245,0.00454080614733576,GSM3758061,GSE130970
0.0357161443992071,0,0,0,0.0304962794143103,0,5.23669493735917e-19,0,0.00382861529493722,0,0,9.79064917022035e-19,1.22377782120829e-18,6.69230543159023e-18,0.00847706281404817,2.59429318899345e-18,0.00217623540439542,0,0,7.49451116076412e-21,0,0,0.00175794488906483,0,9.8375528748199e-19,0.0145341921314871,1.6643819282428e-19,0.00465058707368149,0,0,3.6352291623872e-19,0.00296889395971515,0.00101310102404768,0.00131958055084895,0.00148757579737385,7.72956117133784e-20,0.000265624936029372,0,0.0223266518879714,0,0,0.00155174735530446,0.0726926508222209,0.000919505954119042,0.00068763467623744,8.61844627649886e-05,5.15146929977094e-05,3.33056946911286e-20,0,0,1.0182177465763e-18,0.00212093000460572,3.40717642201506e-18,0.00894272734015979,0,6.96003600579829e-18,8.5881980536504e-20,0,5.58236414804589e-19,0.018735340043374,7.45559250353404e-19,0.00384662976995259,6.1903176636313e-19,0.00237776763649095,0.00297097983805933,4.91877643740995e-19,0.00297097983805933,GSM3758062,GSE130970
0.0730479984755182,0.000852401369994274,2.2789716614776e-18,0.000363796150789521,0.05174925066511,2.56727712568968e-19,0,1.06821445100445e-19,0.00701152749442547,0,1.93789992767278e-20,0,1.68500430906074e-19,0,0.0110057388994759,0,0.00409636579395906,0,1.36520089914918e-22,7.15455673691889e-21,5.92446057115635e-05,0,0,2.44200466488963e-20,0.000655581047125981,0.00995778656155117,1.12327430370716e-20,0.0314619782728827,0,0,0,0.0132612622360446,0.0123847248680511,0.000118213032480644,0.00200340602991584,3.38566248244171e-19,0.00120966405444965,9.93226890865416e-19,0.012317446084045,0,1.19186795780568e-19,0,0.0222244961380554,0.00202024354678714,0.00103265042800724,0,0,0,3.4242400158718e-19,0.00185532388544053,1.28138154958053e-18,0,0,0.00469074427554472,0,2.81732682391632e-18,0,1.61924807965229e-19,0,0.036266740522816,7.93219964050257e-19,0.00044392676025686,0.00489318630404627,0.00602125414421415,0.0104189762778333,0.000783613511415909,0.0112025897892492,GSM3758063,GSE130970
0.0372094804300536,0.00110174447902625,0,0,0.0570889860363206,0,0,0,0.00473847521371828,8.35518332447243e-19,6.38689068158717e-20,0,2.30195350608219e-18,0,0.00547706538074636,0,0.00443971114638904,0,1.55600111040023e-20,9.40351984860765e-20,0,4.39130170919164e-20,0,0,0,0.00387124213287883,3.29043418778132e-20,0.0343728548148455,2.9700301754162e-21,0,9.71343837678443e-20,0.00507098116173122,0.00373687894820394,2.47385941130293e-20,0.000510860062375172,3.0362029143871e-19,0.000161231653969421,0,0.0208978501687645,0,0,0,0.0463292283189977,0.000428131039429403,0.00254886703463956,0,0.000107528826775359,2.59211735752678e-20,2.26267893070676e-19,1.25987092144469e-19,2.08222066579942e-18,6.8639260626667e-20,1.49788108675142e-18,0.00522425740541063,1.85720269295641e-18,0,1.08166587960241e-18,0,2.88117953706274e-20,0.0081275508524356,3.59408001101677e-19,0.0029176484116048,3.81526741229888e-18,0.0122765102040559,0.0037212274827376,0.000550872239513126,0.00427209972225072,GSM3758064,GSE130970
0.0572631807736683,0.000816076269204987,0,1.44023921920265e-18,0.0298406325690994,4.77237504662444e-20,1.12476048150666e-18,0,0.00268492544150807,0,0,0,0,2.21724658707489e-18,0.0103159313820035,0,0,0,8.87274177702324e-19,0,0.0043698451126083,0,2.08132926941868e-19,1.1461119435357e-21,0.000670741454043999,0.0105580387169796,0.000768400785856335,0.0723515669376181,0,3.26035708762071e-19,0,0.00368302114419665,0.00444061957258984,0.00185332730234308,1.13566352856808e-20,0,0.000620068182895448,0,0.0293566489077187,0,0,0,0.0689539844847727,0.00538938480815894,0.00383558299021016,3.86617281737476e-18,0.00064589217697842,0,0,0,0,0,5.33982387978778e-20,0.00733831374244455,5.52178229354162e-18,1.11720663946445e-18,3.96200962415761e-18,0,0,0.030756572035572,0,0.00210829375695366,0.00155663494969965,0.00313306630090175,0.00245534742946443,0.00292833141792864,0.00538367884739307,GSM3758065,GSE130970
0.0415488566860694,1.41867398373454e-19,3.42402916158409e-18,3.16819704298491e-21,0.0386438659654524,0,1.7762148991695e-19,0,0.00617727739901848,0.00332657010741305,0,1.62232126515248e-18,0,0,0.0191029920345383,0,0.0128083868561472,0.00122688953098009,2.42716265160469e-19,0,0.00381499176146626,2.91831780794871e-20,0.000248457827582093,0,0,0.0153175328013133,9.23321450378887e-19,0.0151475087520146,0.00867684568605475,4.17855194272293e-19,0,0.0126406566239304,0.00754232475313548,0.00275141820444773,0.00115958170026056,0,0.000202224860229029,1.15171068146083e-18,0.0192318296253136,0,0,3.30898276647189e-20,0.0440466584122429,0.00588113506904539,0.000268697050896979,0.003411039400793,0.000156303598205393,2.17947400181193e-19,0,0.000517335770792901,4.07804428534737e-19,0,0,0.00712359865096964,0,4.8924832743406e-18,0,0,0,0.0661025390096032,0,0.00694495291006799,0.00326423144260039,0.00237674073702926,0.009200158882794,0.00190749588073313,0.0111076547635271,GSM3758066,GSE130970
0.0202976938445858,0.00050323649575367,0,0,0.0440699411524067,3.85536632534306e-20,1.44817555329718e-20,1.73886648597391e-18,0.00804866241693744,3.91952503323543e-18,0,0,3.88868278076611e-18,3.01934392213116e-18,0.00143499637293015,2.20368920320702e-18,0,0,1.72217039947541e-20,4.00991276017781e-19,0.000202023904435003,0,0.000203341614753867,0,0,0.00204322418730231,9.1863900675709e-23,0.0419732624187503,0,1.38937838414105e-19,4.18138874665698e-20,0.00175734678275589,0.00491749779422883,0,0.00177768838346291,6.6391602544336e-20,0.000527657344310273,7.69120806992947e-19,0.0270106547738278,0,6.53428448153886e-18,1.16640345242475e-18,0.0469155543682195,0.00364453656004065,0.00306326994362561,6.24742432705619e-19,0,0,2.46052940070415e-19,0.00727239322088171,6.38736193444202e-19,9.82223513328764e-19,0,0.0104231684331976,0,0,0,0,0,0.0276813061851081,1.37642484892688e-18,0.012635527580276,2.33267465676191e-19,0,0.00235669011081254,0.000352630200094336,0.00270932031090687,GSM3758067,GSE130970
0.0310909592397983,0.00228635885300225,0,0.000333663159010505,0.0451532408358995,2.5895074072342e-20,1.57855433392742e-18,2.13089992705127e-18,0.00604679270967423,1.79171763296846e-18,0,4.4930620915053e-19,9.89036920093405e-19,1.00955494479653e-19,0.00916857756613539,7.13390945646045e-18,1.56347101253364e-06,0,0,0,0,0,0.000453603325874834,0,1.90602224538839e-18,0.0121574577594051,1.91655007123952e-19,0.0191634590708368,0.00109536015166957,0,1.41085573265681e-19,0.00549063970144726,0.00424935077802315,0.000557359173386379,0.000923346388706354,3.46638875783666e-20,0.000660155211567819,0,0.0297468093218012,0,0,6.18079366795488e-19,0.0360929442483782,0.000509924664671754,0.000759182570961896,6.70044166865019e-21,0.000277101943613347,0,0,0.00201774961417341,0.00211410014832393,6.89118202951429e-20,4.47635817851061e-18,0.00983385649147191,0,0,0,0,0,0.068586517843937,5.16038503035915e-19,0.000612056440087426,4.57165903299896e-19,0.00506429749810643,0.00449843283277608,0.00114317942650113,0.00564161225927721,GSM3758068,GSE130970
0.0835733527044284,0,0,0,0.0382175240142277,0.000444898484056927,0,1.96292855366382e-19,0,0.0170963929388569,0.000783860919094326,0.00766222716497986,0.0122866994128093,0,0.0340685415929744,0,0.00022998826265694,0.00171139099993513,0,0.00116018802498792,0.00602533259652862,0,0.000117728530382146,1.64456867169748e-20,4.03321676692983e-18,0.0236606830783483,1.95416459394062e-19,0.0346885171977027,0.0152277646983229,0,0,0.0137004853682361,0.00631455564707502,0.00379683389332946,0.000801933792331672,0.00105580674591617,0.000472666039137556,1.53484536666119e-18,0.0303129473115854,0,0,0,0.0647538658040033,0.0071638840840047,4.84051656936723e-19,0,0.00043073461058088,3.55714544487238e-19,0,0,1.45667975935777e-18,3.70598096318559e-19,1.65563469285088e-18,0.00904145638507212,0,4.27978674875271e-18,0,6.80646005850585e-20,1.5379242697457e-18,0.117889155982393,0.00068045914184774,0.00718225258102471,0,0.00234685602178583,0.0155498895670237,0.00301266629826431,0.018562555865288,GSM3758069,GSE130970
0.0263668340474251,0.00216165316949816,1.39459449648408e-18,2.30962472023128e-19,0.0391543021917439,0,1.77746067534998e-18,2.02271360599964e-18,0.00517141288074543,1.98408397643698e-18,3.16164349474762e-19,7.11512499965715e-19,3.33320027447489e-18,0,0.014243914974224,0,9.28758337411939e-21,8.71564764104092e-20,0,0,0.00412597672967429,1.26598248817045e-18,0.00175099995969667,0,0,0.0177398632017116,1.0337984644187e-19,0.049173145657524,0.0184108977258992,0,0,0.000762447993462013,0.000902268073662757,0.000258436644785301,0.0003539346652916,0.00060043372829053,0.000872680894233189,0,0.0200311362075356,0,8.32530394140177e-19,0,0.042908002420611,0.005909950969841,0.0122702624571179,1.42916279761504e-18,0.000256134629453205,7.3418277624858e-20,0,0,2.37518181156809e-18,8.80776442119175e-19,0,0.00602631389075169,6.7391366977515e-19,5.26257570208612e-18,1.4007908337233e-18,0,0,0.0125633375362737,1.97133900897445e-18,0.00345069381224377,0,0.0088105390352193,0.000744255105835746,0.00314381494958623,0.00388807005542197,GSM3758070,GSE130970
0.0283720431407951,8.24474580110869e-20,0,1.75763862128138e-19,0.0541364172411099,3.68453593138654e-19,9.40561309857774e-20,2.22427942706452e-18,0.0142251966651795,5.26837818311123e-18,0,3.15026884281243e-18,0,1.4684738836578e-18,0.00510238139118452,2.30768315250959e-18,0.00139661946918259,4.22778950141468e-22,0.000916370488508611,1.23001760792631e-19,0.00116004254204652,0,0,1.63305813107663e-21,1.41645810311731e-18,0.000682049952728357,0,0.0141549237660398,0,0,0,0.00180363491637561,0.00409899566643563,1.55604003303245e-20,0.00175605487955572,4.43916957218646e-19,0.000342601447997127,1.53994241379944e-19,0.0205474785403721,2.16838849422834e-18,9.80938443409881e-18,0,0.0592750484681339,0.00201922957207688,0.000563604463559945,2.46389008952075e-20,0.000205434870279533,1.14713310270454e-19,0,0.000887725781038289,0,1.09625653673033e-19,4.55416467813557e-18,0.009435731988091,3.14947343898163e-20,0,0,1.82314900352052e-21,3.43908872980057e-20,0.0105416057062477,1.7663778286993e-18,0.00644047292550493,1.30354955740202e-19,0.00185905451166114,0.00237312653062089,0.000580021271023259,0.00295314780164415,GSM3758071,GSE130970
0.0137691521562611,0.00174951614835541,0,0.00310504080845601,0.0343389049792824,3.16690875039885e-20,2.74782017279716e-19,1.70798677665408e-18,0.0116819313233058,7.68544819409682e-19,0,6.43046757164362e-19,4.58466703743352e-19,0,0.00500478699520986,0,0.0132566410908612,0,0.000302594998804539,8.18664828030792e-20,0,0,0.00117770606667536,0,0,0.00902956223314186,0,0.00126003216678935,0,0,2.50023476340475e-19,1.56973788082325e-20,0,0.00106645763565741,0.00389886784192663,0,0.000396063590222437,7.38081737709236e-19,0.0222249963711045,0,0,0.00120006328384194,0.046103899469913,0,0.00316701984628143,0.00533493260230369,0.000390960718716088,2.56881454323172e-20,1.93931673976039e-19,0.00314532189632279,2.09948000228509e-19,2.37194397140938e-21,1.37137885905397e-18,0.00628272502366562,6.05876499771618e-19,0,0,0,0,0.00292506254951852,9.65656623452334e-19,0.00156073265912397,0.00126649926343952,0.00356460530038365,0.00466927243358843,0.000874758074177707,0.00554403050776614,GSM3758072,GSE130970
0.0267348409542408,0,0,0,0.0260888684431351,2.41230294099027e-20,3.03251875804606e-19,6.92814906637522e-19,0.0182958078928827,1.75226384202587e-18,2.24042396469356e-19,0,4.0025665342191e-19,0,0.00239203903489702,2.08430992606212e-18,9.13737029025206e-19,1.01737252745081e-19,0,2.7919328022713e-19,0.00809542479006403,0,2.61019730050613e-20,0,0.0182463595221342,0.00554116388053359,0.00154693408724808,0.0759388904128002,3.31362785897716e-18,0,4.94442595794964e-21,0.00149732271183458,0.00533837619932456,4.78629609212778e-19,0,3.7676013165938e-21,0.000758988060847305,4.2639560282243e-18,0.024856471167868,0,1.78927680087163e-18,4.90038066653801e-19,0.0342775208370936,0.00828934256889347,0.00428364797954376,0,0.000391515259844254,7.82532393497893e-20,4.32836563639763e-18,4.67303916411712e-21,2.4074783914314e-05,0,0.0089484842072829,0.00674687703613256,0,0,0,5.16349311750792e-20,8.48081953297178e-05,0.019679297948745,5.76572277771199e-19,0,0,0,0.000998215141223058,0.0131708921560991,0.0141691072973222,GSM3758073,GSE130970
0.0601021053086483,0,4.17514572488851e-18,0.00304181374075596,0.0257271274839923,0,1.00761252777728e-18,0,0.00515812297942959,1.24217480639667e-18,0,0.000321362054503793,0,3.22305775054373e-18,0.00841357982021128,2.2075237730941e-19,0.0160419192293086,2.8746478799376e-19,1.07491459534689e-18,0.000150752385163523,0.00229936860325244,0,0.00110564291904563,0,3.33745434463596e-18,0.0115696256984049,4.48186205887908e-19,0.012689810774146,1.38702959889105e-18,1.75311421413708e-20,0,0.0053675144101673,0.0025385373562345,0.00150695496228439,2.54957959868403e-21,0,0.000181973234312585,3.03065068292314e-18,0.0234410894162771,0.000966625284068402,1.40227804907079e-19,0,0.0464873901919794,0.00526904723218342,2.07015426920804e-20,0.0037721883534325,0.000191356151387551,1.33268154205679e-19,8.18672976291558e-18,0.00163646372338955,1.1104165762781e-18,1.65126977116343e-19,0,0.00737200746527793,0,0,9.59646891263141e-05,0,4.25545765720097e-20,0.0393300017970385,0,0.00702787638635998,0,0.0066702336867872,0.00592096172706039,0.00114968430162622,0.00707064602868661,GSM3758074,GSE130970
0.0229410829362971,6.56935673226994e-21,1.11946921888501e-19,0,0.0310081171677594,1.02409649920904e-20,6.79584527153553e-18,1.8356871283344e-18,0.00795211539591307,1.76828228385217e-18,0,0,8.39417317935744e-20,0,0.00040984187915924,8.32641632794449e-18,8.19982934773885e-20,0.000958236905863052,1.28546853036406e-21,2.12214454690496e-19,0.00422013790512406,0,0,1.84664866090707e-20,2.65322560668754e-18,0.00402255362001901,0,0.0858114315604985,0,6.95874981045288e-20,0,0.00115040558103116,0.00300412485673973,0,1.41147814882546e-21,9.23420953844764e-21,0.00100971745818685,0,0.0366108819616802,1.01496828946069e-19,1.81699667131351e-18,3.35160616708153e-19,0.0564940014577886,0.00816776342633034,0.00212690829458353,3.96817900363363e-19,0,1.95401197028129e-19,0,0,0.00259813190527478,0,4.28367081170491e-18,0.00771811157349828,2.86452180460149e-19,0.0035644643596104,0,0,6.39060098453518e-20,0,0,0.0114778337179547,0.00165733330324406,0.00196583343216001,0.000766937054020774,0.00211006895256203,0.00287700600658281,GSM3758075,GSE130970
6.74693757385077e-22,4.67144074817858e-20,0,4.76775936587009e-19,0.039234498598955,8.83021946495579e-20,0,1.06040541012927e-18,0.0187025226479393,7.73417118227139e-18,0,0,0,4.71354143428391e-18,0.00116895631979008,0,0.0203818673917793,0.000153294369177046,0.00216169065931909,1.02716481485872e-19,0.000673237581898163,2.20535679276796e-19,0,0,1.18978648419e-17,0.0071828412743366,2.25559302100859e-20,0.0660250076481581,0.00724105103734607,2.86369198855122e-19,0,0,0.00104119521839326,0,0.00104318377793183,0.000108776215524086,0.000688741638710972,1.34725375857403e-17,0.0239219333962367,0,3.78024268041386e-18,2.59046878889326e-19,0.0534237933245305,0.000782539597646847,0,0.00292414630801096,0.000552953527099082,0,0,0,4.78962703953796e-18,1.19321260141847e-19,4.02251752295167e-18,0.00349774350292067,0,0,9.95262053002364e-18,0,4.48580000500997e-20,0.0464956107499131,6.7223182749966e-20,0.00833434610405008,0.000190057441987867,0.00750438244849704,0.000695455851954559,0.000336618790949087,0.00103207464290365,GSM3758076,GSE130970
0.0116267638009891,0,0,0.00325616766857964,0.0201141059463334,0,0,0,0.017868903380784,1.40162267331938e-18,0.000367204560922469,0.00807723152910378,0.00247810791806923,3.06261762478011e-19,2.05780007601527e-20,0,0.0205648058887767,0,0.000308506511699699,0,3.94531763560176e-19,0,0.000822177853426793,0,0.00554854160567672,0.00729412812873317,3.45777730128711e-19,0.029727253949333,0.00132068095371187,2.80684471925749e-21,0,0.00380039830965508,0.00241368032825647,0.000409280206062802,0.00194431313070023,1.56030689384327e-21,0.00094835945564169,0,0.0170231493537968,1.09589383638795e-19,3.27641757711767e-18,1.57822035526556e-18,0.0513520433751818,0,0.00127299802722304,0.00568298753160863,0.000158229525634628,0,5.99844416199778e-18,0.0037924234310246,0,1.59482440349347e-19,0,0.00296073722306652,0,0.0008056475034025,0,0,0.000769455508699696,0.00571923116908618,0,1.0752668682474e-20,0.00089790236094708,0.00604447197957773,0.0113854070920258,0.00277427080283836,0.0141596778948642,GSM3758077,GSE130970
0.0490951179795527,1.48981547287781e-20,0,0.00115413002952892,0.0318096411654608,1.39869041754193e-19,3.19967833725514e-19,7.80870299082253e-19,0.00212485599322523,0,0,3.59613064991431e-19,0,2.57597805287416e-18,0,0,0.0109567122765054,0,0,0,0,0,0.00105129675523883,0,1.18364791798042e-18,0.00933582020475308,0,0.00455608673838414,0,1.28446214232794e-20,0,0.00947471449612218,0.00916891218063093,0.00129919897460037,0.000937241869210107,6.74727181415933e-20,0.000464177343129006,1.00498536198188e-19,0.0215937791348926,8.60151635871577e-19,1.64245761054059e-18,0.000481398516279684,0.0433080504885078,8.54644135257212e-20,0.00188156625982,0.00412012111917614,0.000156051111657699,3.8516502400058e-19,3.36035728967955e-18,0.00225966538643182,0,0,0,0.00821245169578205,0,1.05225379907618e-18,0.00170992903240833,6.57103685718113e-20,0,0.0585937279385576,7.40824334925104e-19,0.000622046386869132,0.00244615714064483,0.00655209618099176,0.00771072426324081,5.99273036354598e-19,0.00771072426324081,GSM3758078,GSE130970
0.0122857650130168,0.000889579889530094,0.000706335013068941,0.000791931991674567,0.0338991623062313,0,2.04611995698127e-18,4.57878495633858e-19,0.010998016149729,0,4.78028420741233e-20,2.40982518421866e-19,1.65374456103515e-19,9.37118330952904e-19,0.00334565665763706,0,0.0169098606422936,3.15903454820844e-20,0,0,0,7.00661636296333e-19,0.00122601323859235,0,0.00329730101923809,0.00581195146974713,5.51246297925929e-05,0.0132159448235305,0,2.75501412767995e-19,2.4174960980198e-20,5.85134737629098e-21,0.000309411833533327,0.000723370651216753,0.00423457116800559,7.87393472347226e-20,0.00104694068445274,1.45070910232887e-18,0.0175120341649256,0.00174638449074065,0,0,0.0364717234675916,3.4992889963606e-19,0.00122506600718453,0.00455626217004794,0.000150973894105872,1.41771380990985e-19,2.07531953327754e-19,0.00136062631592968,1.16265689581056e-18,1.27885019657745e-18,8.91488531171026e-19,0.00272819465353924,3.06059204710957e-18,0.0040761632979195,0,0,0.000316009783381657,0.0117263430503266,4.94942248963122e-20,0,1.35361546948365e-18,0.0065535162157046,0.00335100210645344,0.00209344045438409,0.00544444256083753,GSM3758079,GSE130970
0.0348338435254128,2.783566594267e-05,0,1.43129744329485e-18,0.0317143157921675,4.78213260962309e-20,2.03774521714128e-18,1.51111031357052e-18,0.00858770400140615,3.65273966199424e-18,2.13574960703252e-19,5.47672034887772e-19,2.19154898528215e-18,5.64808946686204e-19,0.00666734166908141,8.72657605322692e-19,0,0,0,0,0.00131009579155386,4.00744776745925e-19,2.83164633370141e-20,0,0.00411416855543402,0.00805526252315034,0.000956735225597371,0.0666355501177873,1.12969359952096e-20,6.09315922375061e-21,2.57211958142763e-19,0.000625371933121592,0.0026678915863336,0.0009847579159942,0.00177133996847091,6.40489058406321e-20,0.000478656956560936,4.4919823580658e-18,0.0210302195673706,9.61198897996059e-19,1.38684516543527e-18,4.43813063329035e-19,0.0668527985881756,0.00344060582093019,0.00275640260522165,0,0.000852298318428723,0,5.82213011546729e-20,0,2.45839567436341e-18,1.2341325559098e-18,0.00642822944798537,0.0063055383196322,8.663003933098e-19,0,0,0,0,0.016477243760365,0,0.00207033081975164,0.00121886623400291,1.18659437990224e-20,0.00159780793439501,0.00272605000646527,0.00432385794086028,GSM3758080,GSE130970
0.00450198536746544,0.000783609328808981,5.68410498730902e-19,0,0.0539793696529579,1.6581318174624e-19,1.65923774493421e-18,1.64827183137645e-18,0.00859889861016215,0,3.32774983396227e-19,0,0,0,0.00258369339181826,0,0,6.48931912254998e-19,1.43283288301474e-19,0,0.00127830951435665,0,0.0012080250893546,0,0,0.00809671240516942,0.00175692782783729,0.022314839274112,0.00477130269481391,0,0,0,0.00123739202833233,3.52155981189602e-19,0.00199232145022424,0,0.000441858553598435,0,0.0299990275549582,3.27931784837081e-20,8.28460150501303e-18,5.1409212837144e-20,0.0463260365389702,0.0014589134445868,0.00425501787062711,0,0.000672559725535474,1.72854081375042e-19,0,0,7.18394104431893e-18,0,0.000113317373961342,0.00825153645079491,1.28093689749433e-18,6.01814163834453e-20,0,6.10206772370163e-20,0,0.0304376363919128,1.1191671150274e-18,0.00562142887110627,4.87044795447417e-18,0.000979242201218113,0.0013282143001495,0.00103095942158281,0.00235917372173231,GSM3758081,GSE130970
0.0367983586143436,0.000858357711928506,2.44882025416948e-18,2.19666031845889e-19,0.00450737065812085,1.62425225262816e-19,0,0,0.0014907479316987,1.29109057399815e-18,0,2.01891065122946e-19,1.54211520598573e-18,0,0.00373614448655578,0,0.00241837005335176,0,1.23187240569209e-18,0,0.0086710845250356,0,0.00145232775191769,9.33320953246043e-21,0.033976104341769,0.0114027476108993,0,0.100917945849357,1.44657054080365e-19,2.22550221646305e-20,0,3.09898973186955e-20,0.000647727465903302,1.07996806734196e-19,0,0.000703466929585467,0.000205252577619874,1.44407410868522e-18,0.0285357747043242,0.00678966814530122,0,3.76741634312155e-18,0.028618986535253,0.00841471336994944,0.00435728310413452,2.36547043695356e-18,0.000374860658959979,0,0,1.04370120282968e-19,0,0,0,0.00683109553775672,4.38855699899797e-18,0,0,0,2.0017471490184e-19,0.0353237644483817,0,0.00401863973365488,0,0.00481061569213721,3.01697996191687e-19,0.0217527732893665,0.0217527732893665,GSM3758082,GSE130970
0.144187659183702,0,0,2.52599998982903e-18,0,1.10753666295584e-19,2.415598332764e-19,1.26469642594206e-18,0,0,0.00120827184767603,0,0.00353768221166307,1.76086254698471e-18,0.0268626544901309,0,6.33594371446259e-20,0.0162513776854317,0,0,0.0196391957536338,0,0.00115761736443114,2.50213932783081e-21,0,0.0763159609239055,4.72924519181479e-19,0.10676472255307,1.66440235487831e-18,0,0,0.0289640200273444,0.0144140489567296,0.012524040376437,0,0.0026188247133616,0.00145397601902005,0,0.052081679803809,0,0.00890186595562564,0,0.108831529649661,0.0233068105382462,0,0,0.00052905614583331,0.000865355675022104,0,4.51299702424445e-05,0.00310815708108319,0,0.0140384572966347,0.0126280761541045,0.00235413628753367,9.52889841348939e-19,1.1920516480963e-18,5.13729636692694e-20,2.31842830557799e-18,0.24231593575248,7.811403335933e-18,0.0168314437063716,0.0165106848846217,0.00177942225365306,0.0258208277719948,0.0098195978768169,0.0356404256488117,548nash1,GSE162694
0.143411116479426,0,0,2.84090894450305e-18,0.0277939703764468,0,1.0461697769235e-18,0,0,0,4.66181207313666e-21,4.50514079337207e-19,0.000693012112336892,0,0.0138099148816123,8.82224749512626e-18,0,0.0207985856570597,1.77624846188708e-18,0,0.0327519854478806,0,0,0,9.21367764161845e-19,0.0628241108552493,0,0.118153443644651,6.22623105141482e-18,0,0.000574403793437107,0.024841409735629,0.013703161525282,0.0130561044338655,1.16812423209939e-19,0.00285093560872349,0.00166781119862475,0,0.0322377891583161,0,0.00682279922060402,0,0.13990470522002,0.0349700048163584,0.00483746828589756,0,0.00179801975322294,0.000663906275115325,0,0,0.0110369452920844,1.10896406910026e-18,6.01568054482838e-18,0.00800416868696209,0.0020295508805637,0,0,3.91576811778575e-20,0,0.171753071792051,0,0.0100009094457645,0.00785372496119392,0.00114442377016639,0.0215520768208989,0.0163759927239403,0.0379280695448392,548nash10,GSE162694
0.02980564650505,0,0,0,0.129890550888334,3.41353211138618e-05,3.74367740530679e-18,0,0,1.130924485198e-17,0,0,1.9749603145387e-18,1.33541939303804e-17,0.00986672962105784,0,0.00416639260678188,0.0399260913246674,2.38513546473164e-19,0,0.00500263098018725,1.2052880542282e-18,8.09008951697425e-20,0,0.000912948274955187,0,0,0.0939226156025144,0.0165981671871546,4.03171390677055e-19,3.33605379677762e-05,5.34875644560105e-20,0.000364330787648658,0.00273473360359265,7.36483692588343e-21,0,2.75675994771223e-19,0,0.0290390624939657,0.0106006050311082,0,3.73103742814976e-18,0,0.00613115783740723,0.00473327907115407,0.00286530464530833,0.00364847096985674,4.43290081141499e-20,1.34976844873108e-17,2.09325689416441e-18,0,0.0072955550269882,0,0.00281098740029727,0,0,8.76870449371236e-19,2.07687017346711e-19,3.42307566494429e-18,0.196499010572832,0,6.34451136491219e-18,0.0379435313554282,0.0550999270339473,9.87210263402334e-18,0.00295778962757122,0.00295778962757123,GSM4957323,GSE162694
0.125585684023248,0.00104349877560876,0,0.0128696412822005,0.0159851334659241,0.00284035919740256,0,1.68008547406394e-18,9.04910916753737e-22,3.89894409049468e-19,0,0.0231493615463502,0.0184454308195695,1.85411917330909e-18,0.0432980280947628,0,0.00360236489997134,0.0442820478365764,0,0.00254289995617162,0.0180399963856826,0,0,2.47060545186844e-21,0.0431503716526864,0.0347529511443568,0,0.051198639628903,0.00633940867266149,3.27647665235418e-20,0.00176363405590721,0.017473587552559,0.0100273371743113,0.0148625822787439,0.000416777201290107,0,0.000845983389510708,3.05938485668128e-05,0.0201074089565416,0.0131899877481864,0.00368945123265783,0.0125569244486845,0.00956880393676146,0.0126437525296589,0,0.00401391619852289,0.00240311786925575,0,3.85245865806645e-18,0.000968279484525048,0,0,0,0.00333376177457463,0.00762913697840754,0,0,0,1.54880435129944e-18,0.204264291874882,0,1.74405692369068e-18,0.067131758395534,4.0517791270723e-20,0.0400944791808196,0.0311169334069889,0.0712114125878084,GSM4957324,GSE162694
0.0894623461074077,0,2.93272160378514e-18,3.874616280105e-22,0.102202204870116,0,2.8831299292309e-18,0,2.4785923469891e-20,0.00867985024180519,0,0.0417803631858744,0.00982725754525744,0,0.0305680059736365,1.21698401956692e-18,0.0145697222983528,0.0330315284175082,3.55160389188039e-19,0.00166067400849314,0.0091012424588744,3.62155849467472e-18,5.79481883921943e-19,0,1.40842219688275e-19,0.0136111251817892,0,0.0817757555123979,0.0283807810219567,8.2124001173771e-19,0,0.0175258984694029,0.00721400509834265,0.00940957090929757,0,2.10622794471944e-19,0,0.00236063813992871,0.0120121358096478,8.505767822954e-21,0.00136980605124118,0,0,0.0121476481117935,0.00202716126633384,0.002228988737635,4.43897187435695e-06,0.00689594908973942,0,0.00769883789629791,3.76781252273397e-19,0,8.27013657469231e-18,1.58741479947801e-18,0.0294273598433379,2.93006001896497e-18,2.26673721968999e-19,0,3.47734748422448e-18,0.144963825274755,0,1.30334462400667e-17,0.0651235718822875,0.00784044837908848,0.0461551272031674,0.0045506212294372,0.0507057484326046,GSM4957325,GSE162694
0,0,0,0,0.0937018422369874,0.000196122562194604,1.91151494917661e-18,1.34740212900262e-18,0.0122985608667702,7.04511673414302e-18,8.89313094046246e-20,1.20680983694889e-19,0.00562979237199652,1.57393743932053e-17,0,4.95194701994277e-18,0,0.0509763713746619,0,0,0.00230022587945917,1.640691162422e-18,1.41383417823799e-18,6.78580461338851e-19,0.0627082975407108,0,1.12368848011211e-18,0.0738671115806688,0.00742445114791628,0,0.000532288350329352,0,0,2.5248469056027e-19,3.009909519425e-21,0,5.17987214818605e-19,0.000949078006088941,0.0101586050773518,0.00314848499477732,6.78778634566658e-18,5.05226351584728e-18,2.24025441147376e-17,0,0.00198170198962761,0.0038055414670319,0.00486477319081852,0,3.7944353035189e-18,0.0119298976479972,0.00118158352434846,0.00417746444050911,5.61618534867771e-18,0.00453775211208181,1.06549216883271e-18,0,0,2.03433765103734e-20,0,0.212919971386936,0,0,0.0318045168077557,0.00779588051686429,9.12933722254961e-18,0.032504261710085,0.032504261710085,GSM4957326,GSE162694
2.18078527996399e-19,7.96898897920049e-19,0,0.00328586578940457,0.0777328852979711,0,9.99470259993083e-19,5.93508537956857e-19,0,9.15292889065579e-18,0,0.0112718873234058,7.18945545098274e-20,0,0,3.41290294940912e-18,0.00650873583969343,0.0453711759756663,0,0,1.5888666297566e-18,2.57387449331694e-18,3.68825407081167e-20,1.91584775702975e-19,0.00330748191689437,0,3.9240245814683e-18,0.0347194504145373,0.0194791208437977,0,0,1.08454849705156e-18,0,9.56821606643873e-05,0.004071992485669,0,5.77437150308931e-18,0,0.0169248311081661,0.00625144968368675,1.23695201524073e-17,8.74401316603866e-18,3.5269466216296e-17,8.66711123165514e-19,0.00325040222319138,0.00569021928954923,0.00385175197814817,9.28429786932334e-19,0,0,0,0.00543960797129311,0,0.00682442634905228,0.000262905147853976,8.95920815293003e-18,0.00126938048655851,1.72869812354236e-20,3.45065138216351e-18,0.238416236527383,0,0,0.0313569779380017,0.00886647833018577,0.0124198303989863,0.00165374095844719,0.0140735713574334,GSM4957327,GSE162694
0.0250749747516121,3.5500354683153e-19,1.90389271616194e-19,0.00514386249836144,0.0609394749817333,0,0,0,0.00863118156418838,1.2612412435115e-18,0.00225523222564848,0.0325581398948806,0.0122162189955979,2.2128662619754e-18,0.00802902895067651,3.41165691974051e-18,0.00415273703186101,0.0340689586677461,2.51595302129143e-20,1.539954422464e-19,0.00104671959748617,1.61456205884798e-18,7.40492153788184e-19,0.000274398847061575,0.0263580241082739,0.0321972625734944,0,0.0930860644762505,0.00461793697612391,6.0769783264177e-19,1.12969318455346e-20,0,0.000120660734532839,0.00148465584167419,0.00158855088412883,0,0,4.84416009355169e-18,0.0185080162272763,0.0053253558378565,4.64827116230495e-18,0,4.06629232529698e-19,0.00119566696109736,0.00268925848985726,0.00469187170365334,0.00316522102649783,0,1.25721407476815e-17,5.16398909377013e-05,1.03306746649449e-17,9.63376502164863e-19,0,0.00530396114988991,0.00644733768679489,0,1.17221958684601e-19,0,1.04604416966543e-18,0.160738335286616,0,5.55003243827026e-18,0.0397291034728837,0.0287718775518917,0.0261937021849139,0.01370237185288,0.0398960740377939,GSM4957328,GSE162694
0.0191187690486733,0,1.1198500040452e-18,2.58095840908013e-19,0.0920776259154816,2.92155240673403e-18,7.69823942740094e-19,5.34257792094876e-18,0,0,5.2192592228376e-19,0,3.03267621855903e-18,3.49890100585077e-19,0.0250534998381205,1.03303524706235e-17,0.0114491682759345,0.0410325427460646,8.15866803097292e-19,0.000494412681618678,0.00462624985616582,1.88260637402254e-18,2.48793172152635e-19,0,7.02895643510262e-18,0.0044199623787487,0,0.0621385209272983,0.0305876987161124,4.94739164786582e-19,0,0,0.00118788065170261,0.00673295568048535,0.000893147407121257,4.43515187697045e-19,0,1.22722452127245e-18,0.0356654999195074,0.000467970002357227,4.04893357459765e-18,0,0,0.00852361642078598,0.00447403340262903,1.083764534753e-19,0.00140877244559052,0.000665588235204587,1.81063623529623e-18,0.00073589373028932,0.0285142205695264,0.000767640911989321,0,2.50840936082937e-06,0.00720442034439537,7.54777925679589e-18,0,0,0,0.179968097242848,6.62447381913939e-19,0.01679771702805,0.00814543015147039,0.00513343480422236,0.00136876554929636,0.00231312492808291,0.00368189047737927,GSM4957329,GSE162694
0,2.90559594515819e-19,6.69376323283839e-18,1.01732620025981e-19,0.051831323198637,1.4918441639544e-20,0,0,0.00253427720798961,0,0.0016924371817263,0,3.13327030600804e-18,0,0,0,0,0.0839504476510718,0,0,0,3.22159153290096e-19,0,5.86970579334273e-19,6.26104377230174e-19,0,7.65157698634562e-19,0.0153968494241679,0.00533471559154652,3.63895497416572e-19,0,0.00060799246650851,0.00445708706294959,0.000497131217976324,0.000443759618030783,0,0,0.00534765628381834,0.0295282098625662,4.59796897801424e-19,0,0,0,1.01890547657474e-19,0.00716095647459547,0.000733492185927047,0.00172642882875439,6.82109760282022e-20,2.26181830901439e-17,0.0066728887337079,0.0290234424240366,0.00455608070606784,0,0.00441953662787389,0.0016563795573352,2.80995992543312e-17,0.00897526644521849,0,3.94758674405857e-18,0.298643735547342,1.64157711946726e-18,0.0146307174380795,0.0323269178331183,0.0129178418364924,0.000701168056359544,4.58331985872997e-19,0.000701168056359545,GSM4957330,GSE162694
1.95223436872075e-19,2.22622393986493e-19,0,0,0.0676646501226166,1.62255165510642e-19,5.82623684786464e-18,0,0.00467945271052721,5.94712360418671e-18,0,0.00501964734764674,3.66882165470608e-18,4.96775890574865e-18,0.0062692175769794,1.0354539048555e-17,0,0.0397188432608879,0.00213636810670032,2.60684579364503e-19,0.000331081205746553,1.63666428118788e-18,0,9.63477244287469e-06,0.0212306590339534,0.00593761702588057,0,0.102577117368295,0.0337775744412664,2.33969514843112e-19,7.26474723356166e-21,0,0.000937403188626194,0.00357185266199543,0.00121239159021772,0,6.54069283614823e-20,1.85872419860754e-18,0.0311428027467158,0,0,0,1.03858220029042e-18,0,0.000563765839849854,0,0.0037180989902425,1.03896527453387e-19,0,0.00374013397822253,1.4201570260178e-18,0,1.0942458416247e-17,0.00880937297127169,0.00672191262626411,1.31960767794398e-17,0,0,0,0.186108347711179,6.87474864418942e-18,4.41058997437811e-18,0.0286094266797056,0.0303713980172013,0.00415469262524297,0.01078087011985,0.0149355627450929,GSM4957331,GSE162694
0,1.14682308004977e-19,0,0.000834764933938673,0.0973445639370756,0,9.58072088934022e-19,0,1.85565194945527e-20,0,0,0,1.71849066864594e-18,8.64831517764886e-18,0.00903828021825998,0,0.000956281721296343,0.0442140142767187,0.00067593360891227,0,0.00406828952411746,1.31930206108313e-18,0,0,0,0.036852669647797,6.77486286761096e-19,0,0.056452521876821,0,2.47912538583354e-20,0.00170713190897852,0.00262873465388145,0.00414997202644815,0.00301068883345897,0,0.00183895013294844,0.0023584533925295,0.0286642438310372,0,3.11853899608797e-18,0.00721949632752944,0.0379831779916435,0.00799872039664879,0.00126764926393733,0.00338814576407989,0.0026624194454656,2.39032161821772e-19,2.71560869601244e-17,0,4.19839876873731e-19,0.00354882130909591,0,0.00738726627386407,0.00396416679696271,2.54381575815904e-18,0.00366891151380894,1.04513945225543e-19,0,0.243470318546909,3.96499689188956e-18,0.00836901060516922,0.0409077971034514,0.00891226256084327,0.0037017237842508,0.00203414476205873,0.00573586854630953,548nash11,GSE162694
0.159253351377445,2.68883012921262e-19,0,5.78850832623575e-20,0.0571423819379878,0,0,1.06389434219104e-17,0.00122060600193893,0.00618538818481942,5.16474136115059e-20,0.0199456945177616,0.00796695696414598,2.90697001393617e-18,0.0432539033927594,0,0,0.0337016336751079,2.89260190945376e-18,0.00376477655655087,0.0236592481138804,0,0,1.68238126125519e-21,0.00572404396679298,0.0593238119188095,0,0.151665361834972,0,0,0.000255246315031432,0.0126101689617741,0.00469589403649212,0.0176439908359174,4.54743753421486e-21,0,0.000294778172415681,0,0.0173688662796753,0.00734697220786611,1.65097573927092e-19,8.39976596181731e-19,2.26468491878161e-18,0.0195127209024075,0,0,0.001940333233245,0.000913973985066092,5.85077429756267e-20,0.00488413929257402,4.80507335061521e-18,1.52119651802421e-18,8.95379512778148e-18,0.0011585558858109,0.0102661526517492,0,0,0,0,0.126997903826074,6.15735309260136e-18,0,0.0434268448526921,0.0123744718672477,0.0248230760141017,0.0146916460403367,0.0395147220544385,GSM4957333,GSE162694
0.0544201588317382,0.00190435893151231,0,0,0.00756740997835811,0,8.35616563543413e-19,2.57032483809073e-18,0,5.6209294543473e-18,1.63831582551929e-20,0,3.27059793923696e-21,0,0.0336322955810909,4.62614490577313e-20,1.10071005281735e-18,0.0305028376407646,1.08114506996374e-18,3.94353854996233e-22,0.0373495212749982,0,0,7.46634084126962e-20,0.0267382473331291,0.0894014973716228,0,0.23650081455614,0.00606865538747884,4.46212818973553e-20,0.00239217807139687,0.0110688391715597,0.00629759736701127,0.00937719905594316,0,0.00771504165444413,0.00184446086000636,4.22201350866708e-18,0.0335841555335469,0,3.14229934485101e-18,0,0.0227024401018208,0.0250790785898353,0.00669712245197217,0,0.00393060109657519,0,4.4534012568139e-19,0,0,0.0022715426518311,0,0.00259318382533408,0.00731945980959118,7.49354258414488e-18,0,0,1.55247595304216e-18,0.206933000117063,1.06336564634118e-17,0,0.0193962888786038,0.00712317185875497,0.00737922611437315,0.0329960637698198,0.0403752898841929,548nash111,GSE162694
0.312052212468178,2.15312060942473e-19,0,0,0,0.0059434374615049,8.26393048775571e-19,9.86537220872389e-20,0,0.0122748203082617,0.000436456467793606,0.00998819023334481,0.026333608190852,0.00193709498151717,0.0461645300374724,0,0,0.0374330007662695,5.68734239025957e-18,0.00469642113977718,0.0636182980431758,0,0.00624520525352071,0,0.105922768457193,0.0553038284942489,0,0.0569923381309784,0,0.000360374269429907,0.0109540293159918,0.0438557459366133,0.0331030588220506,0.0138958608564693,0,0.00784308740918971,0.00123862304923772,0,0.0400453202166304,0.0355389095924223,0.00866595552757672,0.0130118670442535,0.0107204572264264,0.0542229206916262,0,1.97439580323516e-18,0.00246132695052972,0,2.74981456411138e-18,6.38438718132161e-21,0.0301206508789859,2.46247036682524e-18,0.0106793718976719,0.00811418057921404,7.55579327226729e-20,0,4.98877716067656e-19,0,0,0.214708264565158,0,0,0.0466496115637149,0.00865302800243068,0.044804208558208,0.0847705332501842,0.129574741808392,GSM4957335,GSE162694
0,1.04504433077052e-19,0,0.0010237327585574,0.104526795684748,0,0,0,0,8.71746372922385e-18,3.4389057934507e-19,0,0,3.03425177324241e-19,0.0108398061344963,3.59111684374686e-18,0,0.0335851533953091,1.48321763743956e-18,2.00285770962513e-19,0.00705436967783704,0,0,0,0,9.92624706431364e-19,0,0.0467964764020353,0.056334831823249,7.74518416103313e-19,0,0,0.000383565646322159,0.00351997290740639,0.00306195121620978,0,0,0.00667864942924437,0.012850897513132,0.0117620072866655,0,0,7.37472558946553e-18,0.00550373951823413,0.00773886695238206,0.00355787570979879,0.00249608988200863,0,1.26362037856097e-17,0.0111300258951242,0.00783118522641872,0.000576103078972465,3.16462291663548e-17,0.00321664234980946,7.66059161518127e-19,5.53925427506513e-18,0,2.83315293828025e-19,1.89877516714612e-19,0.259650384403655,0,0,0.0221524680625269,0.0148740869151021,0.00272378931651146,0.00352718483891852,0.00625097415542998,548nash112,GSE162694
0.157105874391684,0,0,6.03329118720855e-19,2.28691589629862e-18,0.00515853574829703,1.32366767926693e-19,0.00641976995131363,0.0106212269358002,0.0264694870255375,0.000301945930350487,0.0239651245337524,0.0233312097941508,0,0.00997554107669952,0,5.91943259323258e-19,0.0620510356494353,0,0,0.0720732927912162,3.91610244061157e-20,0.0455565725168634,0,0.178306576743157,0.00170527165553984,3.14773092078247e-19,0.0366317144777988,0.0493023582189073,0.00253386409439971,0.0139384426802875,0.0100008879136694,0.0120915515078415,0.00225877007124557,0,0.00645004993630656,0.00172162503675912,4.53826057611313e-19,0.0152663644527297,0.0691564462202812,0.00132179467384062,0.0011555424009158,0.110603567069138,0.0359271008946061,4.75276985146297e-19,0,0.00438813256243082,6.26564574292908e-20,3.4849132714399e-18,0.000166939854307061,3.64632271863615e-18,7.80445958511839e-20,0.0237428006342941,0.0037226365593395,0,0,0,4.03698284778792e-20,2.60294299541791e-18,0.150031343428537,0.00259787263269325,0,0.00285173494343681,0.00739426470740036,0.0278050513817174,0.125189934767187,0.152994986148904,GSM4957337,GSE162694
0.298674725782498,0,0,0,1.59212319966319e-18,0.0183941099434283,1.75293612338583e-18,0.0131571927886384,0.000539489151417053,0.0258114998715239,5.79080572538607e-21,0.0296986478652453,0.0341222989067936,0,0.0793754322805274,0,2.58265658413722e-18,0.031655887431465,2.78553096119629e-18,0.00757014064079019,0.0940531903911695,1.76576629078813e-19,0.0120681521566086,0,0.169608258677682,0.0455509456084402,0,0.111222395566573,0.0475726045298229,0.000357213770033219,0.0277245580900203,0.0158882982344146,0.00736909573122344,0.00761300219955271,0,0.00888690938210374,0,1.56682373699968e-18,0.0238707848897129,0.0478511744430688,0.00821174049174201,0,1.98777031550937e-18,0.0597551774266658,4.18912551001508e-19,1.47476984436287e-18,0.00659079992265707,1.29968178844439e-19,0,3.54453530417143e-18,1.55284562337047e-18,1.82017509652665e-19,0.00406206858470949,0.00357810157357071,0.000719626294780032,0,8.78463166112105e-18,1.43104325299407e-20,3.01703941754007e-18,0.134819135202656,0,5.47046775188606e-19,0.0136270086457568,0.0362498461382697,0.0496840133472204,0.131830724534426,0.181514737881646,GSM4957338,GSE162694
0.160677649331301,3.35850105115104e-19,0,1.13895032702648e-18,0,7.80176252416753e-21,0,0,6.78447100674157e-18,0,0.00207821798130186,0,0.0164066325193909,4.08705306636472e-18,0.0211402298210652,0,2.36207706021566e-19,0.0690597688668187,1.27173848136444e-17,3.79904529484685e-19,0.0352250236909517,4.20498479411516e-18,0.00460131358448084,0,0.0301621885223743,0.0379945764327354,2.08730691548233e-19,0.140552537702155,4.36379870975926e-18,0.000321316231255302,0.0029855379842934,0.024777396654194,0.0164274203080047,0.0139496650947719,0,0.00658520591405911,0.000827053442021385,1.59159565060178e-17,0.0642534508644702,8.75513250426775e-19,8.14459084697136e-19,0,0.0605710325814333,0.0367791425621025,1.31910205847933e-20,8.37126823691899e-19,0.00131656883242895,5.04149689915952e-19,3.26561171652045e-18,0,0.0448997887582366,6.54410204127685e-21,9.86753884098671e-18,0.000488463337047275,0,0,0,0,5.83978356575704e-18,0.167281396301289,0,0.00921928207984526,0.0311187137644197,0.000799884426982572,0.0165182644361293,0.032693606106663,0.0492118705427923,GSM4957339,GSE162694
0.212922510546571,0.0029515043057905,0,0,0.00436303608025033,0.0199692576194297,1.40558066219959e-18,0.00896951308849061,3.5978886431642e-19,0.0202961953738807,0,0.0068209839288994,0.0143857863617724,0,0.0645609575939837,5.91217159726343e-18,1.6521574769288e-19,0.0162661858423676,0,0.00443122673040482,0.0547395465905429,0,0.0101582765133206,0,0.115861695522233,0.0443239752900438,3.82899534238969e-19,0.106021982071363,0.0732982729755904,0.000669085969503866,0.0139378924142614,0.019657245113692,0.0138291884528703,0.00728823475668165,0,0.00804219025808317,0.00010818736957284,0,0.0201612931464579,0.0654606416799733,0.0123954246625639,3.26226943669352e-18,0.0138883991558375,0.0381649787185375,0,0,0.00587292781005314,0.00121289834396034,4.16124082069582e-18,2.54900360782658e-19,2.07415250643895e-19,0,0.016356168491978,0.00518986115953107,0.00053576044540741,0,0,6.76003340223827e-20,0,0.15270314855056,5.76695020553077e-19,0,0.0060130803222995,0.0578323694973403,0.0356581945786741,0.0867763732092833,0.122434567787957,GSM4957340,GSE162694
0.238997893468015,0,0,5.16179243409023e-19,0.0321802502158773,9.18064565401977e-23,2.06784874471325e-18,5.39576305005244e-19,0.00357628615523665,0.00105043249949903,0.00242087950039083,0,0.00707781505247912,1.54468456697422e-18,0.0239984552839866,1.73528802478807e-18,0.00175785236500187,0.0321181664159955,0,0.000646424551248335,0.0142106539778234,1.71836918969282e-18,0.00406644312326221,0,2.8080034393742e-18,0.0402859215483734,1.44406946409387e-18,0.0281985177875822,3.92469729801443e-18,2.96186970668867e-05,0,0.0318191242179235,0.0220781815447651,0.0103797088806991,0,0.000891299441255516,8.87206706882854e-05,0.00283077152905544,0.05517364471798,0,0.0188640477222419,0.0165027588838867,0.0592017132781434,0.0268419626279089,1.370039635527e-19,4.6405530839102e-19,0.000401218210759996,0.000725320252094472,2.18609668336937e-18,0,0.0228027123347011,0.00215042713913647,3.57357425306366e-18,0.00861161271904672,0.00512426613811779,0,0.00107229313486559,0,0,0.139160303874297,2.64327707208026e-20,0.0205531244873774,0.0214613669853909,1.99453783977877e-19,0.0347032778290054,0.00710532698891168,0.0418086048179171,GSM4957341,GSE162694
0.309125434470687,0.000221059555122922,0,1.2848499566014e-18,0,0.00212467161824056,6.13145638240615e-19,0,0,0.0019979508965962,0.00147169007343163,4.13889061103644e-21,0.0108158117511029,0,0.0665121124891311,0,0,0.0426896806835211,4.47887408262616e-18,0.00865344739545083,0.037430221139746,3.38057609242845e-18,0.00277791799564939,3.1026796081165e-21,0.0218260866144032,0.0474113486075003,0,0.0929112442612515,0.011387930834674,9.08908476562078e-05,0.000812201896704519,0.0458987159277476,0.0208779366547688,0.0186176710345944,2.39311429984979e-18,0.00249499529280469,0,3.66350796900253e-18,0.0453783430361063,0.000499418067526758,0.0379813510542991,0.012171441665586,0.0102498090240499,0.0481609723247141,0.000189658071457654,8.12302113177482e-20,0.000208805847992805,0.00268582567668179,0,0,0.0256756995619397,0.00253228025670335,3.57103562498645e-18,0.00805741852558126,0.00608697984564212,0,1.96959619696463e-19,4.63084208034703e-20,0,0.158149217885097,2.5955386803308e-19,0.0144188528231346,0.0141298943497522,0.0172041487627465,0.0634795600361196,0.0297386836546361,0.0932182436907556,GSM4957342,GSE162694
0.111409730280935,1.03220034904598e-19,1.62838138875689e-18,0,0.0464837738340962,0,9.73606460723393e-19,0,1.52299797431806e-18,9.05352061925951e-19,1.17287924909694e-19,0,1.39002241030257e-18,1.85143424448205e-18,0.0228082849963817,0,2.1842755573029e-21,0.0306521334933885,1.09793787439504e-18,0.000973888055699565,0.00984092489136986,0,0.00387679069284226,4.85120208145588e-20,8.5675901421348e-18,0.00750851263460526,5.13115325217017e-05,0.0262123983618226,2.15077448719778e-18,0,0,0.0196686116870651,0.0100668112135107,0.020363684060625,0.000287886691102658,5.2172174175602e-20,0.000849752828747317,5.78466910513709e-19,0.0297547443112692,0.00475874033311378,4.7727495542811e-20,0.00725284093237097,0.03426694717414,0.0138669387293317,5.16875051591378e-05,0,0.000176484259414063,0.0012225973581946,8.44693316482822e-18,0.000831809018966106,0.0133285185003524,0,0.0199374616929863,0.00997502444403044,1.03956585022133e-18,0,0,3.03498847684508e-21,0,0.120674625655735,7.26312801882518e-18,0.0142177307637113,0.00848095201692582,0.00769112913455983,0.0147686558613746,0.00492046244568494,0.0196891183070596,GSM4957343,GSE162694
0.144144561364225,1.39906107317542e-21,0,3.05120689805669e-19,0.0540675142008681,0,1.56902209066826e-18,1.63578527001326e-18,0.00372497879953791,1.43864576899734e-18,7.25530459907784e-19,0,1.54462641027885e-19,0,0.027523601038891,5.34613056074992e-18,0.00784637687007576,0.0125559812660573,3.28502644117653e-18,0.00264386245539308,0.0191964144422581,0,0,0,0.00121503907105141,0.0274424110273487,0,0.122164657867553,2.02997725566232e-18,0,0.00238575397588922,0.00668909974449004,0.00286514592541011,0.00876404778542531,0,0.00140694286691929,0.00168683917859648,0,0.0379401768427587,8.44375343931585e-20,6.65066841782031e-20,0,0.072840191826123,0.015661183768394,0,0,0.00165539858457252,0.00125718538897408,0,0.00126065389053946,0,1.36527602918085e-18,0,0.00974474036040424,0,9.16669863614885e-19,4.67771066571868e-19,0,0,0.135715064148268,3.65762008259875e-18,1.42753136144456e-05,0.0229288923202576,0.00536570897958592,0.00706009839257146,0.0102057267566547,0.0172658251492262,GSM4957344,GSE162694
0.0506281461764287,3.57431430126314e-21,0,0.00859796420811475,0.0560773844416791,0,0,0,0.000506103833960611,2.4368109130043e-18,0,0.00980080116817505,0,0,0.0139524480859727,5.83455197870521e-19,0.00253411882519193,0.0430153511511033,0,8.02818722883331e-20,0.00578292083238391,0,3.34385070037724e-05,0,6.08886674745093e-19,0.0435584456220003,0,0.0616309872669018,0.0244251130621081,2.98032825814235e-19,0.000366552752961026,0.00432684377466311,0.00459333091125342,0.00554152907124175,0.000984883986943351,8.14705760476002e-19,0.00171287008459869,4.27583297819501e-18,0.0257292153782098,0.00466847473168417,0,0.0113283115508702,0.0269723252830064,0.00453196025863517,2.62631060192885e-19,0.00121702237758156,0.00435445264268481,2.19968592915e-20,0,0.00430553551011216,0,0,0,0.00362609995477348,0.00485396462761285,7.33694180033595e-18,0.000908047744350069,0,0,0.168066841035338,0,0.00212945193430634,0.00897928116546602,0.00637391600732003,0.0158069954252642,0.00289146041619196,0.0186984558414561,GSM4957345,GSE162694
0.224010557661261,1.93065872721905e-20,0,6.95454213239056e-19,0.0322233329732499,6.81985179100519e-05,6.1222264761867e-19,0,0,0,3.48887395440506e-19,0,0.00389743781886022,0,0.042992703100618,5.41770232203361e-18,0.00930999086244149,0.0340027098595686,5.60267326842412e-19,0.00363432561480238,0.044824742548226,2.95193660429479e-19,0.00101089863706627,0,0,0.101064985011799,0,0.0649820996868237,2.82534044340928e-18,0,0.0056884514612317,0.0346628506068086,0.0194015897278726,0.0223252688239183,0,0.00336013215969615,0.000972345852593577,7.51209671750994e-19,0.0384216154599952,0,0.0129793638797941,0.0203230328048514,0.0479858419303525,0.0513793912336149,2.58639738929999e-05,0,0.000838803943871363,0.00181336533598363,0,1.58559087480545e-18,0.0226585353665667,0.00104899471619693,5.45004001778152e-18,0.00828571801769987,0.00619619845737214,0,1.10273662471926e-17,5.97409165760444e-21,0,0.229557034544073,0,0.00700815213999301,0.0213448192230552,1.10432017419647e-20,0.0353932702915924,0.022412371274113,0.0578056415657055,GSM4957346,GSE162694
0.0016868286594426,0,0,0.0147667606669138,0.0824810097299718,0.00953173687417414,7.02067915875972e-19,0,0,3.72518746963645e-18,1.34662017574027e-19,0.0122619864987009,0.00868185860376874,0,0.0116560628408216,3.40471927887191e-18,0.00754827686927305,0.0534022323644965,1.35996359083694e-22,0,7.9110075774305e-20,0,1.20000526226309e-19,5.86139564648588e-19,0.00145636769971549,0,0,0.0228997746066194,0.0183748035679259,0,0,1.67759424535644e-18,1.61467784874255e-19,0.00273505129515491,0.0027988971317335,5.57337649737807e-19,0,0.0050443219983414,0.0161041731000495,8.4966705724933e-20,0,0,0,1.06670402994691e-18,0.00503198531604541,0.00374539491773506,0.0012314550413695,0,4.39704891452918e-18,0.0210428490652565,3.27170093815477e-18,0.00208702422747989,0,0.0030634559409513,0.0106466006945077,5.818285792353e-19,0.00639385762223555,0,0,0.161142700917512,1.20062383438961e-17,0,0.0908712293982281,0.0459305384368054,0.0198850961982322,0.000728183849857745,0.0206132800480899,548nash113,GSE162694
0.122626229974034,3.33889380994623e-20,0,0.0195522007516952,0.0488816099914048,0.000182155996939349,0,2.22990462682165e-19,0.0169155632374058,0.000612097904695062,0.00160939698316397,0.0242717205647868,0.00764520965827818,1.15720548117554e-18,0.0196340191604351,6.76467564884361e-18,0.00795069700777152,0.0325281869724019,1.38321376451005e-18,0.0023769137972203,0.00690130470514699,0,0.000175440038404609,0,0.0166616128596144,0.0116440480940648,0,0.014914747980778,9.22002847441524e-20,0,0.000871195386199879,0.0105931953021111,0.00953378879391941,0.00219113780397504,0.000497448958334881,0,0.00211688762862943,1.34901968050122e-20,0.0174085885307909,0,1.95308032158412e-19,0.00671512478109083,0.0382986230820425,0.00319452245599742,0.00235514925971298,0.00144918593411391,0.00287993756633153,4.99694044280001e-20,7.6913988058169e-18,0.00632718176806299,0,0.00601132860400089,4.32279341972854e-19,0.00795372870593452,0.00487534291105616,0,0.0033333394089654,0,1.01202743638071e-18,0.13376477682527,0,0,0.0124992079685892,0.0100364802673998,0.0381943195827656,0.0117814587823807,0.0499757783651463,GSM4957348,GSE162694
0.15470934472388,4.3704653121708e-20,0,0.0286002245999448,0.0280171543414014,0.016745300324097,0.0547453937103956,0.0327862818741667,0.0753619539985131,0.0413769482357212,0.00148712864995469,0.0769127647785067,0.045351413118086,0.000572982002090387,0.00330546474740734,0,0.00643526020348938,0.00995591562391138,0,0,0.0714725987987018,0,0.000699493634366209,2.75670722658202e-19,0.147756199788092,0,0,0.0124358294705204,2.65665974740353e-19,1.83301219896646e-19,0.0161033777573111,0,1.22585228401419e-20,0,0,0.00145962174883069,0.00156937883454049,0.00269149483732194,1.09219318982104e-18,0.0776154777862553,0,0,0.166425925776662,0.0332271014647441,1.31745306792825e-18,0.00753318194589378,0.00673745929396985,2.04053764671326e-19,2.98171760363628e-19,0.0128723000999351,1.51810802382281e-19,2.76264062656285e-19,0.0122167788696609,0.000566800516889553,0,0,0.000661568155948146,0,9.30053479197028e-19,0.0506283511533645,3.04991788396435e-19,0,0.00902725436554211,1.38440732230329e-17,0.0921995141684121,0.109614399293397,0.201813913461809,GSM4957349,GSE162694
0.00215555487198735,0,0,9.23292914992095e-19,0.0249073730062543,0,1.29676104915883e-18,1.80548106118673e-18,5.42277327089484e-20,0,0.0026873894662468,0.00594090399900763,0,4.78694492507511e-18,0.00666439167646354,5.70054931714805e-18,0,0.057341756394136,0,3.25072603739707e-19,0.00748759737042396,0,0.000503613187140636,8.8271699655684e-20,0.0118218278334905,0.0178736637130582,4.87343746550317e-19,0.0812789772967128,0.0279117958352545,2.40861883326531e-20,0,4.63997086782103e-20,0,0.00175501298822364,0.000464880536161805,0,7.63606721342391e-22,0,0.0290547651744963,0,0,0,0,0.0051735989737952,0.00716626082856251,6.21174766925609e-19,0.00415876741879642,0,1.56494025809646e-17,5.38730828316534e-19,0.00717463344179315,0,3.03118359028691e-18,0.00225482746507874,0.0102782529934453,1.09633200689446e-18,4.16299018271103e-18,0,0,0.200576731912053,5.68490711508237e-19,0,0.0299951054901057,0.00667176632346128,0.00427052302344631,0.00965471260195721,0.0139252356254035,GSM4957350,GSE162694
0.105025298569497,0,0,0,0.0621227160492548,0,0,0,0,2.11235843769104e-18,0.00103789476698528,3.99636387255278e-19,0.00110175199659921,9.00101215382235e-18,0.0132392533489649,0,0.000642660742894427,0.0597675352292486,1.11191056981663e-18,6.42597843318983e-22,0.015575212820511,2.06277381539195e-18,7.79706908991598e-19,0,4.58449989296028e-18,0.0336104104988752,0,0.0644636803493406,3.72800256684421e-18,0,5.46221629907432e-19,0.0121988848076785,0.00469196479415388,0.013036290917907,0,0.00051800144529218,1.23904914035477e-18,9.63567972176555e-19,0.0338952066929675,4.04281198697258e-18,1.17057514368005e-18,0.00279292777329557,1.23093941457008e-17,0.0214453167015376,0.00422423084327419,4.22672636978541e-20,0.000613597005367401,7.56541703444268e-05,2.33723163152373e-18,0,0.0250728044161089,2.33657774798757e-18,0,0.00408807508087205,0.0014772656811072,9.89734486236879e-18,0,3.14084606927485e-20,0,0.221492699623645,1.00116385034459e-19,0.0183214895905578,0.0244440517076818,0,0.00818302598534864,0.00778760641025551,0.0159706323956042,GSM4957351,GSE162694
0.0324719905937325,0,0,4.52381921418359e-19,0.0133718340036327,0.000383241959902903,0,9.66974342893716e-20,7.34960529132515e-19,2.18900510638924e-18,4.80980849015764e-20,0.0146979326667762,0.00791298931769689,0,0.0172209314762378,0,0,0.0578143106602054,6.52987218832381e-21,0,0.0113292082923606,0,0,9.17695185611755e-05,0.000266434113061204,0.0730614580050529,3.57046624107999e-18,0.151576270698875,0.00819334474037436,2.17256905058868e-21,0,0.00120279017862987,0.000362681158194603,0.00425628506135867,0,0.000544539344484922,0,0,0.0252400925055037,5.73274274084984e-19,0,0,6.16561115263392e-18,0.00520183107417015,0.00910193838671962,0,0.00575526760436057,2.76576865107092e-20,0,2.15437519919201e-19,5.79992358629743e-18,4.50190661314795e-19,8.33621210536072e-18,0,0.0193753446016834,4.93801568720594e-18,2.45064763926422e-18,0,4.04732536997729e-18,0.188608478967043,0,1.5303985033436e-18,0.0381730567888888,0.0243187778747211,0.0106004818969374,0.00579782120271091,0.0163983030996483,GSM4957352,GSE162694
0.161520411470383,0.00375929637956709,0,0,0.0311426860845058,5.06295433329077e-19,6.98231717227893e-18,1.32073556940821e-17,0.0111636035652893,0,3.8111070957281e-19,2.14097784348128e-19,0,0,0.0307619410808426,0,0,0,0.00445302590361639,0.000780918123337274,0.0656605129119664,7.23992153841732e-19,1.10358081544171e-19,0,0.0211210924524585,0.12693899509474,0.000847199394771528,0.271243384688121,0.00639355042008135,0,0.00715847553741974,0.00756473292139364,0.00927783100931263,0.00847311650509803,0,0.00657625255663381,0.00466672296009272,0,1.54508397930612e-18,0.0247503744899478,0,2.51303124346781e-18,0.00934569317521303,0.0474225724138367,9.57795710969593e-06,5.5607338815187e-18,0.00317917509783483,0.00530265783596593,0,0.0158087878471315,0,1.84118778595606e-18,0.060431757149859,0,0.00159277268416649,1.65034988460708e-17,1.54717880764049e-17,2.34784806734799e-20,0,0.125221555495532,0,0.00575227366072422,0.00359640537960303,0.0119420232993309,0.00909887258713124,0.045270450871996,0.0543693234591272,GSM4957353,GSE162694
0.261774376410513,0,0,0.00277965420500109,0.0712866851019559,0.00496069788593518,0,2.65868064387146e-19,0.0466943833290844,0.00812886369576405,0.00310802173234758,0.0358866758286024,0.0268005930957021,1.6485491800153e-19,0.0410836910039783,0,0.00851791268106359,0.00841672116689144,0,0.00782557135905897,0.046829743597799,3.07084762188303e-18,0,0,0.0629368305231262,0.0390619210425547,0.000450930088060474,0.0804198600846637,0,4.12867552125895e-19,0.00790416552898003,0.0105467680411965,0.0150866884791557,0.0170761521752579,0,0.00500559527043181,0.00255003035518036,0,0.00258778177451747,0.0241978241783749,0.00347215476600641,0.00658198062011331,0.0244960889157903,0.0444370071654491,3.54322028917106e-22,0,0.00314938198278486,0.000797217830684287,0,0.00603144993232304,9.18375659529198e-20,0.00902852369076098,0.0347992031007076,0.00312086080750982,0,9.65516807669656e-20,0,0,3.03563935476365e-19,0.0987553173909727,0,4.75321901414163e-19,0.0114816076438585,0.00222280893871862,0.0408720280203664,0.0548832870604626,0.095755315080829,GSM4957354,GSE162694
0.0401590343595732,0.000441818125563246,0,0.00829629483592541,0.0356245308602246,0.00164756608069191,4.7370462788697e-19,3.71001114645584e-19,0.0337778784515435,0,0.00663538629168909,0.0204807956499646,6.71300803043361e-22,0,0.0168138566331944,4.51104760459776e-18,0,0.0458328974411471,0,0,0.0119836423336028,0,0.00219634881438522,1.32885774016251e-21,0.0354864018156087,0.0209073042923849,0,0.0364164471066421,0.000633430623618263,0,0.00146597939539066,0.00161063904077696,0,0.00173435655757976,0,0.00108822630259691,0.00261917961014947,0,0.0172713795663798,0.0349625376075148,3.18269875703222e-18,0.00796962135462942,0.0486549371975325,0.00834232789313319,0.00512423533496455,0.00104530879417601,0.00536999154798782,2.45986865544082e-19,2.05955451212532e-18,0.0045733506242689,0,0,3.56164776899056e-18,0,0.00644917355812654,0,0,4.70582104655045e-20,1.11600910876302e-18,0.219071920525403,2.52028585841466e-19,1.56649921935716e-19,0.00922492759781415,0.00420308670581535,0.0202584863511113,0.0239559311373874,0.0442144174884987,GSM4957355,GSE162694
0.0455003970713366,8.63677760948952e-20,0,0.00373964745325683,0.0515018336131617,0,0,7.56661130371614e-19,0.0131696836154954,0,0.00592050380690015,0.0134103283462761,0.00776011366447398,0,0.00501960294391026,2.87948311974188e-18,0.00512142577121556,0.0358722427087191,0,0,0.0205423847791215,4.14774963662176e-19,0.0018963121517438,1.82264488617461e-21,0.0115845808395864,0.00887598622007621,0.000269452076103153,0.0218333684058782,0,7.44666759087802e-20,0.00474474987347205,0.00180924318631886,0.00280638251672237,0.00480107823669262,0,0.00192386034552039,0.00335898439098315,0,0.027035064057947,0.0150867480047707,2.76071147992871e-18,0.00663768857656937,0.0697179517885258,0.0155135214649852,0.0035959276303829,0.000688513824068394,0.00252669426365252,2.15632226201907e-20,1.01795342080026e-18,0.0028740602907102,0.00073667127055996,0,0.00578558945355555,0.00172435892962668,0.00448479581633035,4.54659071100574e-18,0.0029633533829712,1.40154962149881e-20,2.20748548734951e-18,0.162922192994303,5.43905890849556e-18,0.00381703135927221,0.0190815469050717,0,0.0126394793239012,0.016063482809354,0.0287029621332552,GSM4957356,GSE162694
0.0769059545769512,2.97959075169477e-19,1.65808030068269e-18,0.00594121927595061,0.0708148253703495,0,0,1.74976175060506e-18,0.0028200107706895,1.57496474794961e-19,0,0.000280882939708788,2.77763892472047e-19,2.04528529081612e-18,0.0102708130697661,6.2374104211542e-19,0.00169688948889248,0.0176256027468928,3.92089525179284e-19,0.000969651577002969,0.00651161578372131,1.58261631669216e-18,9.4061299450417e-20,0,0,0.0170757251392433,4.54694490204117e-19,0.0610390202646157,0.0177650516125899,2.2227175130777e-20,1.60602727712251e-05,0.00949162061217293,0.00663714387325921,0.00917279252193985,0.00129843494122006,0,5.04195836501256e-19,0,0.0261084902454374,0.0106753533146747,2.15496954349183e-18,9.69077980849421e-21,0,0.00622281006295842,0.00563280377852441,0.00232044965550088,0.00192561569053697,1.16959989137105e-19,1.48973916117258e-17,1.6069473091157e-18,6.6344656095992e-18,0,0,0.00229331073170542,0.00868235827346538,3.40908057753215e-18,0.00235377653520707,0,0,0.105940736269747,1.46004004672546e-18,0,0.02338297395176,0.0187607457199606,0.0119878728973702,0.00325580789186066,0.0152436807892309,GSM4957357,GSE162694
0.00280627246395828,0,1.00329153039545e-18,0.00651447086704861,0.0658203205656685,0,3.89921970342541e-20,4.04963265357645e-18,0.0162674151756661,5.00598424687054e-18,0.000641263893118124,0,3.84129946636031e-19,8.68108314833716e-18,0.00458939923672972,2.0509441041644e-18,0.00310299600880567,0.0223898129115454,0.00013486904813323,0,0.000521494655476632,1.07499944573212e-19,0,0,0.00386436030865901,0.00781015414889141,0.00151128046559962,0.0272982090979513,0.0348154482911609,0,5.39335602432598e-20,4.66659466768282e-19,0,0.00159508480877205,0.0022613655281364,0,0.00129887061002457,0.000774045819024043,0.0337630300579059,4.59050202630481e-19,0,1.16705959410044e-19,1.54179821643095e-18,0.00251301317686364,0.00135443267682713,0.00372374577343441,0.00038813389027543,0,5.12970346941207e-18,0.0108531158236779,0.0243324845178435,0.00379757458405823,0.00146332783379142,0.00486631697079549,0.00239243048845109,6.10897661229694e-19,4.33526226362453e-19,5.66769006115819e-20,0,0.136506378811406,0,0.00919615759226662,0.024509669033623,1.15328643695598e-19,0.00585055759679001,0.00219292748206782,0.00804348507885784,GSM4957358,GSE162694
0.147822721186116,6.22515375382594e-21,1.45558830078424e-19,1.60491003822208e-19,0.0671265263070589,8.76218509223013e-19,0,0,0.0161610482986809,0,0,0.00392608422358447,0,0,0.00757326071776211,5.96448080078935e-18,0.0109487922344404,2.82601960462365e-19,6.64823412928578e-19,0.000372385690121454,0.043995009405416,1.96333247814981e-19,9.15774083102656e-20,0,0.0105076468889079,0.0540399717314546,0.00132504433200534,0.128329368768891,3.07033278364862e-18,0,0.00651552885259255,0.0155299890479993,0.0130695607305888,0.0111372396873774,0.000972657292673139,0.00284488530472379,0.00318625196495246,0,0.0110630364581325,0.0070261370437406,0.00693295524307734,0,0.0131828172027323,0.0386496583069575,0.00290422567939637,0.000330884675274224,0.00128720525689373,0.00272084581954233,0,0.0135183865327487,0,0,0.0447552055445472,1.58625750890791e-20,0.00569734310616731,0.0119980828573663,0,0,0.00128711878608481,0.0596937452223495,0,0.000733560760199462,0.00858265505277501,0.0170573298582365,0.020303278211332,0.027251328147162,0.047554606358494,GSM4957359,GSE162694
1.22915994798651e-18,7.64617056369716e-20,0,9.45912238911141e-20,0.0462510973578289,4.74687583574716e-19,0,1.49717933182594e-18,0.0391842046132793,2.86105735738037e-18,0,6.81797717101279e-19,3.16509706145455e-18,0,0,4.02768308056339e-18,0.00638977672739483,0.0413925272402793,0,0,7.34259488248271e-19,0,0.00341552099414672,0,0.0093368556712939,0,0,6.26260641689506e-19,0.0339894240219148,2.56681847214392e-20,2.33616920075256e-19,1.43852445250863e-20,0.000438749823680589,0.00193255009165811,0.00217425097517088,2.85494763827234e-20,0.000659060500164168,0.00168570744641105,0.0196216330871895,3.00382296418082e-19,1.11248828574523e-18,1.28105565970416e-18,8.6003799798426e-18,0,0.000640321481938968,2.71416519411098e-19,0.000844507653183561,0,0,0.0441252676697055,0.0520892728055111,0,1.90226564024226e-17,0.00828640878307701,0,0,0.00654514454781523,0,0,0.233435034953594,8.12651501483277e-18,0.0262086816189665,0.0050697961609393,0.000998881666603327,0.00144950065011392,0.00466842783564695,0.00611792848576087,GSM4957360,GSE162694
0,0,0,1.46552883456355e-18,0.0329864015521123,0.00114503371450984,5.64145813321212e-18,0,0,6.5069858705043e-21,0,0,6.58594836444357e-19,3.65279202287888e-18,0.0416105927737591,1.81125281880716e-18,2.58482152934912e-18,0.0400185267953457,0,3.88875691090728e-20,0.0257354093879445,0,0,1.24362296500776e-05,0.0292581726117311,0.0412693374394587,7.39470024438284e-19,0.134486374188925,0.112407710257278,1.4489917720896e-19,0.00394773364475356,5.10390959751672e-19,0.000159676391978846,0.00363864662072397,1.23247852241826e-19,0.00119791527739817,0,0,0.0184667888146882,0.000398235287508765,0,0,0,0.0116828311543438,0.00558597358406624,1.98895093361427e-19,0.0056751772160112,0.00128349354840689,3.10889188383144e-19,0.00138627338247119,1.01519592242886e-17,0.00782809096023502,2.80466968296733e-18,0.00823779225206793,0.0099916654201352,0,1.23393028228996e-17,0,0,0.21643644021607,3.967018329157e-18,0,0.0346941897772492,0.0293074742755772,0.000855662365604597,0.0274967909998378,0.0283524533654424,GSM4957361,GSE162694
0.0274494736456604,0.000669559727853358,0,2.87782668297098e-21,0.0594548683234823,1.68316609946452e-20,1.5301461616188e-18,0,1.01781063117074e-18,3.55877292138691e-18,1.75640378790127e-20,0.019867275400451,0.0171221604143391,6.85761587158641e-18,0.0420869534095089,3.102261419105e-18,0,0.0568232725907017,0,0.000662060792009241,0.0118691955762119,0,4.03571973622436e-20,0,0.0201101164087202,0.0329920139945197,3.33165246652429e-19,0.10006937282207,0.0555541929237994,0,3.04814210181478e-22,0.000482951894038392,2.56798956024604e-20,0.00648712506330906,0.00245189194989993,0.00197618574178202,0,6.8820902875027e-18,0.0213987006074947,0.0196632198376842,1.78379925693029e-18,0,0,0.00790997573816437,0.00362895771143109,0,0.00389884565833399,4.78993101845953e-19,2.90738618506244e-18,1.04862470976802e-20,2.12243096319483e-18,1.90121699820852e-18,0,0,0.00849067375937925,0,1.47098830505764e-18,2.78800052581984e-19,0,0.189937667889192,0,0,0.0488195016484856,0.00836512509918602,0.0156427866909323,0.0163244358563927,0.0319672225473251,GSM4957362,GSE162694
0.0113328935578101,4.44458815091013e-20,2.54089534369958e-18,3.61401335588081e-19,0.0557729445969758,6.57043708414033e-19,7.67190811011267e-18,0,0.0104466418298105,0,0,0,0,0,0.0136393112964283,8.57222310208156e-19,0.0144592384786027,0.00670765372197756,4.59101754382386e-20,0,0.0236471730496576,0,9.86509729450741e-22,5.56155374695032e-05,9.32540289598437e-19,0.0180457134913893,0.00149098670306476,0.0900693051766525,0.0265388067414405,0,0.0033725523451728,2.38504538888856e-18,0.00113506886237703,0.00286967958368911,0,0.00194692878567581,0.00211611046180998,0,0.0300771470902931,0,3.21203512324435e-18,0,0.0282108036953315,0.0199824523024718,0.00293061058853351,1.90684283432294e-18,0.001216142829319,0.000413461099857116,0,0.00887122783653888,0,0.00371185129829247,0.032391393484112,0.00773781380073344,0,0,0,3.77862366145477e-20,2.3393905658702e-20,0.11396172020593,2.67241447613344e-20,0.00846333456364888,0.00915564332937695,0.00814378773242611,0.000275640733238081,0.0118235865248288,0.0120992272580669,GSM4957363,GSE162694
0.0193178127807138,1.87960168776061e-19,0,0,0.0918833168457658,8.32800430718115e-20,0,6.52372196767621e-20,0.0110035323979348,0,0.00460514334886796,2.02530762505347e-19,2.78772605257086e-19,2.21328518341838e-18,0.00982021742757055,0,0.00267689729506093,0.0286665154486717,1.42213211639774e-19,0.00247940677891795,0.0038973265526247,0,0,0,5.66823135464327e-18,7.47001881588373e-19,0,0.0176041864981963,0.0308060246183706,0,1.84199299775073e-19,0.000537288810789909,0.000469559946281305,0.00559259875019263,0,6.88280938479467e-21,0.00131948809315122,0,0.0207240021599085,8.181858941353e-19,9.49701408487148e-19,3.80435109746469e-19,0.00677650484814106,0.0048290946322586,0.00181055375246813,0.000928357605858217,0.000724111598770689,2.7042035069061e-19,5.38960479059219e-18,0.00996174510510914,0.0154931569544508,0.0018608808099334,0,0.00432236425013142,0,1.92814579996721e-18,0.00428540387452856,3.42895567760676e-20,1.08917661274651e-19,0.130262490618962,6.22389419208914e-18,0.0150172828693917,0.0249996233646098,0.0116959913973433,0.00201113039313858,0.00194866327631236,0.00395979366945093,548nash14,GSE162694
0.369206084446323,0,0,8.89809076564075e-19,0,0.000928664018374199,5.66287731018783e-19,0,0,0.0192695610866176,0.00115292718575227,0.000436694303371928,0.0124770133851193,0.00789140688636062,0.0515004072000573,0,0.00829099037038307,0.0206828303280703,7.45517448088233e-18,0.00785103885316526,0.0656803578696851,1.3461226201212e-18,0.00588219145170688,1.18756208234294e-21,4.07000345069026e-18,0.0409797601347776,4.65805939341411e-19,0.0336641275787603,0,0,0.0105048838037302,0.0663156438884783,0.0403974117609102,0.0384932679888253,0,0.00103052954765559,0.00154426499985301,0,0.043913640625947,0,0.0324492491723983,0.0245561334242534,0.211442776752418,0.0745714210834529,0,0,0.00027474528775823,7.48200037436913e-20,0,0,0.0594273990235463,0,0.00735122018393247,0.0141336813011103,0.00132787666042384,0,8.47544962203666e-20,0,0,0.146986079609733,1.04612904427383e-19,0.0166486645556631,0.00588358572481259,0,0.0713684174782758,0.0328401789348426,0.104208596413118,GSM4957365,GSE162694
0.176174164947855,4.61147133294653e-19,1.58816555694073e-19,0.000242979142420555,0.00747615856180856,0,5.04424179779485e-18,0.00125575719828204,0.022335723578823,0.031335802832176,1.23880324466569e-22,0,0,0.00878038749098756,0.0128309446348781,2.24390720166206e-19,0.000972003218784427,0,0,0.00113616597745502,0.149393897063334,0.00841392520459891,0.0905274923298283,1.62175538095052e-20,0.120308262596375,0,1.26240500030252e-19,0.0147179596892043,0.151272194513804,0.00586849559770348,0.0734597782921578,0.0054737623378196,0.0160431050935773,0.0058098877437419,1.91360545139485e-19,0.00190864808861789,0.00160786144376187,0,0.0187696780578452,0.0878698304447937,0.0102221325726912,0.00678136916142009,0.158154099606655,0.121059080701403,1.34801993756076e-21,0.000240010673448297,0.00157602472852707,0.000218011762864811,3.73991121254768e-19,0.0196175182526262,0,0,0.114140892907256,0.00404557893206381,8.89389323667687e-19,0,0,0,0,0,0,0.0160014150603588,0,0,0.0179751561307548,0.134851079829854,0.152826235960609,GSM4957366,GSE162694
0.0903138603283838,0,0,1.61773942853118e-19,0.0622559413270966,9.39015859986577e-19,5.68197614667778e-19,5.31659833148426e-18,0.0319208502702911,2.22564362808885e-18,0,0,7.30141459884238e-18,0,0.0203745178020164,0,0.00658928815545022,0.00445420485476481,1.49946583576651e-18,0.0032682390304158,0.0302320979674851,0.00289166299656915,0.00574362145811108,2.09063106696105e-19,0,2.3445593972948e-19,0.00157910081762581,0.0121444903619776,0.063091111523745,0,0.00315600974390825,0.0160841271167815,0.020790119715193,0.00677611793875821,0,0,0.0017717497343061,0,0.0540330931510828,7.643123582135e-18,0,0.00966553357763157,0.101844019878224,0.0426750677282897,0,0,0.000334209041713975,0.0010485420220817,7.13512422639506e-18,0.0459703764750694,0.028512620192019,0.0003610600223367,0.0603547375612444,0.00873200872369058,0,1.82214950235346e-19,0,0,0,0.0247297432105144,5.46839985413176e-19,0.0258310354849165,0,0,0.0155283807772321,0.0151160489837425,0.0306444297609746,GSM4957367,GSE162694
0.139086147789536,2.90216046640012e-19,3.22122933886058e-19,2.84472166632454e-19,0.0959029681484153,0,0,1.11467151672993e-17,0.0459622229697628,1.82086388491397e-17,0,0,8.45766919563859e-18,0,0.000309528331365968,2.08123032805808e-18,0.00125748157872193,0.00285220351910609,0,0.000267649051945297,0.0146969299976901,0.00247236217476877,0.0076711007670026,0,0,9.07095866680745e-19,0.00214565749962599,0.036553309233325,1.01113767875348e-18,1.94257420244036e-20,0.00269080863742253,0.00838600424410892,0.0173871690751078,0.00662214632283724,0.000186696858592264,0,0.00369213287355935,0,0.0291102234693823,0.00781593022782734,0,0.00132735782799798,0.11390941209529,0.0192846718217261,0.00083414486068447,0,0.000593122621991544,0,0,0.0131774628606201,0.0198190540460849,0,0.075304522561841,0.0048537562098689,1.66320260420629e-18,0,0.000394170175450383,0,0.000407953871510913,0.00875651344634353,0,0.012866329545673,0.00731914120341443,8.0523465971776e-19,0.00754180821961018,0.00734846499884505,0.0148902732184552,GSM4957368,GSE162694
0.188315038787561,0,0,0,0.0361662309400081,1.17012929719067e-18,2.94845183498926e-18,0,0.0230763419048768,0,0.00162273090024685,2.10790958771831e-18,0,1.22921649916453e-18,0.0176703798650092,0,0.00675466413873079,0.00792421085217367,0,0.00192002749367008,0.0642358230811855,4.23359278808526e-19,0.00892770894714153,0,0.000380525694032345,0.0137569539448897,0.000378591694220436,0.00535874194744646,7.75921499649392e-18,0,0.0241225948424851,0.020120813922345,0.026104885121112,0.0143682785785814,4.53607235073737e-21,3.36182533318592e-07,0.00194569272801618,0,0.0490866170923355,0,0.0110695857334382,0.0191972210180252,0.176243074131454,0.065556721585197,0,0,0.000717079530008038,0.000547963405017012,0,0.00565128345641928,0.0357707712775468,0,0.0472212174939419,0.00824652686344532,0,0,0.00446876721717269,0,0,0.0540019594162552,1.25042716674957e-17,0.0352127288583457,4.72418378204459e-18,1.16810385912048e-18,0.0224389270363135,0.0323081743876089,0.0547471014239224,GSM4957369,GSE162694
0.235445441165598,7.96098812654031e-20,0,0,0.0122272029820754,2.16551528623013e-19,8.57459409494528e-19,0,0.00241205028824981,0,3.01535014444565e-20,0,1.29420619701146e-18,3.63775120644758e-19,0.0178578044450329,6.72155429575644e-18,0.0136553929404215,0.0040015301478292,0,0.00123727998984051,0.0654070756810104,0,0.00484110139439412,0,0.0346400588219174,0.020502763037006,0,0.0554651936580052,2.10023946704318e-18,0,0.0109178616497071,0.0308228761071543,0.0270538620957677,0.0185914337757771,8.84016881394102e-19,0.000671562648218008,0.00134680064816083,6.86889439734805e-18,0.0492181915506848,0,0.0148179169623306,0.00969399860949046,0.235301412662205,0.0735070177850493,0.00243031082906425,0,0.000903037101055416,0.00124988807297811,0,0.00273483255300974,0.000379102131314707,0,0.0398968791248013,0.0213103000785603,0,0,0,0,0,0.115582376033453,5.10274131758314e-18,0.020909414363445,0,3.05789333049624e-19,0.0320853074215357,0.0500235672514639,0.0821088746729996,GSM4957370,GSE162694
0.0462636754010695,0,0,0.00112213041620579,0.0566903586619369,0,8.34535737967208e-19,1.39781040003023e-19,4.92589444254656e-19,3.823233798356e-18,0.0043903584039799,0.00685655785333577,0,0,0.0020765028687725,0,0.000331370943211498,0.0523031619962249,0,2.55710202367502e-21,2.03836180150634e-19,0,0,0,2.4295112684092e-18,0.0124995357452701,6.02177608917191e-20,0.0145459371904567,0.00821077036460871,0,0,0.00956085146252993,0.00310523425000534,0.00561082757752207,0.00121734383602729,1.31030012260116e-19,0.000957066920822982,0.000915159746676505,0.0362354803049221,0,2.48616486929683e-18,0.00674024576840578,0,0.000196348754411834,0.00503521956043239,0.0010174627789412,0.000986232616268721,0,0,0.00555752291629496,0.00245037933030984,0.00922868604821184,2.01206410694054e-18,0.00764827853446586,0.00560596126116469,0,0.00924986283448594,0,4.65329308750229e-20,0.219123168375538,0,0.00263351554201838,0.0619758039253995,0.00933781678579331,0.0125045890453992,1.31667372427992e-18,0.0125045890453992,548nash15,GSE162694
0.178957398610151,0,0,1.69133786552713e-20,0.0534167584373841,0,0,0,0.00805419151621658,1.57803547359568e-19,3.22926187607159e-20,1.97705040774727e-18,5.76982976894008e-18,2.36299056650349e-18,0.0250018392692983,8.42323519802687e-18,0.00109482985624234,0.0304406232135582,2.8003414980009e-18,0.0035260522005075,0.0271321718298527,0,0.000323598140757387,0,2.64927091673877e-18,0.0305681334122204,0,0.0529704842099612,0.0578813826980353,0,0.000709462551447901,0.0351224856833387,0.0221929363107955,0.0196824644062789,0,0.00111842074777611,0.000998903434986878,0,0.0443574737386579,0,0.00608605770398584,0.008998034663783,0.131363144256442,0.0367826403154614,1.36199597601615e-05,0,0.000356592533107185,0.00151567570572658,0,0.000850332284626366,0.0387931947159885,4.12439206813888e-19,0.0148055211290169,0.0175751398645293,0,0,7.4971794505017e-19,0,0,0.134235021294955,0,0.0203631364473263,0,0.000140442021649185,0.0308335141957058,0.0135660859149263,0.0443996001106321,GSM4957372,GSE162694
0.224940589271097,9.51067865726064e-20,0,2.07954276437285e-18,0.0611508571243887,2.72099816690667e-19,0,4.78598328491304e-18,0.0279642928335292,8.43302439349244e-18,0,0,0,0,0.025808861696479,0,0.0133718633991729,0,3.40437418195414e-19,0.00585004443034174,0.0474216412164581,0.0124289575688567,0.00149877251785384,0,0.0083289429129519,0.0126694456655311,0.00190262497368645,0.080161325459751,0.0238919845193166,0,0.00808338270182725,0.0307261984508308,0.0205524949328393,0.0242210914599168,2.19538857540514e-19,0.000363220673899068,0.00199443846696759,0,0.0323378801772627,0,0.0130471384332683,0.00768414078227823,0.132782086710058,0.0534536132341795,0,0,1.03829668693644e-20,0.000483809459353293,1.33965025283936e-17,0.0301099043901998,1.10957287768735e-19,0,0.0765424914342875,0.0111234090709103,1.99410170713204e-18,0.00669227946205759,4.53377399730218e-18,0,1.54334205227703e-20,0.00124895930084618,7.25650140786578e-19,0.0241651063539637,0,3.53025175913495e-19,0.0416907655617672,0.027875292064705,0.0695660576264723,GSM4957373,GSE162694
0.213534334276716,0,0,2.5433688984542e-18,0.0147560609995197,2.02025566223072e-19,0,1.35491777782286e-18,0.00411415791375789,0.00382802067499292,0,0,1.33015749148316e-18,0.000687266214011774,0.0337574326991754,6.59625345703112e-19,0.000954403314889691,0.00383944973107634,6.85550319373849e-19,0.00508475351633299,0.0630978344882023,0.00285058598048387,0.00888131202491063,0,0.0133687457390015,0.0259771354551447,0.00119309908601131,0.0772246802545791,0.0459469285474902,4.56090573840412e-20,0.01625864527551,0.0307078967757599,0.0220963040613207,0.0185344566162668,1.13199525265342e-19,0.000478341790469431,0.00153145071950489,3.24430431304549e-18,0.0700283874281679,8.68455937264886e-18,0.0137151879591541,0.00079685518850009,0.147793787654892,0.0711991201452066,0.00062638964029087,1.7982894502999e-19,0,0.00164879618204864,1.94481397353939e-18,0.00112247102394274,0.0482561912118214,0,0.0748627945787461,0.0192655893378103,0,0.00850748432419709,1.55517433705253e-18,0,0,0.0131675414066377,0,0.0220154496385362,0,1.7720097299939e-18,0.0360048136091864,0.0382332901136019,0.0742381037227883,GSM4957374,GSE162694
0.269178298318204,0,0,8.73193739741694e-20,0.0949018279470394,3.39123057511055e-19,0,0,0.0134874808396797,0,2.85162529131651e-19,2.6098397884645e-18,1.57177245511536e-18,5.98913376611956e-18,0.0231857709979125,4.43681768752659e-18,0.0113416289553858,0.000752831948393014,0,0.00595340446525615,0.0423657306889086,0,0.00244003530493913,0,0.0168534434125215,0.00899970760849583,0.000638472706021527,0.0205593334273164,0.00844518733205235,0,0.0058066306006604,0.0211457722332931,0.02622342446525,0.0114086336935301,2.20197469849706e-20,4.81108641962269e-21,0.00140051441411725,1.26121215450489e-17,0.0326522644377765,0.00645885818445423,0.0143318553121966,0.0177526283217004,0.160631376188699,0.0506063702524913,0,0,1.53936969198307e-21,0.000958881760961449,8.49869899339923e-18,0.0132525351837482,0.0167638770314197,7.85465601581286e-19,0.0659613763593573,0.00939727287569816,0,1.75014683506871e-18,0,0,1.36766083120806e-19,0.0189945878591488,1.09973790344563e-18,0.0202053200532189,0,0,0.0282599425144715,0.029609587050715,0.0578695295651866,GSM4957375,GSE162694
0.133060536375094,1.12142902290522e-20,0,0.00635728873108905,0.0803532900903361,1.34920923066435e-19,4.0689583325033e-18,4.10470331511917e-18,0.043098800437233,6.47541298453337e-19,0,3.1130858740406e-18,3.74376606559065e-18,0,0.00706367416638566,0,0.0120268866863095,6.05861242982258e-19,0,0.000793348248779015,0.0338854581735742,0.00890732435245992,0.00602894304156288,0,0.0182470691750835,0,0.00175293079080052,0.00176902200209554,0.0201033451445524,0,0.0101971154219641,0.0147212192803158,0.0197809802355466,0.00753677029345903,0.000677865136424843,1.35900942033876e-20,0.00225568120453211,0,0.0453531769265174,0,0,0.00415172684294503,0.147370220994418,0.0333818799938894,0.00108296374583952,0,0.00101293604399413,7.1588234160151e-20,2.61068500127725e-17,0.0157622118885651,0,0.010309278804045,0.0739058029286766,0.00827692156760474,0,2.15798358332731e-19,0.00943008118620625,0,0,0.00553184274939188,1.06922694654108e-17,0.0197282052055337,0,0,0.0209713638327124,0.0260662636743289,0.0470376275070413,GSM4957376,GSE162694
0.1838792884741,1.02579637341116e-18,1.03688717621742e-17,0,2.07718466761017e-18,0.00119518526544385,4.32636103369482e-19,0,0.00842079493630425,0.00604031558749324,0.00140767903127822,0,0.00369703026034274,0.00344675953082643,0.0186872703801085,0,0.000392987151534216,0.0129921709909358,0,0,0.0460182755643704,1.28173172381687e-18,0.0201275611300076,3.94590108662325e-21,0,0.014921613032483,1.30813698420356e-18,0.00382617885744021,0,0.000635897135919224,0.0100182990197924,0.0291342765435566,0.0244559336347354,0.0250947012251689,0,0.000666160492451734,0.000890518492346265,0,0.091235421158762,0,0.009750185497471,0.0287849847031527,0.278454544966752,0.0661778175645846,1.32121389467646e-19,0,2.15621156609912e-05,0,0,0.00998957245303916,0.057584961106303,0.00212438794989704,0.0269873635271851,0.0236809726807932,0,0,0.00518692615657522,0,0,0.0589942673734486,1.37354919746854e-18,0.0528052581628023,1.38976263229079e-19,3.52697725810785e-18,0.0259229746940184,0.0230091377821852,0.0489321124762036,GSM4957377,GSE162694
3.28478486094506e-20,0,0,0.00995055537444177,0.0375549257173638,1.1780048845006e-19,8.59163932599714e-18,0,0.0355702038047393,0.0011091684277204,0.00295532471103866,3.5728609511167e-19,0,3.3323027778408e-19,0.00223351694164369,9.21629624295923e-19,0.00406508357377613,0.00359482494636646,0,0.00217387673595306,0.00571907742309232,0.00347394363327527,0.0129380081106032,1.72251948584417e-19,0,0,0.000503244482119343,3.29557634049516e-20,0.0339768484634799,0,0.00091388563314844,0.00307487336730806,0.0060371563247214,0.00437541942047354,0.00103242018758316,4.50536406829721e-20,0.00178660334893271,0,0.0293343193313479,0,3.78288054041908e-19,0,0.16358576599601,0.0098827692138474,0.00374100872331295,1.82827898578244e-20,0.000694940633391841,4.31391492844945e-19,6.61161476606665e-18,0.0201760171408747,0.000247860619463233,2.68065180331992e-19,0.0561207311466633,0.0201850241201921,0,0,0.00281865696156935,0,8.75879432130996e-20,0.0298423221485052,3.05467741557195e-18,0.0205779931933502,0.0030310996795121,9.08584218344682e-19,0.0131371128657076,0.00285953871154616,0.0159966515772537,GSM4957378,GSE162694
0.203141982428482,0,0,0,0.0261387981303255,0,0,8.80800800963525e-18,0.00843382030609901,0,0,4.10816943718766e-19,0,0,0.0194415405102401,0,0,0,0,0.000137290493794755,0.0635466103351638,0.00229498651289898,0.00164253535498912,2.17839043660751e-21,0,0.00677744687082671,0.000981909679095295,0.123669439954613,6.19424662741129e-19,4.71049535233609e-21,0.0190447726331167,0.0199501129989432,0.0254493302485301,0.0102204475454722,3.37074474774926e-19,0.000278538376309386,0.00167689633882216,7.98059611457708e-18,0.0446582374874591,0,0.0110161747021516,5.22771394928126e-18,0.204665822719679,0.0689444304050792,0,2.57347321745062e-18,4.52194576575697e-05,0.00334160041598411,1.51678459656554e-17,0.00304949326860719,0.00314425393298928,3.58530317828817e-19,0.0569691783114291,0.0129770946949805,2.31270407847876e-19,9.92726755049157e-18,0,0,1.67190480829229e-19,0.0388579259521991,5.99158221424129e-18,0.0141121663488569,6.76587981841149e-19,0,0.0244934434158484,0.0317733051675819,0.0562667485834303,GSM4957379,GSE162694
0.168394456354067,4.31711453634305e-20,0,2.07502166535982e-19,0.0270809848844248,0,3.1338778208758e-18,0,0.0337196940256174,0.00256864695064689,0.00141780933171358,1.88610119340953e-19,8.59262191640084e-19,1.45093893024974e-18,0.0169788737292171,0,0.00281220927213334,0.0167085271634706,4.44517878258827e-18,0.00291111010113626,0.0240768624032657,0.00341438200642696,0.00516653138905959,7.71962455227092e-21,0.00196027831238082,0.0123675785104335,0.0011679420478842,0.0408959862316354,0.0327021787723413,1.30688008664965e-19,0.00351035974250619,0.0222018851024683,0.0220575910479477,0.010062535795986,7.44589335716868e-20,0,0.00218579904710845,0,0.0457725758629106,0.00113739515089988,0.00414020137315044,0.00175172990704702,0.0815497575926284,0.0305840784021677,0,0,0.000840197111024435,0.000276996736849425,9.77400036511895e-20,0.0232565801940848,0.027945197047941,1.75645179854972e-19,0.0362575989845399,0.0185773679492104,1.92777317992888e-19,0.0322275812280083,7.11950037900366e-19,4.09477040891295e-20,0,0.0520318889544162,0,0.0294985971813418,0,4.47460853747518e-19,0.0219630502133542,0.0130185703578233,0.0349816205711775,GSM4957380,GSE162694
0.106201462717075,4.17897294042781e-05,0,1.5488537468964e-18,0.0845203884604903,1.6917355722752e-19,0,4.40184829951218e-18,0.00129455877417747,0,1.31075869204514e-18,1.34880471794215e-18,4.01699089721787e-18,1.29221723862926e-17,0.0237944967521864,0,2.86534968331324e-18,0.0140935193598873,2.42866519570409e-18,0.00109686296220372,0.0118926951172228,0,2.83625643060279e-19,1.75413632474689e-20,0.0476436595244508,0.0621035627826857,0.00180389149753555,0.127131223863772,0.0151099171642349,7.77821325474616e-19,1.0057662840685e-20,0.0197654130940113,0.0125692914527918,0.00857558886156545,0.000426461422037684,0.000336038101702352,0.00202661527906697,0,0.0342498481150075,0.00512023690929437,0,0,0.0521397221069091,0.0127860493969596,0.00275803523081282,2.62407192335338e-19,0.002500882705912,0.0013633706732316,7.05135189262685e-18,0,1.18303721651786e-17,4.9551698950276e-19,0.0140485833078287,0.0112340366872711,0,2.04571858829962e-17,0,0,1.04961655117899e-20,0.153210224237077,9.63889331400251e-19,0,0.027773383862159,0.0278702404016066,0.0151014054343229,0.0297890721855389,0.0448904776198617,548nash16,GSE162694
0,2.35634757699267e-20,0,1.28629844110652e-18,0.0430169214270639,0,5.62615838161832e-18,0,0.0214661193619776,1.12519874277814e-18,0.000179505555743477,2.98991765697651e-18,0,7.30558094249831e-18,2.07424039545629e-19,0,0.00487403412924954,0.00783561408632083,0,5.56050561520791e-19,0.0041909696249727,5.28533635680745e-05,0.00933648327622079,1.31295584595736e-18,0.0174458381434563,0,0.00209685298326459,2.75629374652503e-19,0.0602412139650871,0,0.000122625941767018,0.0078269776523948,0.0114914490638709,0.00503518652262402,0.000491433959857871,0,0.00229841732440453,5.33093527737298e-19,0.0325811426288768,1.63001052951381e-18,0,0,0.130073955758695,0.00775403725789501,0,0,0.000972471171795296,0,2.40449712085003e-17,0.0415560880180539,0.0427420616006472,0,0.0537439432326872,0.0138408689464901,2.66300856705026e-18,0,0,3.87147292676853e-20,0,0.04825160955154,4.09211395568199e-18,0.0381670991628207,0,2.04381040543802e-18,0.00558084331721385,0.0108184038842145,0.0163992472014284,GSM4957382,GSE162694
0.178200371607755,0.00128855768771981,0,1.36757767933255e-18,0.0857320529652805,0,4.39410233388078e-18,0,0.0320778452199743,0,1.57360408035442e-18,9.08650751083755e-21,8.61969895080316e-18,2.47691353452323e-18,0.0324482874253871,2.76878183678438e-18,0,0.00635547360491891,5.95501829139851e-19,0.0100767711374499,0.0358304384431661,4.56309579028502e-19,0,1.46706370522885e-21,0.00628111572315037,0.0463966431459014,0.00211790433453551,0.147046892147267,0.0987147454922856,5.04679472495538e-20,0.000232480948037595,0.00593468937790563,0.00395430038947448,0.013932173572495,0,0.00112105811530119,0.00282708317145853,6.90184178760607e-18,0.0234872943328646,0.0112747224449743,0,7.53638841070641e-19,0.0133513890405573,0.0414974311393715,0,0,0.000313779684700745,0.00297876815248278,0,0,0.0203064743520486,1.78725695184527e-20,0.066146922781951,0.00277246031212422,1.56510557125409e-18,0.00839313677088121,1.72014422970497e-17,0,0.00116641021247636,0.0685762631409844,9.47969687285564e-18,0.0071477403249368,0.00783003851758472,0,0.0126601524452256,0.0217000559270181,0.0343602083722437,GSM4957383,GSE162694
0.0118758951770574,0,0,0.00466441665843431,0.0649919732709289,0,0,0,0.0116609450589793,4.70809187757138e-20,2.42602469072037e-20,0.000725954085436819,0,0,1.6367549850601e-19,9.77632128997257e-18,0.00320672481374997,0.0435965298727261,6.14887760416395e-20,0,0.000771519332418666,5.43297706349907e-19,0.00186581967995678,2.03938026387555e-19,0,4.59713431420108e-19,2.74736816789109e-21,0.00885502206597917,0.0224473885248124,3.20024633134232e-19,8.26497900751125e-19,0.00918363787684042,0.0067051883148838,0.00786641822090477,0.00153582513650387,4.59581314349995e-19,0.00163477988268079,0,0.032126264980875,0,2.89272762294533e-18,0.00131341122791554,0.0681538657971202,0.0080442732528562,0.00532938583051931,0.00127112016999192,0.000366332651408422,0,1.71495063410048e-19,0.00915483315279775,0.00641037028538905,0.00254519947152804,0.0246683724197603,0.00696480855144952,0.00409353509783395,0,0.00246338830464794,0,0,0.156639496591154,1.57894325987316e-18,0.0173607458678037,0.015039082005775,3.16250593581617e-19,0.0107398891714769,0.000385759666209333,0.0111256488376863,GSM4957384,GSE162694
0.0543282958126684,1.73902595180529e-20,0,0,0.0885665273609669,0,0,0,0.00349314975647681,2.62006033178974e-18,0,0,5.74633048147911e-19,0,0.0121257431362063,3.44243484574207e-19,0,0.0190044774307095,2.15658633898006e-18,0,0.0338537294262772,1.34589640627352e-18,3.05923751740175e-19,0,0.0565675982923674,0.012542981400118,0.00194256978575303,0.0911159458078789,0.0252537168961831,9.06723123207585e-19,0.00509671597185829,0,2.88269509303499e-19,0.00327178776219329,0.000788374053493618,0.0030636418560739,0.00358441333696918,4.29673397577651e-18,0.0196342496748553,0.0233493849457869,0,1.54465592122545e-17,0.00205908428854002,0.0158304843299838,0.00253110966463259,3.80292260377892e-19,0.00335547331187843,0,5.32138655781637e-18,0.00347925054635471,7.38217882985948e-20,0,0.0116988388035194,0.00490787544116073,0.00237578759375339,2.26926293463845e-19,2.10382978948054e-19,3.43143531767854e-20,1.91874473904679e-19,0.1600567491986,0,0,0.0164740108623353,0.0243736851603769,0.000525582702329083,0.0452106638593223,0.0457362465616514,548nash2,GSE162694
0.167027085551803,0,0,0,0.0374100510558229,0,0,0,8.19916643369387e-19,0,6.84392299588774e-19,3.67019090670267e-20,0.00260746841772694,8.48480175296117e-18,0.0323479171339348,0,0.00620974520998226,0.00817556281260841,2.22946254118879e-18,0.00426951088892394,0.0235620766907021,0,4.33566872690411e-20,0,2.64987472657515e-18,0.0449657484776537,0,0.136355001986209,0.00042933874500833,0,0.00166770220943331,0.0262404444860697,0.0108351764746359,0.015920980963816,1.2812723522712e-19,0.000504604536900656,0.000894676233287503,0,0.0295470660718613,1.16556231399287e-18,0.00610960622725834,0,0.025914497489561,0.022564991642543,0.00179653200414952,7.29451005469533e-19,0.000225741360172392,0.00219235546111434,0,0.0100465669475604,0.00631882695022609,5.66890051737523e-20,0,0.00337797261230277,0.00729545821385705,0,3.41065973646008e-18,0,0,0.147489948842896,4.52674577384436e-18,0.0120699470211843,0.00358556271457093,0.0290240931130226,0.0258746113755776,0.011781038345351,0.0376556497209286,GSM4957386,GSE162694
0,0,0,1.5381689488246e-18,0.0728156177339231,1.44260488710821e-19,0,0,0.00715124453756257,0,0.00553687009766634,3.02707626351433e-19,1.3699539982871e-18,9.21786181545977e-18,1.33242976420805e-19,8.78501614252473e-18,0.00775302715466951,0.0494913238367381,0,0,0,4.03866300763126e-18,0,0,4.26973066552695e-18,8.48788117521592e-18,0,0.0364790370740867,0.0177268180691229,0,3.22924467691582e-19,0,0.00137362475715441,0.00053655560401228,0.00108319926509851,0,0.00217349107282504,2.08769615310796e-18,0.0403292784469422,7.22755277391507e-19,2.21998164401535e-18,1.07989326729255e-17,2.90388375412664e-19,0,0.00755066866176128,0.00131681122048894,0.00131774221068649,0,0,0.00764324953072222,0.015203270048186,0,2.66376410330377e-17,0.00268771152308924,0,3.37330270610998e-18,0,1.76263598623975e-21,7.59039989018917e-20,0.205190590132426,0,0.00940693180253037,0.031915001746999,0.00585451887587447,0.000722132843399013,2.13486533276348e-18,0.000722132843399015,GSM4957387,GSE162694
0.0305202052209662,0,0,0.00465224588759544,0,0.00331886147583668,0.0110603639564775,0.00918021716085451,0.0351828902120997,0.00127893951534098,0.00428516952218245,0.0361631834021433,0.0101064581553932,0,0.00828776747085786,0,0.00573106533559032,0.051349241272415,2.71832829948062e-18,7.44797755233318e-22,0.026313040790125,0,0.00629340034119925,3.64524605539135e-19,0.0829610870785931,3.03970992880978e-18,0,0.0303129814283678,0.0545974694309873,0,0.00351903768015955,4.92494205202961e-20,7.85164018729434e-19,0,3.32671414652623e-19,0.000514941436785558,0.00137868672754134,0,0.0137039992018126,0.0221664923424549,0,0,0,0.0127795442405478,0.00434784858411017,0.00123634655006407,0.00656554496120271,0,0,0.0103983449542363,0.0363328691424216,9.13414543923755e-19,1.86380773660718e-18,2.69275011809997e-19,0.00471244100599269,0,0,1.41860333323846e-19,7.71761739989873e-19,0.290559625143896,0,0,0.0181518709372321,9.84475083723137e-19,0.0333304309670622,0.054637063934359,0.0879674949014212,GSM4957388,GSE162694
0.00617342612707192,0.000568613322412571,0,4.26809442904694e-18,0.0479696032932956,6.0857230440023e-20,2.71140423201768e-18,9.4644927858608e-19,0.00915053191258607,0,0,0.00172997301510936,0,2.53595192798453e-18,0.0160498858041908,0,2.60871424921557e-19,0.0256696593126112,0.000137681690972302,0,0.0128579692033915,0,0,0,0.0176032696587564,0.060838868266621,0.000944209450234995,0.145368987934509,0.0276893881655725,0,0.00258312917219996,6.33935872902001e-05,0.00282005171933669,0.00459492235704428,1.5989997025385e-20,0.000177686976481842,0.00225162295741343,0,0.0337837980819159,9.16216291749157e-19,4.40419023246737e-18,1.33705576301649e-18,0.0271051574367767,0.0120488937318586,0,1.22693667974877e-18,0.0019115135435107,4.15651068424842e-20,8.04521889254223e-18,0.00934328254872547,4.82530219348373e-19,1.09523454864252e-18,0.0131701789490438,0.00259877606866367,3.83417566612905e-22,7.22408614387151e-18,1.06201499561206e-17,0,1.00792008669291e-18,0.169447347306773,7.37728588156254e-18,5.06035877002427e-18,0.0422678297206323,0.00846003875058026,0.00119557773493305,0.0155149260922802,0.0167105038272133,GSM4957389,GSE162694
0.0211945012989292,0,0,3.54051516522667e-19,0.0898475272512152,0,5.98795677342487e-18,5.78056826641566e-18,0.0103221719727613,0,0,0,0,0,0.0365222066449402,0,0,0.0167106208718986,5.11934727398885e-20,0.00110156603579359,0.0418382061006613,1.31199990201047e-18,1.38766543222771e-19,0,0.0180158405509294,0.0197907843599411,0.0027480203313594,0.112820758925303,0.109701129762961,0,0.00975780056857789,0.000632360482879411,0.00708238746704696,0.00435096136967444,0.000852224680696092,0.00231499964451449,5.14186296500505e-19,2.68483183200499e-18,0.0257650833135263,0.00949730395275012,0,2.6143587720584e-18,0,0.0309942170867576,0.00220289463915884,0,0.000982773792197228,0.00218919007733565,0,1.26719219898478e-18,0,0.00904229225224467,0.032135928351044,0.00698912951177963,0,0.00495783496519862,3.78714874186228e-18,0,0,0.130741649353481,6.55814950735917e-18,0.00148571005954117,0.00811177908636675,0,0.0031835608511365,0.0299270233257954,0.0331105841769319,GSM4957390,GSE162694
0,2.31878996365886e-19,0,0.00118334049748888,0.0385743514779072,4.49814950337528e-05,0,0,0.000895386497151923,1.14167740422883e-18,0,0.0237531136781302,0.0128697794161478,3.14340053740008e-18,0.0282468337634899,0,0.00233895874838748,0.0599621828881253,2.65844511820785e-19,0.00404488975481326,2.99557010372686e-19,0,1.69829913264208e-19,0,0.0182249492191124,0.00710490288316204,0,0.0450742552934657,0.0327549523464046,1.70838919650436e-19,2.80094333675252e-19,6.88008836738472e-19,3.43018346832017e-19,0,0.00173857996571502,0,0,0,0.0221272741551122,1.73504840801628e-18,2.51743635615915e-19,4.20862167704746e-18,4.98758036118295e-18,0,0.00584215082589545,0.00290679303470852,0.00323358692035522,1.8930513422854e-20,1.04342403847629e-17,0,0,0,4.58336822332387e-18,0.011973469202122,0.0202114018539419,1.28453395191082e-17,4.61280235353804e-19,0,3.2508459802428e-18,0.22539165871453,6.34851105839029e-19,3.06779537681706e-20,0.0331329991946938,0.0284913017181141,0.0204799492640983,0.00911247460955621,0.0295924238736545,GSM4957391,GSE162694
0.0344042595475533,0,0,1.56429247365802e-18,0.0236719414477944,5.73615194749709e-20,1.87605291273009e-19,7.20638142588423e-19,0,5.22242418110761e-18,0.00184371945004116,0.00896097782654302,0.0116000477619994,9.80326388477063e-18,0.0254870039071073,6.22580124577451e-18,5.53722247465251e-19,0.0683851568407268,0,2.39536180347141e-05,0.0132202026592276,0,0,8.63796066803384e-05,0.0321030017134912,0.0323973219279562,3.54485734811535e-19,0.148729840603621,0.0407448755206513,0,1.17725904605646e-19,0.00421058511890631,0.00484978814714209,0.00346339261489427,5.65917824994815e-20,5.98335243657233e-05,0.00200139165819665,0,0.0247195996663389,0.00317138320801044,0,0,0.00702815831629833,0.00906615281021526,0.00548260725380788,0,0.00270379241793308,0.000504840396721235,3.13727398788569e-18,0.0038240973569174,2.65341976530377e-19,0,0,0.00139914939302845,0.00409316641387446,0,9.52120624940298e-18,0,0,0.207319817914203,6.76375425661826e-18,0,0.0463486035294989,0.0156197783199831,0.00913357130680352,0.0226616021863594,0.0317951734931629,GSM4957392,GSE162694
0.0436627300400172,1.05828950885292e-19,2.26729631734665e-18,5.42131199175705e-19,0.0402045139659789,0.00500374077863023,0,0,0.00459154554517736,0,5.18172861168713e-05,0.0164294819862866,0.00339957636513559,0,0.0278505356996774,0,8.22983517481583e-20,0.0602760371641024,1.66854071120508e-18,0.000633037198137376,0.00233666456766628,1.69437172788439e-19,0,9.08604184448137e-05,0.0539042367500533,0.00783362435482012,0,0.0876835373016006,0.061192534713732,0,0.000706224233932114,0.00205996977756419,0,0.00962642663360038,0.00224887564753745,0,3.55865842674808e-18,2.09802775863449e-18,0.0193330860386697,0,4.10647077464587e-18,0,3.19758222127072e-18,0.00106830868485057,0.00378248285150372,0.00143646686854043,0.00463881879772171,0,0,4.74534701400417e-18,9.19331893878168e-18,0,1.17664297813061e-17,0.00321215180978564,0.00891649578335365,6.06007095642502e-18,0,1.7490583493935e-20,0,0.217975691402267,0,0,0.0453855993453941,0.0169575036940237,0.0142475764063504,0.0281204506588598,0.0423680270652102,GSM4957393,GSE162694
0.0259237731898443,0,0,0.00621497102577752,0.0340639888851134,0,0,1.41290494725186e-18,0.0257894273550974,0.00318266923262008,0.00869330998011624,0.0107938824176012,2.1517546340155e-18,0,0.00548460879596703,8.58791547256055e-18,0.0140186164921048,0.0875237670327703,6.37736974399236e-18,4.63271278814212e-21,0.00165978930269288,1.70953067679463e-18,0.00291759648160633,1.91274415046762e-21,0,0,0,0.00691795055885698,0.0584848585476045,9.34205486656836e-20,4.84343907444578e-19,0.00772152836475648,0.00381556396164439,0.00660957832298775,0.00159955620853641,4.2163956123193e-19,0.00379153077259338,0,0.0448264024100658,0,0,1.40007829357694e-19,0.0917888981110015,0.0055321659152495,0.00371766785432197,6.04187597760396e-20,0.000825890625676749,0,7.60055775203282e-20,0.0250449606569519,0.042674078207372,0.0019434423346847,9.22369495472671e-18,0.00169975654409801,0.00423092745441584,3.88872831477082e-19,0.00114137580566827,5.42101086242752e-20,0,0.209051763360256,0,0.0234348644480573,0.0170728498123552,1.31705870906678e-18,0.0175532920111144,0.00082989465134644,0.0183831866624608,GSM4957394,GSE162694
0.248128484786797,0.00196320471974075,0,3.22578749879305e-19,0.00817388862866266,0.0239102187468007,0,0.0152760065145568,0.00286378058496308,0.0423516127482007,0,0.00777659371193971,0.0155798241106766,0,0.0523717956404397,3.18829177501958e-18,2.79101561831554e-19,0.0469925443538,0,0.0117858266090186,0.0440764211831127,5.37873917041695e-19,0.00849531440327594,0,0.104912289600577,0.0162107649384132,0,0.037953704885788,0.289045693076205,0.000163926549889918,0.00397090598408273,0.0356135722565552,0.0123913763813455,0.0131588632497135,0.001869327217326,0.00335428853741279,0.0014387006766211,2.78208913573149e-20,0.013131251614473,0.0937128366503421,0.029494829575101,8.79700124139152e-19,0.025156780818596,0.0332035889456476,0.00132133738406406,0.000817113471884554,0.00352524999292183,0.00314054914945603,0,0.00605548485620201,6.81524241253149e-18,2.2245092323836e-19,0,0.00293345764339975,0.000606063611532048,0,2.09775767247608e-19,4.5757828614652e-20,0,0.245114601882659,3.61349302681452e-18,0.000548566820850477,0.0290961480117999,0.0462933715938021,0.0699711366893022,0.075475957751715,0.145447094441017,548nash3,GSE162694
0.0950848443747992,0.000427994067118217,0.00330552037685665,0.0147690931650453,0.079526831112313,1.67849103275165e-19,1.37682476967674e-19,0,0.0437797799912216,9.34357610452083e-19,1.12767947313962e-18,0.002306778283885,0,0,0.022389978039912,0,0.00782823739295793,5.63238830695716e-21,0.00227981843714277,0.00130455303618785,0.0241606306418545,0.00983227878441702,0,0,0.00061817719589341,1.33487071411867e-19,0.00136086217187415,0.00666866131154485,0.0167802649255602,1.64905011593233e-20,0.00694424993054368,0.00613344631030351,0.00775244203552181,0.0110164290003069,0.00627503611068748,1.31210703902195e-19,0.00475010435151858,0.00277953927636736,0.0105871022416228,0.0151617897182387,0.00231778070647564,0.00154255510232494,0.00705821356046679,0.0242831356986464,0,0.0041016236098426,0.00100000017555045,0.000484884724878171,0,0.0152032717260959,7.54720183549738e-19,0.00811833105970975,0.0397019158957366,0.00337406999467727,0.000128892402766217,1.12817723760188e-18,0.0133222373404899,1.32561391757698e-19,6.48111069968339e-05,0,0,0.00076756107678708,0.0186418583918515,0.00836205664481233,0.0289492340812533,0.0126034009524331,0.0415526350336864,GSM4957396,GSE162694
0.0340954763541684,0.0014160766046764,6.3856819657932e-18,0,0.0733867295713521,0,3.569878821039e-18,3.93428621078775e-18,0.0209450805644599,0,0,8.80170706849229e-19,0,0,0.0113445821753559,0,0.00956217013855165,0.00797184028628636,1.25466718647784e-19,0,0.0438163902648191,0.0014092386796581,1.0016492849991e-20,0,0.035854303697381,0.00600841351596823,0.00127212106726961,0.106109475905189,0.0257160864090251,0,0.00952863868495664,6.35517189667996e-19,0.00139264566263986,0.00717978850529263,0.000163818974662894,0.0014170125199409,0,1.2866606117498e-18,0.0269585607689428,0.0182924641612211,0,9.75822244044486e-18,5.46893367219938e-18,0.0336743526134512,0.00258531804842208,3.5527407687345e-18,0.00155277820795953,0.00121514808785547,0,0.00353405150123031,8.50679319994614e-19,1.97610865419306e-18,0.0181971268448372,0.00122307347914291,2.42022229574151e-18,8.78933117613917e-19,2.78455524198277e-18,0,0,0.123801601503833,0,0.00810580024209502,3.4465113344747e-19,0.00268873559687282,0.00185880382811765,0.0405433852834383,0.0424021891115559,GSM4957397,GSE162694
1.97478687047129e-20,8.8878906260041e-20,0,0.00873865013050241,0.0570433966481132,0.00652098240169056,2.95150164475479e-18,0,0.012330452610812,1.47647627480914e-18,3.81339897302869e-21,0.0264124560288883,0.024855050845728,6.36979897935977e-18,0.0151114778960552,9.3116242358953e-18,0.00419998384019541,0.0612519072763139,0,0.000195494604707489,0,2.63603941155194e-20,0,0,0.013942970062769,0.0170758254332811,4.35101980709123e-19,0.0397206821634368,0.018105934393168,3.60082759556131e-19,0,0.00154048181582159,0.00212071843334096,0.000661336215131557,8.28770894225035e-05,7.13193093050874e-19,0.000513001589777952,0.000209750503165864,0.0292053580823493,0.000826837753431577,0,0,5.48908121469624e-19,0,0.00250989469756016,0.00570159601190702,0.00358669803342789,0,0,0.000982977333469841,0,0.00294461102110439,0,0.00301945960604842,0.0099294516758944,1.92310735762987e-18,0.00287496738493795,5.35887934530424e-20,8.71978722909697e-19,0.20338352509912,1.08200510505923e-18,0,0.0453668936354348,0.0258558388742814,0.0246466397795616,0.00697148503138452,0.0316181248109461,GSM4957398,GSE162694
0.00223122269633404,5.66359926403008e-20,9.1930575652115e-18,0,0.057366996925689,0,2.70742025557122e-19,3.14855574270351e-19,0.00595480392217702,0,0,0.00386373213675968,0.00492388613511658,0,0.0253629744531852,6.77797041148517e-18,0,0.0287846080989717,0,1.03368874165249e-19,0.00893636709767121,0,0,0,0.073546381280949,0.0229031670143424,2.13211162201211e-19,0.149731381898373,0.0640028417752093,1.34942025346348e-19,0.000421787839538301,3.852932995448e-19,3.58705611487911e-06,0.00210330590113486,0.000266554159314098,0.000329871954057573,7.22847650991099e-19,2.74350086278006e-18,0.0134236411329091,0.00969005847126358,0,1.28495725510444e-17,2.22496975789848e-18,0.00318533770912517,0.00116689643565127,3.22386802347665e-21,0.00385102352660004,0.00126230983942226,1.24884272357946e-17,5.25683310182412e-22,0,0.0246317702449274,8.06927985613067e-18,0.00744174275929377,4.60750151332898e-20,0,0,0,0,0.20218054602261,9.46407671618232e-18,1.16759322502143e-18,0.0382997790867836,0.0195750952404511,0.0035950640903307,0.0412413741893101,0.0448364382796408,GSM4957399,GSE162694
0.0350883861074575,0,0,0.00759426767208913,0.0784721001936439,0,0,9.64049411707101e-19,0.0164901488270703,1.35254072692491e-18,6.63364581393434e-19,0.00135760882416454,3.97864864995879e-19,9.64445510207648e-18,0.00990186679711108,0,0.00247672480714449,0.0222504033712989,0,0,0.0175277958030704,0,0,1.69075281599116e-19,2.08254243611917e-18,8.73090142619055e-18,0,0.00514820748405497,0.00598308504628095,0,0.00250717361688052,0.00769378034864416,0.00485642384746855,0.0100724633932978,0.00374545202334654,7.81067048302225e-21,0.00212398359014261,0.00142185995412151,0.0306975182253504,9.82330608481094e-21,9.19704202158076e-19,0.00265240563995666,0.0171129576960658,0.015766185339565,2.27034468200048e-21,0.00267488078159996,0.00123274553761603,0,6.01017113305202e-18,3.63111591012015e-19,0.00153843181896151,0.000946288740703708,0.017679126588616,0.00547477228732947,0.0025958681986455,0,0.00296681034275892,1.16472139442227e-19,1.6627838940825e-19,0.160239777569616,0,0.0134891472090365,0.000227486403056768,0.00524887139990305,0.0135940725788296,0.00876389790153521,0.0223579704803648,GSM4957400,GSE162694
0,0.00124464491161269,0,6.67386002927995e-19,0.0365480081018525,0.00222642878633179,1.8610239536958e-18,0,0.0220149176721578,1.48085823327966e-19,1.02521639740597e-19,0.0144696862808968,0.0116206600125437,1.61536045245594e-18,0.018546128855152,1.40514783327328e-18,0.00114697929139697,0.0162626998223829,0,0,0.0259405745918588,0,4.83042233025179e-20,1.05495294944116e-20,0.133957963051982,0.017716715482993,4.26567040281796e-20,0.0951407065641473,0.0959145269107138,0,0.00420979068430143,8.92973033196148e-19,0,0.00300696140743276,0.00316623378650343,0.00047206398157366,0.00115145748375177,7.54872956985398e-19,0.0163303380398399,0.0405409723598188,2.95645917654294e-18,6.92345489318666e-18,0.0298937019667981,0.0155697090984358,4.90247366431577e-19,0,0.00435148494386087,3.30557331302779e-19,8.15531152752911e-18,0.012099718139656,1.51776497514884e-17,0,0.0246257335940071,0.00767016792797043,0.00461069486530331,0,0,0,1.50848663802654e-18,0.153498393116811,9.50474287191581e-19,0,0.00950752204905907,0.0341637250537784,0.0117572800449335,0.0805715912777269,0.0923288713226604,GSM4957401,GSE162694
0.129102965493915,3.06558610022114e-20,0,0,0.120837237328621,2.53909769871841e-20,5.72658156759909e-18,7.76194443512758e-18,0.00214612325199647,0,0,0,0,0,0.0278100867043375,0,0.000204640539308582,0.00493472626736846,0.000132967433786667,0.00388225588934833,0.0410477189661528,1.26598822398301e-18,0,0,7.39527615662089e-18,0.0137331901173533,0.00169034276876389,0.152317384720536,0.0557194996057866,3.99937180270401e-19,0.00181184521641904,0.00101923040283355,0.00881261037915126,0.00628302204320321,0,0.000587130862609092,0.00754050654182657,3.401615180406e-18,0.0267371831488435,0.00540637747754963,1.18203698028141e-18,0,0.0708910899603926,0.0401347460818502,0.00144320462756578,0,1.96104772925199e-05,0.00195122399612431,0,0.00948830694934301,0,2.00249836313331e-18,0.0219926877796711,0.0114280701769016,6.73636745477686e-18,0,0,3.65302379502299e-21,0,0.0745618141200323,1.6448248069309e-17,0.013291715374613,0.000158056094328067,0.00208556305350386,0.00456847352553747,0.0205238594830764,0.0250923330086139,GSM4957402,GSE162694
0.0319730873138735,0.00264640009980307,0,3.65726510262331e-19,0.0539906646024021,0,1.0358675367922e-18,0,0.0184222936831934,0.0115547229844064,0.0019216365745485,0.020653995730728,0.0167096873865447,4.71178946430751e-18,0.0135981479686657,0,0,0.0282927738951105,8.3402744451948e-19,0.000306735127306837,0.00651098972753053,0,8.688794813965e-19,0,0.102401510980406,0,6.44953653313395e-21,0.0610113753996663,0.0700094891017638,0,0.00115975232331718,1.0939924492055e-05,8.38520186048323e-05,0.00516821877362536,0.00190085905808046,0,0.00119301661743751,1.95585364443266e-18,0.0177972579703585,0.0148261986541512,0,9.28257557732148e-18,0.0122283592629422,0.00380469735952923,2.3231141275704e-18,0,0.00445504633703798,4.2699020251399e-19,6.63743135692384e-19,0,2.85271093393773e-19,6.2103142026641e-19,0.00959293274605279,0,0.007331898593295,0,3.34676385440403e-18,0,1.45733555923855e-18,0.193708376357392,0,4.29610509636715e-19,0.0384770725275362,0.022677247304619,0.0152483532270716,0.0557794504038696,0.0710278036309412,GSM4957403,GSE162694
0.010525899501058,4.70783628189675e-19,3.43182771130268e-19,0,0.0362518457155693,0,0,9.22960013804659e-19,0,2.18215934670952e-19,0.000710264693924205,0,0,5.04714958357459e-18,0.0119511417207064,0,3.57568183554128e-19,0.0525503264491363,0,5.34438395382043e-19,0.015160409961633,0,7.90737903459501e-06,0,4.33819264085134e-18,0.0175173206783712,4.12827710495967e-19,0.0894984585543098,0.0285314081886767,0,0.00337937258335375,0.00780404573950271,0.00945638188446705,0.0047975780089332,0,0.000325355695911982,0,0,0.0437688332618585,0,1.22146544556263e-18,6.38640405175008e-18,0,0.0147247586983849,0.00436644424252871,0,0.000887716646564853,0.00103506653752807,0,0.00319493869940256,0,0.0017827797504677,1.55038158113393e-17,0.011313024506401,0.0110168596800225,0,0,0,0,0.218974966913443,1.40334152531114e-17,1.44631538233667e-18,0.0513384209397058,0.00712971528617696,0.00589274151802052,0.00758020498081649,0.013472946498837,GSM4957404,GSE162694
0.0950583354445047,3.11515505543881e-20,0,5.30764192162088e-05,0.0957951507184618,0,0,7.68809363460024e-19,0.0140722415443385,7.35801194578785e-19,0,8.63320402930513e-19,0,7.29434719429426e-18,0.00900615970866728,0,0.00463376596852176,0.0409102415242395,3.94069277857211e-20,5.16288393324607e-22,0.00159225324971262,3.6292373442233e-19,1.54988646346444e-21,0,1.33190653736063e-18,0.00358647428619213,0,0.0257538108639956,0.020448923395126,1.02429077712405e-18,0,0.0131930289997822,0.00693289331981665,0.00958343427133463,0.00116371923221297,0,0.00469728835653914,8.94376640477098e-20,0.0269311805559385,1.71973654894349e-19,6.16371910847615e-19,0,0.00594846649432957,0.00591040686197394,1.11088569099559e-19,0.00179914687590764,0.00179086922558961,0.000639218014823565,0,0.00687000398855738,0.0137205414518208,3.7010740663384e-05,7.70688126250184e-18,0.00105885231374064,0.00101078743403677,3.55956207537362e-18,0.00162338923483331,0,2.58270787868689e-19,0.180386661710986,3.91393840524605e-18,0.00486036890097912,0.0208495622789847,0.00625987099791514,0.01003269511069,0.000796126624856309,0.0108288217355463,GSM4957405,GSE162694
0.00524307314249794,7.33897387925423e-19,0,6.14149485060368e-19,0.0332613116385638,0,0,0,0,0,1.87688336738709e-19,0.0031836617168345,8.02247938435243e-19,3.371668459747e-18,0.0323676991413466,0,6.37471444543432e-20,0.0349472798122513,6.41230591180647e-19,0.00181829404243893,0.00652039183828172,5.6667787686833e-20,4.50302170841472e-19,0.000507905276727183,4.33923802971349e-18,0.0236536065914126,0,0.145428058213118,0.0309762407137277,2.52752999305755e-19,0,0,0.000256278800264933,0.00144763715209778,2.63287551928681e-20,1.42709109968994e-19,2.89508997043347e-19,4.26124871268566e-18,0.0404772833284862,0.00510546997215447,1.33891233515908e-18,1.56962803978908e-17,0,0.00435179192096137,0.00471051603448353,1.92589485875593e-19,0.00362843438414362,0.00221630184226839,0,0.0024278076326965,0,0.0103565292844046,2.47558506119223e-17,0.00750951145936746,0.0155699496363375,0,0,0,4.11654231397429e-18,0.225409297912503,4.3082141706609e-18,0,0.0413818371341412,0.0226615712762864,0.00481217173436122,0.00326019591914086,0.00807236765350208,GSM4957406,GSE162694
0,6.20600099289128e-22,0,0.0060264451998936,0.069275640286797,1.36319234009236e-05,1.90487781276251e-18,6.45746650640921e-19,0.0283158592479227,0,0,0.00841400734417215,3.61964938750723e-19,6.12637858254862e-19,0.0150349788976165,0,0.00152434092870078,0.0234549772199386,0.00123439436517909,4.56877389460095e-05,0.00522299456325888,2.6223028042356e-19,0,0,0.0720527768874947,0.0325084426242019,1.51430382315379e-05,0.0371059702446625,0.0548266265092791,1.01882258454678e-18,0.000863514181844045,0.000132034152409703,0.00364082395708833,0.00341855636004688,0.00167604868589991,7.1209477017415e-20,0.00204038610614352,0,0.00904443347671331,0.00948142201758405,1.01898549297496e-18,0.00857690732367296,0.021113180075824,0.00346851018357821,0.00650702132100199,0.00129485275790007,0.00483889430952207,2.29592256076649e-19,6.48378052632817e-18,0.00599459952514406,0,0.00232515089154954,0.0222956404206626,0.012194495789049,0.00253664904651657,4.20416162564807e-19,0.000118431260774326,8.58644631910178e-21,0,0.162727640601898,1.28671470895236e-18,0,0.0358933744660017,0.00656873656798023,0.0108628154142143,0.0386378857253768,0.049500701139591,GSM4957407,GSE162694
4.75063309154904e-19,0,1.84176887178372e-18,0.00536656807891236,0.112314261906185,3.18944162682136e-20,0,1.72618084847201e-18,0.00982423769303118,2.00018190060148e-19,6.09271215926223e-20,0,3.71097006877912e-18,0,2.43455499728939e-18,0,0.0390515456701366,0.00912713100653917,2.77880364229375e-18,0,0,0,0,0,0.0114227134829314,0,0.000598267750902675,0,0.00612423021524233,3.29439425596039e-19,7.98414303764306e-05,2.53928141664241e-18,0,6.11502553950717e-05,0.00463015016260103,2.06587843727396e-19,0,0.00318092018773645,0.013183043310982,0.00477371292319962,0,0,1.77287721715245e-18,0,0.00691306390198843,1.43078499260125e-19,0.000670434593631096,5.59175401129822e-19,0,0.00608292381031069,3.68090405092774e-18,0.00653178030908631,4.66172578854466e-18,0.0145622001976853,2.0555011008377e-18,4.96905356871044e-19,0.00981282544437852,4.48807500380783e-21,0,0.0726079429345504,1.89880776299086e-18,0.0048462758160291,0.0213284757889349,0.0072805732389319,0.0066644788276756,0.00571135674146571,0.0123758355691413,GSM4957408,GSE162694
0.189639654768476,1.84757816218276e-19,4.87853308477088e-18,0,0.0331780596147271,0,0,0,0,0,0.00207140906628985,0,0,8.99074402276142e-18,0.0213085216164091,5.66355677532828e-18,0.00492169948292725,0.0222458380898397,0,0.00174173621494117,0.0109212514163706,0,0.000335666237970881,0,0,0.0314867102244329,0,0.0512485726175346,0.000206578017103029,0,3.19844947987943e-19,0.0277469894549216,0.016250120001163,0.0123747677702342,0.00113967293096937,0.00095513937771654,0.000169119536904004,1.24599068665942e-18,0.0375218055584989,2.19089506809082e-19,0.00915959604679793,0.00446674620437498,0.0453470850680476,0.0169361610235932,0.000560397772104696,0,0,0,4.72272866647808e-18,0.0257625672597237,0.0308837495620747,0.00108961379968542,3.43333822582212e-18,0.0077377053907006,0.00123121884756394,0,7.59111716009299e-19,0,0,0.146017426552604,3.99226393717949e-18,0.0152832053949029,0.0233183821279134,0,0.0265253297650867,0.0054606257081853,0.031985955473272,GSM4957409,GSE162694
0.00872766833156571,0.000615453964054643,3.19240354909249e-18,0,0.0854098774302107,4.92701795100728e-20,1.58626435773009e-18,7.50806826777218e-20,0,0,1.27645143524823e-19,0,0,5.73139501202501e-19,0.0240449578212604,4.58596704592529e-19,0.0170106593105315,0.00451590136385572,0,0.000850985044160633,0.0147546225161636,0.000357076781119558,0,0,0.0129808569523146,0.0115503727715936,0.0024516882983849,0.0656257730900007,0.0769582778680391,0,0.00156348937405092,9.52467268699601e-19,0,0.00192695593942194,0.00283826184939559,1.32919223955691e-19,0.00136253110927663,0,0.026816122000526,0.00986469375751923,0,0,0.00780713340807226,0.00826485717335156,0.00159521675724752,0,0.000998815570783099,0.000904311143460389,0,0.0231826258223626,0.00380110481265181,0.0027634346172668,0.00357693745077626,0.00624591503716369,0,0.0032012384341609,1.66811125732603e-20,0,0.000372230866895809,0.0550405505563595,6.31863141088609e-18,0.000787604870013785,0.0381694753818617,0.00601927622911725,0.00330042321209078,0.0141754667162664,0.0174758899283572,GSM4957410,GSE162694
0.0102254340073477,2.51861526639797e-21,0,0,0.0772859969027157,0,0,0,0.00540998200536658,0,0,5.379753670625e-18,0,2.66637326434462e-18,0.0023766757679612,4.9130642454937e-18,0.00182012727969708,0.0065260220360884,0,9.48202057866108e-19,0.0111810932507832,0,9.0291950706068e-05,0,7.48842994415663e-19,2.74813893670416e-18,0,0.0684823344586956,0,0,0.000794533785628095,0.00644327805732567,0.00375683876714947,0.00760897473935001,0.00056789048549328,5.92921702410735e-20,0.00128574716340132,0,0.040383116217121,1.1349796214572e-18,0,0,0.0546076089398917,0.00862901375703666,0.000612874160734816,0,0.000237978478736668,0,1.84640463954143e-17,0.0122731087715387,0.00034576543635481,1.27525715393345e-18,0,0.0125260773844716,1.1831093521815e-18,0,2.04151430849154e-18,0,2.04394461396824e-18,0.0481765807857703,0,0.0251633030348591,7.80688783836656e-20,0.0178935940985494,0.00467411236187931,0.0055905466253916,0.0102646589872709,GSM4957411,GSE162694
0.0303885923045523,0,0,1.01826470611329e-21,0.0708959190383615,1.12441788140739e-19,5.12053976576224e-18,3.95910666331528e-18,0,4.44326984438595e-18,4.04124660590415e-19,0,0.00501224162985638,2.88952301699306e-18,0.00709453360619477,4.86901632210315e-18,0.00997938387210617,0.0215442683344078,2.54266282112506e-19,0.000200760275826353,0.00363669585726149,0,0,2.84047986331953e-05,0,0.0241563255013132,0.00037065045892053,0.0442891005949209,0.00560371554783471,0,2.54637358131029e-05,0.00065955962147614,1.75106817426418e-20,0.00343904526361884,0.00148039706509994,0,0.00121346108037467,0,0.0168970008236633,1.57808324507062e-19,1.04081450767729e-17,3.97342292719215e-20,0.00456086216125973,0.00281382275641394,0.00595232132104509,0.000859613818118789,0.000190042177245571,5.24500041292473e-20,4.19327104894868e-18,0.0225375969715988,0.000959973812836191,8.70419585521253e-19,2.11684956983897e-18,0.0091698294454594,0.00201783833743791,8.72262355099847e-19,4.31442283814815e-19,0,2.07762608779226e-19,0.0780509910503757,0,0.00818494727960365,0.0324377983260608,0.0119216641192923,0.00156047797493497,0.00181834792863074,0.00337882590356571,GSM4957412,GSE162694
0.0188962611110055,1.48723349093872e-20,0,3.10276602998793e-18,0.0229087246744978,0,0,7.22031026624335e-19,0,0,0.00184246809769334,0,1.81895376596166e-19,0,0.0108441342031973,4.93093597444204e-18,1.43875409491496e-18,0.0363284511209437,9.77853212050942e-19,0,0.0159799171885843,0,0,0,0,0.0199344938081425,6.28184693609584e-20,0.174528735451703,0.00212042855973763,2.23404736511483e-20,0.000762738069719332,0.00747819825929293,0.00642602818774754,0.00505915028185543,0,0.00105387501126962,0.000893295546196556,0,0.0602329701151684,0,4.32874372109058e-18,2.39071823233081e-18,0.0174365541227677,0.020659366490362,0.00333768643875355,0,0.000161902638024891,0,0,7.53230774538549e-20,0.0282889135640077,0,9.9019150238066e-18,0.0122057313200356,0,0,0,0,0,0.184371892789949,0,0.0037688887303046,0.0464052313527477,1.24417788720372e-20,0.00498546550619529,0.00798995859429214,0.0129754241004874,GSM4957413,GSE162694
0.135179161042579,0,0,5.63209207023266e-19,0.0387993847764061,1.10988401472329e-19,5.06049071524482e-18,6.41836578891307e-18,0.00140237434285841,0,9.15895362058426e-19,5.40210888632362e-20,0,4.79519281979955e-18,0.0300803758943696,0,0.000377463300715337,0.034823084940163,2.68856290330466e-18,0.00112040532787476,0.0278454676092543,0,0,0,3.69712274182338e-18,0.051560325327102,9.4874405046054e-19,0.131364944376916,5.34637325824829e-19,0,0.00290963735997815,0.017662729054539,0.0114274479179159,0.0113512063846672,0,0.0010094293625217,0.000647329149199245,0,0.0321606280838907,1.23278957523173e-18,0.00258715222890951,0,0,0.0207675782810347,0.0037300631580544,0,0.000870371844017713,0.00224717660962241,1.67949181746697e-17,4.64683539869567e-21,0.00697547095786729,0,0,0.00716632837240426,0.0100038936539057,0,0,0,0,0.213004100554208,0,0.000519876199590846,0.0196391117109141,0.0138490990370661,0.0157449754806305,0.0139227338046271,0.0296677092852576,548nash5,GSE162694
0.0240708035142002,9.15927962989144e-21,7.92324318134656e-20,5.10609287228133e-20,0.0886364555793147,0,2.12941497865359e-18,2.49678665613604e-18,0.0123593548100955,1.51662382592399e-17,0,2.35095167389478e-19,0,4.15640110600766e-18,0.0231035822302906,0,0.0176141460803558,0.000814808567257663,0.000472688911543421,0.0029007721609056,0.00544524940204284,1.39096738684459e-18,0,0,0.0277016191332357,0.0166193629611764,0.001712210716836,0.0660412366853222,0.032633585083075,0,2.0462968667064e-20,0.00104495884725201,0.00342228318221288,0.00426168960387791,0.00133972287136653,0,0.00363655694430082,0,0.0185078684870538,0.0195249096749953,0,0,0.0591913960815145,0.00813792746478891,0.00387164444694853,5.80170032984311e-19,0.00198240836632604,0,0,0.0146347316800181,0,0,0.0286469997346062,0.00532186195465848,0.00015802407379067,2.30757059902883e-18,0.0105750635713214,0,0.00066232821568601,0.0557391950201609,0,0,0.0144067566507984,0.0197421811319625,0.00352363591968276,0.0165734342676393,0.020097070187322,GSM4957415,GSE162694
0.0168129025964922,0,0,4.15381879881783e-18,0.0837179673593077,0,4.85302891074564e-18,7.64878828416067e-18,5.06320285819848e-20,0,0,0,0,0,0.0225412018690184,3.53232885580397e-18,0.000580864668853961,0.00315701888047316,0.001252778322871,0,0.0248464751602126,1.38333229765583e-20,7.25922725258142e-21,0,0.00996219885128979,0.0176182093340877,0.00265666993516583,0.11536232328227,0.0152505750809787,0,0.00772088464480811,7.0179027069604e-19,0.00186092382088524,0.00216906911689684,0.000547079930709902,0.000658846392627475,0.00317017319867136,3.31078339702129e-18,0.0359443906130439,0,0,0,0.0703352064763938,0.0172534431745514,0.00370460162406606,0,0.00110986247973051,0,0,2.15514474212734e-19,0.00390322183936274,9.02513578107549e-19,0.00991495236301496,0.00251947289524644,0,0.0130516904466757,0,1.49376791271745e-20,0.00051979469712006,0.0509811238593662,0,0.0150279925735064,0.00472772188737103,0.0033946273836262,0.00036471995380661,0.0174043370057512,0.0177690569595578,GSM4957416,GSE162694
0.0902422396045358,0,0,0,0.0384973541558655,1.97104193065742e-19,0,0,3.6757649405334e-18,2.78971458164304e-19,0,0,0.00185755022020016,1.01375360548982e-17,0.039874724517992,4.66958238289893e-18,0.00127642540186718,0.00588651213279243,2.94609880145409e-18,0,0.0356619485103242,4.44952824316665e-19,0,2.73978734185284e-21,0,0.052481594167358,0,0.171022145399992,0.00538087225070627,6.15220730093205e-20,0.00186959402576206,0.0111324562270184,0.0100210770362057,0.00800157334938114,1.00483946736968e-18,0.00122578153976347,0.00134275026882035,0,0.0367442969513045,2.5128173040109e-18,0.000428559333099291,1.14114894241805e-17,0.0714906174632654,0.03173235233289,0.00348620788440811,3.07635993945053e-19,0.00074209059003735,0.00284195084747011,0,0.00732033822636572,0.0133648859435213,9.27970664118888e-19,0,0.00429996087300549,3.18527270024749e-19,7.26214157361751e-18,1.42873391014537e-18,5.1601810105685e-20,1.63171744562748e-18,0.129311957518525,0,0.00788529854927584,0.0269236895110773,4.88241306717704e-20,0.00960197760505855,0.0178309742551621,0.0274329518602206,GSM4957417,GSE162694
0.0415631323546135,1.1358534112209e-22,0,0,0.0700045237096014,4.60542314360474e-19,0,0,0,0,4.03669580042402e-19,0,9.12327833869053e-19,0,0.0040250323646821,0,0.0142255691174209,0.0121986701681639,0.00210001876323608,0,0.0109178066554153,7.19240969487075e-19,2.93706924359925e-20,0,0.0121044563169192,0.0152443105677214,0.00225500442504451,0.116461066961892,0.00750819666448984,0,3.17066281613489e-19,0.00638612539420885,0.0071365661376688,0.00481704252015953,0,0.000367819000529602,0.000875471396232377,0,0.0307684122361321,0.00473030325977923,0,5.49995534421145e-19,1.61651398648251e-18,0.0147308683561641,0.004382466312187,0,0.000432701337746029,0.000664094656183667,0,0.0164421456986344,0.0107796105095222,0,0.0164989018141477,0.00507309897221627,1.83473256923141e-20,3.69435075926493e-18,2.29986480772585e-18,0,2.70413137462212e-19,0.117251514355498,6.25540149670167e-18,0.00584930831802545,0.0117854046384981,0.0135112415670292,0.00470014670026168,0.0115111314861673,0.0162112781864289,GSM4957418,GSE162694
0.0209698541921535,4.23574499182355e-19,0,0,0.08350540095027,1.79197919149552e-19,0,0,0,4.79364827898376e-18,0,2.89187574507961e-18,0,4.54203831849054e-18,0.0116110727894785,0,0.00593090696173535,0.0239462966557756,0,1.22425437686314e-19,0.00731567395188561,1.03390568924589e-19,3.89122027602442e-20,2.8937411064707e-05,6.52878526069367e-18,0.0243770274987895,1.74085356763067e-19,0.0353550140816448,0.00507639080583767,1.55092246537375e-18,7.24256472122486e-05,2.12197914854562e-20,0.00239223286341815,0.0026004071054303,0.0011837145646659,1.35285529808098e-19,0.00127943393644706,0.000467607947454925,0.01991451733904,0,0,0.0047053115387534,0.0241471994182394,0.0155550409439735,0.00612581283915368,0.00136166068122228,0.000434612394752864,9.27602025399226e-21,1.24316937091902e-17,0.0156601789363067,0.0108150966344958,0.00191023124814266,0,0.0198016106991748,0.0102793418674578,0,5.89345907143746e-19,0,0,0.154091347761726,0,0.00543055115572685,0.0267246112830938,0,0.000789143043110613,0.00365783697594281,0.00444698001905342,GSM4957419,GSE162694
0.0219296387123527,0.000143322810640905,0,0.00115437848545505,0.052621296886627,0,0,0,1.07833742208266e-18,0,0,1.09382264523349e-18,0,3.54422710232895e-18,0.0164590257668704,0,0.00240344354968773,0.0251105075565942,0,0,0.00967264398413703,0,0.00129509989180233,0,4.73723324413227e-18,0.0217622659549178,2.32607955187383e-18,0.0287202743704549,0.0311120272398545,0,0.000608100014032323,0.000532876680444741,1.80180673490818e-19,0.00394047422063415,0.000299442061545959,1.39178216296738e-19,0.000881699906724116,0.00367299725188355,0.0416099361443157,9.05765973447013e-20,0,0.00663064421198344,0.0139948299953919,0.0122795938131163,0.00480645848569087,0.000859255606188234,0.000853742045966263,1.28880997989793e-20,8.99058169301163e-18,0,0.014547506319762,0.000335726975492569,1.55755805878593e-17,0.0041709367183639,0.00523987722896343,0,3.68083524730894e-19,0,3.98238536960478e-19,0.196449217434854,2.28552310655435e-18,0.0110281666841522,0.0193229598391651,0.00726256630058013,0.00132446481829717,0.00490798339738897,0.00623244821568614,GSM4957420,GSE162694
0.033746457513113,0,0,2.5142585769442e-18,0.0605546370691499,2.63784924867134e-19,5.00918834673886e-18,2.23243615434227e-18,0.00244792721433935,4.63020830874883e-18,5.89299185519176e-19,3.24020002688828e-19,0,0,0.0174749655430661,0,0.00383409274549825,0.0230699569694896,0,0,0.00637043828467031,1.00712993804141e-18,0,0,1.43030144993593e-17,0.0321242480387264,3.0990578528344e-19,0.0953463698272863,0.0110755700946137,3.4736440272987e-19,0,0,0,0.00140041067404969,0,0.000316515858834492,0.00136991551228533,4.01566074067614e-19,0.0399674662516833,0,1.61174907680809e-18,4.76875232937432e-18,0.0691128208877742,0.00692135279722169,0.00494447392249481,0,0.000827222017048496,0.000293124106854844,0,0.00339617596869938,0,2.13086686077739e-18,5.53584246528144e-18,0.00688764638540568,0,7.27768525614655e-18,5.36647431891118e-19,0,1.98597190586578e-18,0.11103571694073,3.76714431833181e-18,0.0082271563787589,0.0243157759044532,0.00720734676498097,0.000195416071236567,0.00318521914233516,0.00338063521357173,GSM4957421,GSE162694
0.0345473725995509,0,0,1.13171558747163e-18,0.0667565946459889,1.7938279463002e-18,0,0,0.00252694162874491,9.6298056977593e-18,0,0,3.64277800812883e-18,2.53019320634087e-18,0.0172027024592827,7.48178762039276e-18,0.00774113722974039,0.0120541563371164,1.64101577221792e-22,4.79989128229237e-21,0.0127537398922738,0,3.14474069378416e-20,0,0,0.0141225651458914,0.00117649988512454,0.071123259684393,0.017819992710895,8.75631231541591e-19,7.01051528600859e-20,0.00457956123015546,0.00445607652083444,0.0074349046416735,0.00361023764895809,1.8255280197015e-20,0.00176455934892598,8.59626070854832e-19,0.0361963824538502,3.55403849125523e-19,0,0,0.0652270770177748,0.0156690583980697,0.000647455208944329,7.45861468758322e-21,0.000216843468781487,0.000113598438394409,8.1837939827617e-18,0.00856303145352044,0.00928135243982449,0,0.00747676654056593,0.00877860451593719,0.00138068276386333,0,0,7.20556728526702e-20,0,0.130905157098508,7.26292692094011e-18,0.0228242953820996,0.00678397591594031,0.000652371867467996,0.00553559821167197,0.00637686994613689,0.0119124681578089,GSM4957422,GSE162694
0.0690901697754914,0,0,7.0933193045132e-19,0.0747396730124304,0,7.98126845068606e-19,0,1.05233367348257e-18,1.0983802569124e-18,2.15411873715327e-19,1.14045038447762e-18,7.72940106275165e-19,2.65507444783986e-18,0.00703363905120777,0,0.00452244778639977,0.0126999777914868,0,0,0.00787075366051306,0,0,1.18113918203845e-24,0,0.0247607363873569,3.91687051853287e-21,0.0607392236080935,0.0116068495317645,0,0,0.0179677722030168,0.00861001846444232,0.011750298955493,0,1.67011755929918e-19,0.0016044378434994,0,0.0308262148643797,0,0,6.72888799252608e-20,0.0454728503188309,0.012758631833729,0.00277303450531614,6.29487223087391e-19,0.000113268141295404,0.000262265685052449,5.05624408176374e-18,0.00566730994433,0.00768082052248639,3.13760237641851e-19,0,0.00688240764892111,1.96827246267282e-19,0,0,1.71651437699384e-19,0,0.12331158457359,7.97496678846304e-19,0.0140669101068805,0.00936991258075866,0.00585601825365973,0.0121533585920462,0.00393537683025653,0.0160887354223027,GSM4957423,GSE162694
0.166303205838347,3.85900643462401e-19,2.73185844092791e-18,2.31855862319917e-19,0.0820312720615975,0,0,0,0.00290818347060231,1.06374430692363e-18,1.90797783027567e-19,1.52858042340383e-19,0,0,0.0289437545470984,0,0.00547193376737375,0.0203766338254484,0,0.00469543496971755,0.0174698374569135,1.43824584325426e-18,1.43011977045396e-20,1.31229019138706e-20,0,0.0241526043423644,0.000554186764019085,0.0227500560616021,0.0201255259960636,5.8676234400234e-20,2.3425109325122e-19,0.0220279050594978,0.0161848402338231,0.0109675883683093,0,4.39720853831484e-19,0.00131201363819477,0,0.0368227212801758,0,0.00869012834768078,0.0122624900571065,0.0150409264228579,0.0279447866270015,0.00431070458309883,5.94777180799914e-20,0.000104317172348007,4.12866696300789e-20,1.39137157166371e-18,5.92792111867532e-19,0.00480811990132425,0.00942100770099704,0.00705795817019446,0.0151498793308217,0.00766192883214922,8.46436965451711e-20,0.000561673648292232,7.97921832139609e-20,0,0.18481442645708,0,0.0050800140188286,0.00909549432773827,0.0051654280653358,0.0236089789179308,0.00873491872845676,0.0323438976463875,548nash6,GSE162694
0.0625789043121335,0,2.73457943684635e-18,0,0.100338011190085,0,0,8.0734379546422e-19,3.25192293825106e-19,1.49470184205291e-17,0,0,0,2.54204692981407e-18,0.0123399503666264,0,4.03956680321463e-19,0.0222988228652568,0,1.96254329444749e-19,0.012278823482121,0,0,0,6.02160538778209e-18,0.00826650243984354,1.16554122599908e-18,0.0280145684162855,0.0287206551232556,8.82367096271853e-19,2.40055488509749e-19,0.00448196103232005,0.00255742859328709,0.00452764792041273,0.000929729582121107,0.000481492108711301,0.00118837775495373,0.000708334275249054,0.0430698132965513,0,2.28484906601745e-18,0.00786550082795045,0.00893478785986023,0.0158510083876862,0.00613649694366142,0.000513044597864124,0.00108897022120616,4.59261395086375e-05,2.52202468904137e-17,4.34922162248097e-19,0.0253617559197377,0.00292014692974913,0,0.0141814111342358,3.76400886190049e-19,7.82996115272229e-18,1.3165164412666e-18,6.90833534867372e-20,0,0.190507467150021,0,0.0216032696371669,0.0112261544555538,0.0102455540987543,0.00363841116929988,0.00613941174106049,0.00977782291036037,GSM4957425,GSE162694
0.13115315738791,0.000387690296135668,0,0,0.0323595477856711,0,7.43340735778892e-19,0,2.62351693281906e-18,0,0,0.000251332270527818,0.00342001290571076,3.0494571121457e-18,0.0441567952408783,2.24184460395293e-18,6.93915006428953e-20,0.032061628535511,0,0.00202472273246223,0.029379150683418,9.31108422089701e-19,2.93119226395078e-05,7.13222547387572e-20,0.0542385542779493,0.0559958642701636,0,0.0951852205586427,0.0261409451059929,2.82429276962285e-20,0.00572634264656108,0.0181624030045482,0.0100201821870441,0.00766382545238912,0,0.00063985866192714,0.0015292852398739,0,0.0243285521774896,0.000689642356523319,0.00018352875418921,0.00404217188372557,0.0447596258282651,0.0272261149573033,0.00587586687302089,2.61574074548005e-19,0.00304320276107734,0.000415284518408409,0,0,0.00735401916852588,2.05225595009694e-18,1.97069829313252e-18,0.00305349938462911,0.00469605348368361,8.03545977334577e-18,0,0,1.86300651099666e-18,0.196489157160569,0,0,0.0207463522394206,0.00466275534667797,0.0140248475200906,0.0420026976287515,0.0560275451488421,GSM4957426,GSE162694
0.0364470721896495,0,3.02938877908628e-18,0,0.0727794528576042,0,0,0,0,1.78338248368392e-17,0,0,8.25317348206656e-18,2.02926087378549e-19,0.0168112483097076,0,0.0114269111241401,0.0238982968883657,4.44918850003613e-19,8.01692013542029e-20,0.0096888704819489,0,8.92676284318295e-20,0,0,0.0220731626801108,0,0.0385986997236347,0.0250540058599977,0,1.22661335247153e-19,0.00725426662091155,0.00506920935735928,0.00734312608415641,0.00133949137294762,0.00118877493969903,0.000833392296326815,0.000828906961339851,0.0379331407356687,4.29128880702086e-18,0,0.00121823009015217,0.0277137877819406,0.0124538064266571,0.00245724000642334,3.25891771318419e-20,0.000477530702055926,4.78958859240616e-21,0,0.00791738733093523,0.0196378973744264,0,4.2248936461272e-18,0.00607157177246341,0.000912413094740855,9.64600963789419e-18,0.000672290648284792,0,3.2686279409902e-19,0.161529002676577,5.91123110158756e-18,0.0261121230481656,0.0112340114168962,0.0130581150687486,0.00572917199590611,0.00484443524097445,0.0105736072368806,GSM4957427,GSE162694
0.00260682070825742,0,0,1.77555953353802e-18,0.0385595264438723,0,2.12516222814292e-18,2.87845063206518e-18,2.1465015266626e-18,2.38101018518023e-18,4.91878820239916e-19,0,0,0,0.0260994180537871,1.39692841304127e-18,4.151925067026e-18,0.0246119964974082,6.69908872468239e-19,0,0.0230014672079892,1.74899361983347e-19,5.32278169148863e-20,0,0.0628525986410484,0.0701696730461067,0,0.222791554468279,0.0840593031615573,4.57279086298197e-20,0.00161992204005678,0,0.00202127733376819,0.00417034907240454,0,0.00943469960228355,0,3.95930533065071e-18,0.0190762141184941,0.0301101393824168,3.37840006630581e-18,0,3.51305570124923e-18,0.0108297223258978,0.00324977657477211,8.76656570765677e-19,0.00421615159471807,0.00311709879335657,2.10130800272611e-17,5.49841494209493e-18,0,0,0,8.04229217658904e-20,0.00379384384994785,7.97264885413752e-18,1.43235718233248e-17,0,0,0.198101393562814,0,2.23666337484081e-18,0.03122938392346,0,0.00207806586223773,0.0429270329245188,0.0450050987867565,GSM4957428,GSE162694
0.038436085598006,1.65340666663972e-19,2.89142888367844e-18,8.86684191438597e-19,0.0811754406093145,1.19482071249381e-18,0,1.14912834957724e-18,4.57828784311188e-18,9.62247397500349e-18,1.90781995369563e-18,2.5810150148373e-18,0,6.70128220433421e-18,0.0293442368786999,0,0.00312922904301629,0.0332101805672025,0,4.79366458648293e-23,0.0097355660466793,3.13854171889002e-19,0,0,1.30263055552581e-18,0.0516465946146088,2.88470409129337e-18,0.110102892441637,0.0451360690132298,6.12601790349293e-19,0,0.0110275920862993,0.00460634955877911,0.0069310873868592,0,0.00139452607258906,2.53347206102054e-19,0,0.0344346182199491,6.21955746883433e-19,0,0,0,0.0106671504315587,0.00343720138532989,0.00076092105029125,0.00065917695020602,0,5.60991258665575e-18,0,0.00904193594683644,0,1.16027636589062e-17,0.00522427250609188,1.04130271740733e-19,0,0,9.1935243168559e-21,0,0.198053048849477,5.61957704682022e-19,0.00157320465235819,0.0377941736316494,0.00713700304074303,0.00735172805753287,0.00486778302333965,0.0122195110808725,GSM4957429,GSE162694
0.0580473570092634,1.92187925573297e-20,0,0,0.0880508328256673,1.75393029449308e-19,6.5330119526189e-19,1.82577263423853e-18,1.1369232658526e-18,2.46568151245273e-18,1.18857108910238e-18,1.37284528831864e-18,0,4.59080313368944e-19,0.0235356282610245,0,0.00928457591917016,0.0221877089115785,9.18032081604369e-20,9.40327781834677e-20,0.0118687574780792,2.66668741001754e-18,9.29583713652059e-20,0,0,0.0507839814069133,1.1505094884161e-20,0.088187363068204,0.0128570922131434,0,0.000908612577418022,0.00375350702549038,0,0.0090529751692926,0,0.00087259329585189,0.00137408675951264,0,0.0355536394677758,0,0,0.00339486302066177,0.00684997297300388,0.0115160538528253,0.00284425803817124,0.000960175872244832,0.000646464225455403,0.00162192685009353,6.78567987802827e-18,0.00599659582494342,0,0.00186515708759828,0,0.00371227055254769,0.00344593234369614,6.66399556429546e-18,2.75041804992886e-18,5.73254207199245e-20,3.72836081669799e-19,0.173767754919307,0,0.00355451190812798,0.0403483938348609,1.79627494551899e-19,0.00358362258372262,0.00593437873903962,0.00951800132276223,GSM4957430,GSE162694
0.0061373685020893,0,0,9.21199384282967e-20,0.0656722892997524,0,0,0,0.00827090677882914,4.82379591292455e-18,5.1118628973148e-20,0,0.000111605336565896,0,0.0357382692554807,3.29424639225668e-18,0.00755817504915167,0.0305806314723914,0,0.00186003968849069,0.00498746356476004,0,0,2.25374597205961e-05,2.90954189783726e-18,0.0176103283741636,2.01681995815383e-19,0.0931802081147129,0.0621744743871358,9.58669511345519e-20,0,0.00144532789209718,2.24267419225626e-19,0.00640740214721976,0.00123221628036601,0,0.00124891272081081,2.35066060297538e-18,0.0314493740631175,2.61780844582976e-18,2.3212214534202e-18,0,0,0.00526044907488999,0.00443533025700134,5.83151697479831e-19,0.00109836904542227,0,1.04655014296793e-17,0.010530597236653,0,0,1.7383723310108e-18,0.00596129371776901,0.00604149087016218,9.85650907192674e-18,2.10744814771039e-18,3.28504567955928e-20,7.9721059350105e-19,0.190693378800528,0,0.0175677909819118,0.0244121406547657,0.0102963467728689,0.00302505590730259,0.00249373178238002,0.00551878768968261,GSM4957431,GSE162694
0.114569229612537,0,0,0,0.034301536417494,7.88275143059453e-20,5.85926197355032e-18,0,0.0022189273911566,7.0697291476935e-18,2.70848937305742e-20,0.00299319846145109,0,0,0.0202708378965575,0,0.00213540309806614,0.0243046095904865,0,0.000500007593554551,0.0251839790655606,0,9.30334258457641e-22,0,0,0.0308986917836925,5.57094594619654e-20,0.10570821718756,0.0168873896515834,0,0.00246153901097494,0.0178233392346017,0.004557915330656,0.013856271508101,0,0.000346834989424779,0.000707602538764482,5.82148256893753e-18,0.0383495737833509,4.59616111698464e-18,2.32694903856313e-20,0,0.0201850591980292,0.0229928161552579,0.000530012666764744,1.37787445435421e-18,0.000493554006165965,0.00144188454765706,1.06716115984235e-18,0.00940802347905266,0.0051152911712731,0,0.0133771561338991,0.00103508647574545,0.00917560352379668,0,2.50769905894621e-18,0,9.96809849360516e-19,0.160318030729311,5.39121982120237e-18,0.0106363753939528,0.0139416132973915,0,0.0151722865581763,0.0125919895327803,0.0277642760909566,GSM4957432,GSE162694
0.106661555680445,0.000865875671028417,0,0,0.0391606188735919,4.33594934863137e-19,5.36061380178318e-19,1.32297325665451e-19,1.51101066857148e-19,7.01251650012346e-18,1.00231184379544e-19,0,0,5.20696757395891e-18,0.0272126425549408,9.63326741110822e-18,6.22452439363194e-19,0.0156830548253339,1.95875970241675e-19,0,0.0219803814482141,0,0.00124980237676882,0,0,0.0474801199951944,1.39979392378143e-20,0.0807115968837142,0.0266514169390551,0,0.00029332310595304,0.0175849313204147,0.00313213983880939,0.0201418817244494,0.000323306756206056,0.000558712416386787,0.00172371418877629,0,0.0407822262922685,0.0016825646572653,0,0.00422408163441316,0.0785744771276079,0.0204339015942772,0.000662718906000057,0,0.00158107975460757,0.00350224545833856,2.4567468655677e-18,0.0125630617327782,0,2.85903132635407e-19,0.0152324917283124,0.00292010802165038,0.000706280114839819,4.95140570125168e-18,0,3.12077539772748e-20,0,0.136682412625835,0,0.0161211716224476,0.00503453981157359,0.00905748868942063,0.0142736556899729,0.0114231285596212,0.0256967842495941,GSM4957433,GSE162694
0.155880782058732,1.13802352639171e-19,0,0,0.0672188162875124,7.2741496109919e-19,0,0,1.60903678653751e-18,0,2.56756569791802e-19,1.43218563352183e-18,0,0,0.02310724903744,0,0.00868911410859747,0.0238671675598435,6.76591782156735e-19,0.00394970093510621,0.0113523995184749,0,1.17965286908887e-20,6.78979634673714e-21,0,0.0232204064459683,0,0.0370968544862637,0.0491008330720363,4.43022241827441e-20,6.21222897415113e-21,0.0193015165191176,0.0114777277748317,0.00608208408796277,1.18959888071843e-20,9.37887192186724e-05,0.00081467054881539,0,0.0296626144845937,0,0.00166662319790223,0.00585058568853627,0.0268347833917528,0.014857273747412,0.000760568265936546,0,0.000276984417465871,0.00152797130779982,1.81613872307122e-17,9.0456383472541e-21,0.0295376568177449,0.00247811591338799,0.00260382867689568,0.0128502026842902,0.00416696065714752,3.72059934143179e-18,1.68929969535688e-18,8.15835880660089e-21,5.15337761306508e-19,0.138604598097373,6.90998112214358e-20,0.0246134320465448,0.00642479528230772,0.00885378176435382,0.0176305413066173,0.00567619975923744,0.0233067410658547,GSM4957434,GSE162694
0.00977624174292366,9.86610275402164e-20,0,0.00570395926447304,0.0804614557394593,0,0,3.40598602047946e-18,0.00886321414038164,6.87241468411357e-18,0.0017870865140852,0.00580436650882775,0.00544866419816729,0,0.000590881354362354,0,0.00503055123978294,0.0362902459737376,4.91644708754028e-19,0,0.00529104680636954,0,0,0,7.62428464098351e-19,0,1.57474339244045e-19,0.0392647409701053,0,1.32167127110776e-18,0.00178746813195184,0,0.00155087676579605,0.00223580424155005,0.00208765136999109,1.16149445017361e-19,0.00616767348599893,8.54866785594434e-20,0.0254913107986231,0,0,2.95977495788523e-19,0.0343090675647928,0.00276508300059345,0.00327841278875782,0.00244790311560631,0.00144232806085489,1.47382974784363e-18,0,0.00228684283607177,8.92235788843012e-19,0.00448654183143147,0,0.0126831541700022,0.00670869752798554,0,0.00290483518151471,0,0,0.156737304495693,4.68911952705592e-18,0,0.045458536427713,0.00597775856734347,0.00906398476219459,0.00264552340318477,0.0117095081653794,548nash7,GSE162694
0.0479140573839249,0.000825017583907005,0,0,0.062876327738079,5.14256373469012e-19,0,3.88149620029784e-18,0,3.73957716930633e-19,5.2348546556993e-19,0.00252796476622116,4.34632114942923e-20,2.54736288878472e-18,0.0173761034884114,0,0.00278922079581056,0.0180736278938905,0,3.1582170027767e-20,0.0136047123531545,0,0,0,2.03499885451786e-20,0.0232870721194856,0,0.0972876967052798,0.0431611978702845,0,0.000170777557428638,0.0057609232164803,1.77981314439531e-21,0.00813681020373019,5.98688089433886e-05,0.000465568417032287,0.00129558596934986,5.83420301648306e-19,0.0283993825393672,0.000692332086279209,2.09148689486655e-19,0,0.024066005646606,0.0144618395269572,0.00424305126113459,0,0.000619871997023479,0.00302610924589839,9.75169955597969e-18,0.00525637863869984,0.0029303554352771,2.30952341191998e-18,0,0.00177441455157012,0.00593600367124818,4.86199411612336e-18,0,0,2.76029653365395e-21,0.124613699273871,5.14712142328975e-18,0.00583913317413329,0.0291791392695821,0.0121973005132022,0.00758324402502883,0.00721486496853076,0.0147981089935596,GSM4957436,GSE162694
0.0338798804425247,0,0,0,0.0446091251664755,0,9.30124822627725e-18,0,7.74962950202323e-19,1.26423153339182e-17,6.11242380884207e-19,0,5.43440142018596e-20,3.24168158831808e-18,0.0194914420262653,0,0.0036943952029797,0.0406548966635892,4.50239849766896e-19,4.39092046021004e-20,0.00764822557908692,6.958654179487e-19,0,0.000109725920667688,0,0.00420286544542703,1.37450617801383e-18,0.104344210298313,0.017007745474352,0,3.36380283055119e-19,0.00612232063756851,4.6502008325584e-20,0.0072188615991729,0,0,0.00186179146344245,0,0.0407196662939958,0,0,0,0.0147695687692164,0.00525994532443775,0.00165934075731096,2.0878286710677e-19,0.000645260741987215,0.000199388858491404,0,0.00869943909904861,0,2.70059457447689e-19,0,0.0100044926932634,0.00594653799805588,4.85882043303542e-18,1.35772878988824e-18,0,0,0.180694111222435,0,0.00625043551532046,0.0373512347149456,0.0111788387098886,0.00421447299737328,0.00382411278954346,0.00803858578691674,GSM4957437,GSE162694
0.0567378005556386,4.07854808890688e-21,0,0,0.0550885803022071,1.67011630063435e-19,0,5.43139675018347e-18,3.53719458003426e-18,0,4.95719451915089e-19,4.22423872180852e-18,1.3352764032772e-18,0,0.00903018502206452,0,2.87377440442816e-19,0.0332507132154773,0,2.29144805455186e-19,0.00899615143277763,4.51295466418201e-20,0,0,0,0.0500991548899876,0,0.177234787158168,8.21983435761894e-19,2.65883415575921e-19,1.28208722279912e-19,0.00886866130031338,0.00667193186784532,0.00918224305111005,1.09151225558176e-19,0.00325855591717727,0.000248047733860262,0,0.0373552636478909,0,1.24754854765903e-18,9.39485330140251e-18,1.39509547881566e-18,0.0112896250790283,0.00646808231581924,1.17763008786492e-19,0.00099219314914072,0.00184651768644427,0,0.00116072967909102,0.0154912260561463,8.00165836047939e-19,0,0.00475034293183145,0.00339378306948657,0,4.30611805074131e-18,3.83683792306605e-21,0,0.18432586868395,0,0.00195667770321826,0.0246584842751894,0.00730388931204085,0.00714345265783844,0.00449807571638881,0.0116415283742273,GSM4957438,GSE162694
0.0362763807441162,0.000225554663462177,0,1.0456767370347e-18,0.0436147778833047,0,4.05744970551327e-18,0,0,2.98096977361654e-18,4.33395548265169e-19,6.33139319609836e-19,1.10111177008331e-18,0,0.00853228267202081,0,0,0.0291931268651645,0.000464629253572869,6.37569425959496e-20,0.0158825276833651,3.89214200628913e-19,1.23148227238521e-19,6.7821545463002e-21,0.00902842498691084,0.0310031900552201,0,0.203648821898141,0,2.15332299925171e-19,0.000931162964945616,0.00730693683101206,0.00555486065771457,0.00302646217662032,4.65708205316936e-20,0.00199405899150891,0.00289572370652779,0,0.0301654280649678,2.18297536596992e-18,0,0,0.0411052370348969,0.0112744888759961,0.00657852225376987,9.73061794214958e-19,0.00176478297273489,0,1.8167219644386e-17,0.00302922360489599,1.73048732956373e-19,2.36059883874012e-18,0,0.00298643305586333,0.00079334268948031,1.53271317958606e-17,0,2.76044243729037e-20,4.13785619587284e-19,0.179392866831967,3.96540189662956e-18,0,0.0151414357909344,0.0130330293405301,0.00487129122067472,0.0125682536668691,0.0174395448875438,GSM4957439,GSE162694
0.0202913345156893,0.000437596083855395,0,4.23643381933718e-19,0.0127178423992751,2.98067054455078e-20,4.9846641353718e-20,2.53182708916788e-18,3.75670980531502e-18,2.3387905125545e-18,0,5.11818822020095e-20,0.000585533854581227,0,0.0498376593848061,1.88431985773275e-18,0,0.0217891167468224,0,0.00212416390399848,0.0455429841469209,0,0.000246983017347633,0,0.0650377344462909,0.0470980396353219,0,0.15311436487292,0.13439604680735,0,0.0039393518543243,0.003825071617968,0,0.00520841050552289,0,0.00645563882301216,0.00112208848800436,0,0.0244085733120012,0.00606479554657209,0.00142999212327317,0,0.00513455966933758,0.0238475412503909,0.00636350107397164,1.93638265977197e-18,0.00370442943300026,0.00135367517401279,0,0.00851869411715018,2.21207292025673e-18,4.08370627319365e-19,6.18964605085565e-18,0.00392330628427106,0.00176602928039416,0,7.18248808662328e-18,3.38552757844231e-20,0,0.248267609424463,0,0,0.0226174951583685,0.0104486173427702,0.00582193521283497,0.0555091573385336,0.0613310925513686,GSM4957440,GSE162694
0.0492684465684535,0,5.53899669668327e-18,0,0.0715439466902602,1.28108246871697e-19,0,4.05112760569993e-18,1.16318226716744e-17,2.7446585653955e-17,2.10969782416274e-19,2.56174469119589e-18,0,5.27424795502303e-18,0.047077896209296,0,0.00268334610491806,0.0848032883433934,4.93996720947145e-18,0,0.0243579921649358,3.06097969018491e-20,1.33320335487709e-18,0,0,0.0497711892712589,0,0.128105498186049,0.0402895875474553,3.67994668038726e-19,0.0045111861629332,0.00429572654610228,0.00366024550265077,0.00648390575476564,2.57847861809146e-21,0.000681795203067587,0,0.000571812932399345,0.0233617600412948,5.02702791475037e-18,0,0,3.15776576601834e-17,0.0185801518821133,0.00251799972712363,0,0.000963195365731454,0.00403360923026068,9.9785026895459e-18,8.11106526643266e-20,0.020915143690472,0.00378962155204615,0,0.0098689577810756,0.0144026974866308,0,2.39274947134196e-20,1.74352420668821e-20,3.48924141470295e-18,0.261482961895973,4.23107912430244e-18,0.00126553925594341,0.0563430324336581,0.0125554035042389,0.00555289051757532,0.0121789960824679,0.0177318866000432,GSM4957441,GSE162694
0.102144108682872,0,0,3.23239473948229e-18,0.0257505904903757,0,1.79122177029962e-18,0,0.00328310878333756,3.26565361881832e-18,2.31315618842588e-19,3.28468548830852e-18,0,0,0.0159705667980729,7.67971939892048e-19,0.00568175299482634,0.0126724838296654,1.00624689754417e-18,0.000796403687495464,0.028560868367235,0,0.000364613029769922,0,0,0.0443139061777334,7.89646341973673e-05,0.110372662212674,1.04078703552305e-17,0,0.00618628763695876,0.0143035783644195,0.0108682593315531,0.00882975239662964,0,0.00155665526844537,0.00174266891683876,0,0.0302292727107865,0,1.17698821978668e-20,0,0.0804898745886521,0.0284437023634415,0.000561748462769192,0,0.000177809903110335,0.00283407400959629,6.61188188927218e-19,0.020010530959864,0.0235741877439883,0,0,0.0108248156040728,0,8.11240108093975e-19,0,0,0,0.0943040562429702,8.10910742036552e-19,0.0274039112952919,4.71059962331686e-18,0.000587953854837979,0.0119560373743409,0.0142804341836175,0.0262364715579583,GSM4957442,GSE162694
0.0445608252175495,1.24617281670045e-19,0,0,0.0448429218432724,0,0,4.40958920246122e-18,0.00443606701864145,3.02165081189012e-18,3.32712205613368e-19,0,2.09004074089978e-18,7.44984243497538e-18,0.0236776879635905,0,0.00353118042225058,0.0125257767526586,7.43685514262163e-19,0.000335367582069309,0.0236046029495229,1.36006046447523e-21,0,0,8.67686802984495e-18,0.0217546368962239,1.95887266966209e-20,0.108306210033823,0.0789712095964981,2.06814773130235e-19,0.00264320602881833,0.0114808766623132,0.00705760051591189,0.00767982424341832,1.22465771873543e-19,0.00110925552467971,0.00112267304851359,2.19093603231313e-18,0.0368881793944497,0.00101568762186809,5.44784526695325e-19,0,0.0448927189928732,0.0239427220117006,0.00106824787744052,0,0.0013024198356525,0.00137943335887683,2.22919764615755e-18,0.0171483090794265,0.0217784532710084,3.28754600172987e-18,3.44538436599712e-18,0.00637052812818174,1.11851261526663e-19,0,4.9832078169356e-18,6.01773966890843e-20,3.2286305632701e-19,0.131562029348146,0,0.0130439156927739,0.00850392960328797,0.00562446253631421,0.00879711840217287,0.0118023014747614,0.0205994198769343,GSM4957443,GSE162694
0.032739734216994,7.88400703248803e-20,3.27423965850175e-18,0,0.0790388116990931,0,0,0,3.03267226026404e-19,6.15254900236036e-18,0,5.10679078813375e-19,6.47540721569403e-20,8.08744067805612e-19,0.0717369054459944,0,0.00840856213085775,0.0341229008864229,0,0.0153199382718729,0.00814057799461265,0,1.82917743324887e-19,0,4.34722009341764e-18,0.0791182208101122,8.29913020935133e-19,0.048830014493812,0.055065103297402,1.74983858837603e-19,0,0.00586106187059627,2.89854613815952e-21,0.00543751246021003,0,0,0,0,0.0316777750352293,3.93528151622018e-18,0,0.00270165589194861,0,0.00928359011221253,0.00983694446087084,0.00101838076048521,0.00092289475114054,0.000115319624691355,1.1504647318526e-17,8.2933898550247e-19,0,0.00211252343415896,1.37821286256133e-17,0.00738872178486725,0.0138906814370098,0,2.11646840042061e-05,0,6.81480780293468e-19,0.228172671484485,0,1.0076029009816e-18,0.0532874148857211,0,0.0141975465114404,0.00407028899730633,0.0182678355087467,GSM4957444,GSE162694
0.239694195343648,1.2704355910353e-19,0,0.0485497409145576,0.0447173823697266,0.00802372730901451,0.00412694627242842,0.00084120494310696,0.012244586407355,0.0079812397404215,1.01315779736097e-19,0.0782865887775507,0.0741462540495415,1.49547013559708e-18,0.106234151352925,3.29565940069059e-18,0.0257332602132118,0.027358377170039,0,0.0196028495340936,0.0449994131003494,0,0,0,0.102844682094471,0.033795060706647,8.40395894926272e-20,0.126834623515538,0.0122481583794023,5.56207284554741e-19,0.00704460254645254,0.000881902397977212,0,0.00171812403735967,0.00102856450914815,0.0029238657026461,0.00426961395585448,0.00805376265946706,5.21195176621326e-20,0.0256049812021994,0,0,0.0885483442596071,0.0161333922791684,1.2242900504551e-18,0.00979392906344176,0.00327783414773806,0,0,0.00349603956137172,2.17131658915181e-18,0,3.46953894753148e-18,1.11154806840641e-19,0.00543498551578592,0,0,0,0,0.155331411871552,0,7.58937437813333e-19,0.0401948579427827,0.0261185324739441,0.0994605673842894,0.0739220475974104,0.1733826149817,GSM4957445,GSE162694
0.058986203933165,0,0,0,0.062500430867761,3.8461346470622e-20,5.55488042654057e-18,2.22662712646566e-18,0,1.73663424847901e-17,6.62100549781364e-19,2.85531802016314e-19,0,6.13992235153276e-18,0.0451203848119159,1.33307525298632e-17,0.00291076826523444,0.0353506434331638,7.36563783804545e-20,0.00241420684779256,0.0124727511344004,0,2.88186640617838e-19,0,0.0224137108272246,0.0816468058235877,0,0.137671560671762,0.111228140526594,0,0.00192158468986826,0.00826992128952295,6.74452442499324e-20,0.0137268733718002,1.93700642397018e-19,1.9510088981739e-21,1.16351094392018e-18,2.66638714870751e-18,0.0313018488289302,0,6.73270985248211e-19,3.27253883116734e-18,1.59254995574642e-17,0.0105566056793826,0.00309021532586801,0,0.00214623870157333,1.24528982325037e-19,0,3.73631215326085e-18,0,0.000978270261775797,0,0.0033686896541659,0.0111054874884829,1.45458899118784e-17,0,4.47690124533233e-21,9.78297473040978e-19,0.208440750776511,1.20203620487323e-18,2.97333931828321e-18,0.0394885578237434,0.00187261469833535,0.00712275209154368,0.0174432309808125,0.0245659830723562,GSM4957446,GSE162694
0.0733733285444829,0,0,1.38889731575554e-19,0.0610677407606383,1.42996936621126e-05,0,0,0.00264948689664209,0,0,0.000162101051978783,0.00405213091290883,0,0.0197689190786744,2.59339283003674e-18,0.00724540548169922,0.0351243012092831,0,0.000840921214135168,0.0202452884393058,0,6.28838807933138e-20,2.92050746174235e-20,0,0.0322856889667145,3.53643770408202e-19,0.105499794323481,0.0634296020623342,0,0,0.012125928781408,0.00557356996016832,0.00739111006359522,0,0,0.00150689466259319,0,0.0214079962863366,1.50882803763289e-19,2.51647054007168e-18,0,0.0224500190350978,0.0127458440692019,0.00678559759711338,0,0.00171186596588734,0,1.30107232739393e-17,0.00278242697745046,0.000651727340275176,0,0,0.00213386014489968,0.00755081147221537,7.87950726771791e-18,0,0,0,0.164365548525459,5.12909734977782e-19,0.00385478595965165,0.0260615314090952,0.0225315702547468,0.00875263403168129,0.0101226442196529,0.0188752782513342,GSM4957447,GSE162694
0.142873303630771,0,0,0.0053717595481766,0.078209809434964,0,7.08370864704643e-05,0,0.0137245089717427,2.73820466786546e-18,0,0.0194739175657132,0.0113558348439199,1.16434675907922e-18,0.0287092135794915,0,0.0143890534040113,0.011544009381858,3.89174847404551e-19,0.00282309079239936,0.0164493784290378,2.08955009095794e-18,0,8.12087317454291e-21,0.0308886803650287,0.0285333869145132,1.52415964570995e-05,0.110229731440376,0.0141087764255032,0,0.00071231057856481,0.0032796568110433,0.00235876845672061,0.00259970996074872,0.000138060887353746,0.000761240271688968,0.00263878851416501,0,0.0160685660903296,0.0110647490729011,0,2.07437232516908e-18,0.0665814161031872,0.0141801408317138,0,1.79915691821079e-20,0.0023253496245529,0,7.83251897811782e-18,0.00634980430603141,2.96723281649021e-18,0,0.00524703341857212,0.00293057047213093,5.01103930839166e-22,0,7.5790951006616e-18,1.8971999638043e-19,0,0.10168431824661,1.53871379185057e-18,0,0.0124748836705975,0.00185847452563198,0.0207243237364575,0.0236690293970333,0.0443933531334907,GSM4957448,GSE162694
0.0368713797101255,0,0,2.37696010352863e-18,0.0452581185229558,0,7.72289943764801e-18,2.9794328971075e-18,2.16480120195624e-18,5.04425355203494e-18,2.76049483334974e-19,0,5.87864472863005e-19,1.53880134067047e-18,0.0126880394815711,3.5297885986994e-18,0,0.0236864678882496,3.36474336139996e-18,0,0.0153558535989565,0,3.57155106369424e-20,0,0,0.0475843442009186,0,0.118234740566685,0.0402535395621937,1.63915794397105e-19,0,0.0117353220264379,0.00423573312512732,0.00939792405253666,0,0.00154519744683696,0.000817602481811545,0,0.0371160103925332,0,0,4.6059200514218e-18,0.0294143230470883,0.0118517885387548,0.00652562281376347,0,0.000896424034474512,0.000505108901665503,2.54951049960726e-17,0,0.00685843458187619,5.31720191483787e-21,0,0.00626943273929849,0.00768130156159396,1.07066725365822e-17,0,0,0,0.158751557360231,4.32791020745809e-18,0.00467575348670252,0.0249137494289913,0.00773620911263339,0.0081602872854023,0.00767792679947826,0.0158382140848806,GSM4957449,GSE162694
0.168780667049801,7.33595441771614e-19,0,0,0.0757657545894597,0,1.83105393268369e-18,0,0.00434648974437415,2.12982514057454e-18,0,9.13317784561549e-19,1.27137975074609e-20,1.1675024319813e-18,0.0273606191923261,0,0.00232101929103563,0.0276114588397184,0,0.00252365401968144,0.0147159864183498,1.3112821064071e-18,9.13593173049702e-22,0,1.73789906052726e-18,0.0671791048643724,4.57412581167913e-19,0.0638382864650375,0.0236799733472739,0,1.74944164395206e-19,0.0201603949309734,0.0111601158947333,0.00960811617562924,0.00116981560421286,2.26707447670681e-19,0.00188312592661427,1.01811489616269e-18,0.0248553511622491,0,3.1019253438103e-19,0.014463623899321,0.0619714280026228,0.017415466167343,0.000584422955155181,4.63844385684901e-19,0.000484644282413281,0.000659816285593979,0,0.00532486603062775,0,5.73224209577621e-19,3.80946970306604e-18,0.0168983865981921,0.00172206075789027,4.92783840522967e-18,4.21563938972556e-19,1.84934020436832e-19,0,0.189227433110594,4.35869596442339e-18,0.0249798839237372,0.013405098567857,0.0096830684597401,0.0163424538936411,0.00735799320917489,0.023700447102816,GSM4957450,GSE162694
0.0970380096466959,0,0,0,0.0508790740269365,7.30339906412372e-19,3.55587094288096e-18,3.09969655986533e-19,0,2.36775013878785e-18,0,0,2.23423402986498e-18,1.49858400517512e-17,0.0205983582592337,9.0211928205678e-18,0.0119531052292797,0.0255348905274397,0,0.000923576439292689,0.0142572380675445,1.80335353271965e-19,0.000859943145470493,0,0.0216018780299657,0.0252220926590273,0,0.0575486159505831,0.011602920633286,1.51689041312462e-19,0.00153424054305998,0.0131412499137715,0.00659788057618702,0.00963067892266586,0.000793351701263612,0.00084358883360677,0.00157816998172474,1.29753163168257e-18,0.0355496506497978,0.00120172788725426,1.45735607946274e-18,3.46858865715495e-19,0.096399210738629,0.0128053171640953,0.00693502798797803,0,0.00168463574834651,0.000907864973750876,0,0.00866258127770168,2.13831294571543e-18,1.02841181193364e-18,1.98892286252891e-18,0.00443698085079104,0.00135077900760152,0,1.75040590533615e-18,1.37947327782585e-21,5.89218756602037e-19,0.132009007558408,0,0.0101524402877202,0.0124489807053519,0.00943756438513162,0.0105106953520525,0.0179295580487551,0.0284402534008076,GSM4957451,GSE162694
0.01368069161595,0,0,0,0.0518485262669792,2.63807402583669e-19,2.60074393606965e-18,4.54683012953968e-18,0.00960742685185082,1.81898750501104e-18,0.000477196758898199,0,0,0,0.00786885956602328,8.66116206740783e-18,0.00379216199346516,0.0526604767194494,0,0,0.0335088982339002,2.102165525812e-21,2.34632016851172e-19,0,6.09136476210109e-18,0.0459008648273727,3.93241792480847e-20,0.0746889835500113,0.0115777258429043,0,0.00800213139102362,0.00702613164445261,0.00667390007793693,0.00686720087737789,5.57290088545257e-20,0.00347470320759214,0.00166394992061758,1.85724592751336e-18,0.0341557092158573,9.63667005835202e-19,0,0.00678522618960029,0.0557697777589715,0.027530017885895,0.00135712674648923,7.08614582415518e-21,0.000744728276291194,0.0018905717706003,0,0.00508545493725192,0.0219597410845767,0.00366394550900906,0.0195895862185996,0.00774049722187191,0.00025550943110779,7.4872250770287e-18,0,4.68624051891091e-20,1.99666521372471e-19,0.205303092747882,8.26201856946656e-18,0.0222476996787131,0.00890164555173051,0.00830859535884596,0.00594446894336861,0.0167544491169501,0.0226989180603187,GSM4957452,GSE162694
0,0,0,0,0.0416750937602587,0,1.29645217454583e-18,0,0.00576984456796438,0,0,0.0110835246453519,0,4.82942522664339e-18,0.00227261425414805,0,0.00254255655500288,0.0547258424733897,0.000430899938790983,1.1564553947019e-21,1.22968516453446e-19,3.74765853176671e-19,1.10782911419028e-19,3.318353428784e-20,2.17580283291481e-18,0,0,0.0430840685808013,0.0158234613917168,0,1.89698475428474e-19,0.00190295259368804,0.0034727644540266,0.00162904823894584,2.33543008817235e-05,1.19789274819526e-19,8.40091926454996e-05,8.76687507831789e-19,0.0424391348610244,8.19193250818374e-20,1.94048930366769e-18,4.79888951351494e-18,0,8.1054318952598e-20,0.00502507066101039,0.00200676536204795,0.000297401755721579,0,0,0.0203398341073404,0.00120610728426465,0.00732481859105534,0,0.00314043873840663,0.0150436118729352,6.18906188452406e-18,0,0,8.96617255615628e-19,0.180359938564731,8.76354929310746e-19,0,0.0423150547751095,0.0113097939684683,0.00867322102661447,1.14938567468413e-18,0.00867322102661447,GSM4957453,GSE162694
0.00603706831241478,4.03722303153717e-19,1.26075350479474e-17,0.00857694088548029,0.0533509190495147,0.0241318836452291,0,0.0090467371607017,0.0253801609651838,0,0,0.02441219375027,0.00762011959664586,0,0.0115361152146177,0,0.00953073197731537,0.0406074804920542,1.98735677923889e-20,7.28698282062644e-20,0.00663047525458639,4.25687961173864e-19,8.58320349408924e-20,0.000467260317303076,0.0281296035998752,0.00209684926074792,0,0.0842173655244216,0.0533277043273601,0,0.00046804667941301,0,0,3.93547935704841e-05,0.00025019986942514,0,1.55741778733279e-18,0,0.0159272398917485,0.0150799356784114,1.00027744233433e-18,7.08914267966052e-19,0,0.00172457325046412,0.00920475439457393,0.00215978726423374,0.00522242165592413,1.84116386690031e-19,0,0.00805290095924785,7.32225784491279e-18,0.00665354720416282,0,0.00454692253560979,0.0105690598698028,0,0,0,0,0.196463349934076,5.95605568893713e-19,2.63498201866185e-18,0.0461896221054788,0.0534907606480369,0.0281907144439181,0.0173800394272308,0.0455707538711489,GSM4957454,GSE162694
0.117820429807728,0.00105192923907577,0,9.72170902774015e-20,0.083989000425242,0,1.66649806723603e-18,7.57576312442878e-18,0.00739642292656281,3.35535255762906e-19,0,0.00257471021322588,0,1.16404875875622e-18,0.0176621842326939,2.99281106325867e-18,0.00467042761428488,0.0130464584481098,2.38822853562553e-18,0.00254378316052549,0.0220568373807413,0,2.17594469058739e-19,9.96312186516596e-23,0.0128884720496045,0.021936397403477,0.0012081414875033,0.0442386262200733,0.0274674165271809,0,1.32618184784298e-19,0.0172909970710485,0.00911288313639695,0.0128155643485971,0.00118904779738896,0.000805545813404633,0.0021345333878975,0,0.028308339512372,0.0046118826268752,0.000716577433870287,0.00564508988121608,0.0203675860207347,0.0210076993448566,0.00184138980530993,0,0,0.00251333742704161,0,0.00607261912306852,0.000715423601581644,0.00196375559239895,0.0201889863435485,0.00733081895829954,0.0110516019864078,8.52969730834079e-18,0,0,8.62492875835162e-20,0.0522521543866938,4.20062695671238e-18,0.00595629126815935,0.00538407666282149,0.0192137609123418,0.0178856354020671,0.0179986193347108,0.035884254736778,548nash9,GSE162694
0.019898352846398,0,0,2.02706407263773e-19,0.0130393171534947,2.63783312895425e-19,0,0,0.0178491954374814,0,0,0.00843554206769108,4.14935384614376e-21,0,0.0110033542316456,0,0,0.0364863482193459,0,0,0.0172829253038481,1.89840442853097e-20,6.1448656827561e-22,0,0.0573858377488025,0.0113259830801562,3.85842974593431e-19,0.121878873348804,0.0501478977606119,0,0.00153298730313159,0,0.00408620167805681,0.00130333964809822,1.23593108777603e-19,0,0.00180424761569711,0,0.0235210343451368,0.010126044807158,2.00399502500382e-18,3.53375092902188e-18,0.050873549013971,0.0141287169986522,9.94526317753185e-20,2.13044358627195e-19,0.00212420460860129,0,0,0.00772662436150652,6.6061095722895e-18,8.40505021841105e-20,3.85392058629603e-18,0.0053994422253287,0.00276563333878174,0,1.31544341265189e-17,0,9.71301109766653e-20,0.188679423867614,0,0,0.0222027757913751,0.00900269571182584,0.00562369471179405,0.0373343815263253,0.0429580762381193,GSM4957456,GSE162694
0.011262791640706,0,0,1.77111979043476e-18,0.0131186432714083,0,2.51198234220057e-19,1.11598456458744e-18,0.00534128113201699,3.49528769401179e-18,0.00303347088489252,0.0109317152458547,0.00353489984110781,5.9874399085168e-19,0.0131274627254306,0,5.3959157948007e-19,0.043033438993583,0,0,0.00668279082133491,5.29775718616478e-19,0,9.28822844203955e-05,0.0250194709621603,0.033604512344441,3.84229367865463e-19,0.103939125761457,0.00688741343662198,0,1.92590336560834e-21,5.66540479606222e-05,3.61882825708722e-19,0.000989045984390382,0.00126453072471675,0,0.00197083390151557,1.20598376780816e-18,0.0198485838602554,0.00161810075883167,0,0,0.0132362920841888,0.000654364245887923,0.00127390038850052,9.09181755494752e-19,0.00205362501833376,7.41115034912594e-20,0,0.0213138007658043,0,0.00220474248192753,1.777512332091e-18,0.00234574186782226,0.0115850515347307,1.0361930480974e-18,0,2.26650562707799e-20,2.88098773780812e-21,0.177439715157288,0,1.02121420514116e-18,0.0387174207292866,0.0112388223668993,0.00816860001235473,0.0158511308917476,0.0240197309041023,GSM4957457,GSE162694
0.147215625739351,0.00097803827587982,2.31192913102404e-18,0,0.0730428277987938,0,6.13816761502896e-18,0,0.0381407147075366,0,0,0,0,0,0.0200897335102704,6.06570005104849e-19,0.0154838223061826,0.0155645129676114,8.76800642214663e-20,0.00609256350748219,0.0195443749443032,0.00046233257990659,0,0,0.0145741849044035,0.0129530128278912,0.00137343558702533,0.0703034286472201,0.0253842405158481,0,0.000263504588807522,0.00453270500798384,0.00212200990752031,0.00889757611448672,0.000705173827315071,0,0.00332516521441232,3.68795679878033e-19,0.0280449885440095,0.0303099050993979,0,0.00255560390092079,2.84127391357318e-19,0.0245125606664419,0.00412332423977024,0,0.0014603228047513,0.00334000395675524,2.99374489297434e-18,0.0304073926755314,0.0067119897135262,0.00843867409294174,0.0559179320164841,0,0.00463247970318309,0,0,4.18931144290039e-20,2.82317203936416e-19,0.06182114720932,0,0.011253715277937,0.00795775321109259,2.87123841061318e-19,0.010088519252962,0.0175482990622933,0.0276368183152552,GSM4957458,GSE162694
0.130062485308282,3.00378043558035e-20,0,3.83566977649232e-18,0.0430140431209971,0,1.06769025782085e-18,6.63802016743405e-18,0,0,2.34119197739969e-19,0,0,6.71164718405541e-18,0.0538338003558236,0,0,0.0441976426694063,0,0.00214052530875083,0.0216110461279289,8.46035562515872e-19,0,7.31655189811352e-21,1.31078552691823e-18,0.0933878248689354,2.3841932005191e-19,0.178400314683577,0.0345529069963578,0,0,0.0336182949776281,0.0107993129778645,0.0231464446479863,0,0.00153784565439614,8.39546487167732e-05,0,0.0446504806950284,0,0,4.35951939645995e-18,0.0183830432655704,0.0246501603223547,0.00247312090952839,0,0.000954619525489749,0.00508223669585524,1.90363228251884e-17,0,0.0011338540106157,0,7.85650385329317e-18,0.00542620421252244,0.0162347151368951,0,0,1.69050737231157e-19,0,0.256218936877517,0,0.00164702228930573,0.0444228623403065,0.0077497819535439,0.0272273713214895,0.0108055230639644,0.0380328943854539,GSM4957459,GSE162694
0.0822262974668803,6.74507916804448e-20,5.16361667237539e-18,0.00859708975924963,0.0303146857691246,2.54025956572534e-21,1.30313953343219e-18,5.79061194213716e-20,0.00345546299062317,1.23368017000899e-19,0,0.0204893377444682,0.0194885282447473,6.60469309224069e-19,0.0107665341748558,4.55603386218523e-18,0.00180259849899645,0.0494846383630087,5.70528144598186e-19,0.000728981497109827,0.00358658086028225,5.72164629597518e-20,2.16863356950695e-19,0,3.04620892191402e-18,0.0221643772468787,0,0.0545381403744623,0.00388848310258854,0,0,0.00834219026542936,0.00843700606855109,0.0015559204902954,0.0015726706743106,3.17963689556129e-19,0,0,0.0248200250549879,0.00136676533467993,0,0,1.34225043388608e-17,0.00277052471049194,0.000288236103887138,0.000822165511663784,0.00319432310831107,0.000132468131865576,1.78946131593193e-18,3.22840923117671e-19,0,0.000227896670657501,5.97665012082559e-18,0.0111922949057334,0.00898568160241962,2.01014976282072e-18,0.000894482497211475,1.02026711681224e-19,0,0.221477525122072,4.01207517706721e-19,5.33919707018943e-19,0.0291412970343161,0.0160035213193663,0.0265751587149555,0.00179329043014113,0.0283684491450966,GSM4957460,GSE162694
0.00561140098794386,0,0,0.0137767803945947,0.0645360101281491,0,0,0,0.0263739460883907,3.0090826516153e-18,3.25381973711856e-21,0.020525145833278,0.00830793995526012,5.93024397997138e-18,0.0195668856547144,6.11782788314094e-18,0.000307286359595112,0.0255625111846967,0,0,0.0192540907958612,4.26522898692992e-19,1.1875339917939e-21,0,0,0.00973361146536692,1.09234109997407e-19,0.00747821580677214,0.0322791441415289,0,0.00389151407206516,0.000509826128537538,0.00139498307192875,0.00290413887039942,0.000282225910841675,0,0.000916960258095418,0.00554841489894518,0.0250000977672871,0.00309747763376376,0,0.00627699754022429,0.0604217823266701,0.016812811792765,0.000953829244724835,0.00505284540420382,0.00323362997245401,0,0,0.00305024694946236,5.81985418587922e-18,0.00462580914350152,3.89231426185006e-18,0.00664781479328212,0.00487026366648124,0,7.64075241860757e-05,0,0,0.224617279309338,0,2.69331288370188e-21,0.0225900096610944,0.0012486607596204,0.0233959855115013,0.0096270453979306,0.0330230309094319,GSM4957461,GSE162694
0.103978910439895,0,0,2.14892279447755e-19,0.0216679244645232,0.000845538063119684,5.38092243427296e-18,0,0,7.99794936376414e-18,0.00253357941391615,0.0118548401887481,0.00622900874742137,0,0.0240094521219728,7.84256180757217e-19,1.76237997590363e-18,0.0748239972570204,0,0.00131286892630113,0.0121920979250621,7.84887767298149e-20,0,0,0.00508625452515023,0.0336822075475351,0,0.120407510256196,0.0201359742709415,8.27579489284992e-20,0,0.016405734413,0.00776035610361039,0.00959297378552274,0,0,2.79809474562364e-19,0,0.0251797007201537,0.012911062797262,0.000869158505970431,0,0,0.0117860997126307,0.000701401742516125,0,0.00336415646469985,0.00337213259395971,0,0,3.77604136848271e-18,0,0,0.00529600580661868,0.015561637106073,2.70675454438571e-18,3.38189632102355e-18,0,0,0.238206073906599,1.51861253599973e-17,2.54422645340605e-18,0.0723173776813646,0.0165568180979387,0.0225431564186529,0.00863917622510616,0.0311823326437591,GSM4957462,GSE162694
1.23420979112983e-18,1.88541960670225e-19,0,0,0.0341619769548506,0.000140323633970158,0,0,0.0186130396737542,0,6.4225627130938e-21,0.00507223244240646,0,0,0.00668902364446995,0,0.00215288585403431,0.103757251864843,1.02439667559982e-18,9.09381336903893e-20,0,0,0.0026014946226414,0,0,0,0,0.0419585324070043,0.0728858368276741,1.86594696337998e-19,0,1.2848880633367e-19,0.00023437413933612,0,6.30893674191339e-20,1.62833118167008e-20,0.00139155810121527,0.00075023522957265,0.0334226819030601,0.00772906329473607,2.40826379576971e-18,0,0.0167889188119585,7.38275817673746e-19,0.0112862755097111,0.000359053746309069,0.00320767045554997,8.70441622956312e-19,0,0.01471209880073,0.0267271035018419,7.95083810329403e-20,9.00669206087748e-19,0.00400113236484686,0.00475719728985538,2.17335523551556e-18,0.000103559355204033,0,2.08471246241594e-18,0.292128994024928,7.53364376071022e-20,0.0209693742817787,0.0373643163975193,0.00642461208840844,0.00338148829493764,9.42709803351125e-20,0.00338148829493764,GSM4957463,GSE162694
0.0890739486411694,0.0255198010270354,1.47179499993211e-18,0.0713338674170878,2.49403145798991e-18,0.192947964023421,3.99710825381239e-05,0.0940622886803147,9.01530095627905e-19,0.0481290137326518,0,0.0626604640610837,0.0836761258822536,0.16938166721919,0,6.44996899620877e-18,0.0201804264405533,0.0868626061050973,0.0575414553246116,0.0470243569805859,0.0595367075568427,0,0.0011997526434508,1.202655638396e-18,0,9.84485177069935e-18,0.124285907024428,0.0951756345295381,0.0316252953923742,1.9339378548433e-18,0.102541264345607,0.0490877595522183,0.0198977439286839,0.0450948742637447,0,0.0568673301904944,0.00157724210346527,0.0155204442792407,0,0,0.0314317678025995,0.0725843531020758,0.167981350513159,0.0858497798682356,0,0.0124819420047849,0.022075131976095,0.0068936251259605,0.107566062190631,0,0.124655668291679,0,1.11143437019871e-18,0.0497626730073453,0.0496638324436351,0.00210984687237058,0.00185779997561321,0.00235513625841831,0,0.121560631869061,0.0556676334274539,0.172277036822995,0.0617299154861973,0,0.313373461206987,0.0425282542919391,0.355901715498926,GSM2385720,GSE89632
0.108645635421337,0.00148299522415578,0.10033201279499,0.0124497553543824,0.0358435647294491,0.162925038700524,0,0.103511660125564,0,0.0409245695481764,2.64200379456741e-18,0.0547589937739411,0.0667272880709596,0.142659637423737,0.0807229021064033,0.11488033617453,0.00321677262759295,0.0581046372405988,0.0390882314408402,0.0952165179828356,0.108528233759885,1.52627534933719e-18,0.17204070145796,0,0.133421046244984,0,0.0859792223970403,0,0.0525523128186001,0.0593573095980985,0.0852878646779357,1.99754562344836e-18,7.13612378497133e-20,0,0,0.0516979396519382,0.0222594335948716,2.33668927261101e-19,0,0.110074158883364,0,0.0765440512936326,0.0108401714234212,0.0528616809511283,0.0372628025252472,0,0.0350671896057269,0,0.0936251949930345,0.12526013212786,0.0197452422171442,0.0181024124520098,0.0381753006228181,0.0686207303138598,7.53776621738001e-18,6.39461287407604e-19,2.90372064462209e-19,0.0113392789766378,0.0176487398573192,0.0708314288355662,0.0569634937090338,0.131257709115486,0.0542766951673237,2.12662861432184e-17,0.239708081486505,0.121716137614512,0.361424219101017,GSM2385721,GSE89632
0.0635016997599822,0.0242003554892334,2.12485842538736e-17,0.0417962302468629,3.96592671302392e-19,0.0706045162598466,0.0379397207612248,0.0254956844363075,3.56779500478342e-18,0,0.0353023114383246,0.0314842184962087,0.0523383386118741,0.080424637600775,0.0366437043286359,6.76979784283177e-18,0,0.083026197663368,0.040978238601058,0.0665556370035491,0.00786453104098275,0.0664109528808302,0.037501987841623,5.53097254207866e-18,0,0.0265080918222793,0.121787669201748,0.106830808212797,0.0875084946701837,0.0168928247485087,0.0688636100712611,0.0403095595669359,6.71038380198028e-19,0.106392476052554,0,0.0326025640290335,0.00927101541306803,0.00241890168508411,1.28796361882407e-18,1.44533721964118e-18,0.0405276177695703,0.0915918170392792,0.283267976482112,0.0551002424657837,0.00584901756815037,6.21236171479579e-19,0.011991039110235,0.012224984991576,0.0607723778299463,0.0323680617416454,0.0863773593517377,0.00301904954719626,0.0377828170042615,0.0766053734084041,0.0642667930165557,0.00541084504847702,0.00897797511034889,0.00366402944132229,0.00781019011007948,0.0797573563237941,0.0247017011192037,0.208612058362108,0.0245642226725808,0,0.257051508814525,0.0160324432651081,0.273083952079633,GSM2385722,GSE89632
0.0503688933256847,0.0881022224768225,0.0404681915507894,2.55002080127999e-19,0.127224428744802,6.59652720719886e-19,0.0733523865118833,5.84271271389441e-18,0.0160203303103907,0,0.142332811391263,0.113663904108913,9.26048342159492e-19,0.135109470938875,0,3.62203830043968e-18,0.0347996575365826,0.0330493126394187,0.0189421146084266,0.0713481713353333,0.0610986280313521,0.0344260811814419,0.2829822136254,0.189371922309288,0,5.26229244641168e-18,0.0813635397908782,0.0206754407073762,0.0511612232870027,0.308921608620848,0.0699423573445715,0.0397266020228949,4.05468539675229e-19,0.0803093670284487,0,0.0742036327722072,0.076779529970142,2.86694240453768e-17,0.0153996319239091,0.0192353080386261,0,7.17461911598631e-20,0.0605315837833237,0.128276838750171,0.175778005864199,1.07116547019177e-18,0.0175233108445329,0,2.93112878676623e-18,0.110750394989688,0.028067240213294,3.28286653297592e-18,0.0295429488568675,0.0163205371170986,0.0534270829313421,0,0.0581733737750734,0.026675576415685,0.148969675255564,8.4887882830158e-18,0,0.269104270477024,0,0,0.172776505765722,0.0746004252540873,0.247376931019809,GSM2385723,GSE89632
0.0779105403582109,0.000650289635718267,1.29826352032487e-17,0.0486074338058118,0.00536998502753618,0.159254434261971,0.0316171800843543,0.0931926457786412,0,0.0309793924084131,0.000597127511920737,0.0694011428281456,0.0580397476016667,0.197197386826549,0.0123403441809652,3.29252663822125e-19,0.0231377777610419,0.0557368341150673,0.0517641955458743,0.0608620551199462,0.0514400670326388,0.0706484376409914,0.0132539219470455,0,0,1.81659498952304e-17,0.115477019195222,0.00463499733358695,0.026301925325558,0.0172102545453584,0.0797017056060594,0.0447595175750624,0,0.0959217066510109,0.00379228647286768,0.119784395555275,0.036226005862562,0.020894289322394,0,0,0.0292073440261605,0.138133351680875,0.152214944079242,0.0912478100127908,0.000396213455821771,1.33639872600219e-19,0.0136739789311659,0.003846154133133,0.135437278693836,0,0.0138298570267033,0.0145320447316737,0.00360076038908221,0.044212701880198,0.089843033305769,0,1.88949151497327e-19,0.00479314776910393,0,0.0625925332107524,0.0391157686458982,0.204839134171527,0.014902855810228,0,0.373169530716397,0.0260451783341785,0.399214709050576,GSM2385724,GSE89632
0.0658501088539448,0.0374464479352517,6.37694015108375e-18,0.0384520057043737,0.0494261118027763,0.117703351614754,0.0184200314849131,0.0537768363170269,5.47022792522727e-19,0.0271469969270936,0.0311751416687208,0.0400444217776612,0.0546901582809622,0.125140990713603,0,2.83800313675929e-18,0.0203514395314856,0.0438178975229298,3.80105856591622e-20,0.023510239335103,0.0337852839866952,0.0228110656189068,0.0254010944485277,0.0148499346250915,1.34412368439755e-17,0,0.108294521921787,6.30188673772133e-20,1.01546978461688e-17,4.54864978848269e-18,0.0809313825233629,0.0485191778625839,1.06215097986509e-18,0.134936921525629,0.00196911473145261,0.0860763015329352,0.00471313580007251,0,6.22537831651315e-18,0.00153666358212102,0.00259588571690512,0.104532927688299,0.185591667773962,0.0842807925177747,0.02785623393583,0,0.0127535194076272,0.0215611310319155,0.124907618338244,0.0183922990556684,0.0915375878446811,0,0.0211526699611734,0.0645584055517122,0.065223893184236,0,0.0102957032938942,0,0.0257051697162132,0.0817060863878725,0.022841046430682,0.186526749983417,0.0299306430519912,1.36929359822984e-17,0.252098330956115,0.0356158659609734,0.287714196917088,GSM2385725,GSE89632
0.130375793102859,0.0155394261020706,2.19133796703208e-18,0.0742516257968651,0,0.233593473161337,0,0.098533427347157,2.10638482019666e-17,0.0767811074150568,1.08308873450124e-18,0.0752079597570722,0.122973037419688,0.20464888112096,0.0631189057307717,2.00676118232668e-18,0.0701773961691271,0.142853288280071,0.0910828548595236,0.106069997364092,0.00233553709888509,0.184412892895423,0,6.80201875318847e-18,9.37382502947934e-18,0.0999052829641114,0.0919189765566041,0.0193597502700961,0.0825087576714045,0.00295693292156455,0.0959128845711033,0.018071770471535,0.00259616812652396,0.0992225789905616,0.00180399560048885,0.049560826515224,3.76522558520688e-19,0,1.71284244759433e-17,4.17301970196259e-18,0.0486610657872184,0.252327413379749,0.438460868083472,0.0737297114079614,1.53489589268965e-18,2.88931442864917e-18,0.0246618647213474,0.0266397259209572,0.128467724153766,1.29422538727676e-19,0.127864404688767,0.0122416711910692,0,0.0602316866320178,0.0673200592582268,2.09462399571964e-17,0.0516705806893474,0.00431134043347779,1.15669839706031e-18,0.0619461961116829,0.0355885430815134,0.222880466771346,0.0846338452894906,0,0.508080123396383,0.00893748160047784,0.517017604996861,GSM2385726,GSE89632
1.05231127304493e-18,0.0423410493232923,0.0203366373790334,0.0325816155356656,0.0369243995382088,0.0559193956555502,0.0240875928766352,0.0365845605423579,0,4.5108402222001e-20,0.0166211118533572,0.0542326906536156,0.00577513596447667,0.111060536894128,1.8582858363554e-18,0.0312099442314885,0,0.0823480753287865,0.0410098984034261,1.03555434802786e-18,0.0942271752064138,0.0218354039445303,0.0417600573990369,9.68997205353398e-18,2.68078958897452e-19,6.55209598849126e-18,0.126428411710523,0.075255590984885,0,0.0187601463398499,0.091438843547617,0.0124347489674683,4.88180882087351e-18,0.112064414236545,0.00716982829496093,0.063232705900206,0.0148199813258436,0.0118958238414456,9.43116557902569e-19,0.00827504260860997,0,0.0415661663362359,0.141803985220308,0.0992862986520415,0.041953733731348,0,0.0184888735821689,1.55968438289177e-17,0.0966334526430075,2.31596504352048e-18,0.0303356801604815,0.0149802571516016,0.0275437249221972,0.0276500117535633,0.035092600537718,0,2.63066147155165e-19,0.00652355612607331,0.0336383660362828,0.0739709440585306,0.029083644767453,0.148126659793943,0.00890810773329667,2.15007041856681e-17,0.174314867054404,0.0682841122648531,0.242598979319257,GSM2385727,GSE89632
0.128304918940232,0.0218475854182329,1.96219915786722e-19,0.0537024911147847,0.00700710990174532,0.148019868793741,0.0213164061419811,0.0884943935487759,2.18883680613032e-18,0.0271867466387063,0.00957776666165073,0.0862437745277121,0.086927324113843,0.178474849844087,0.0199111354747726,0.00493572135279749,0.0325846690694158,0.069986861613041,0.0353284567774083,0.0926177070959794,0.0298692258727286,0.076730898135234,0.0895611705255006,0.051372140517343,0,0.00594232009487475,0.109727721458595,0.0900741339280881,0.0589994891508355,0.0384269683980539,0.0811532459998067,0.0815045729991474,0.00411900112804252,0.127404934832535,0.000654226680074674,0.119918630004492,0.00639886143999876,0.00815987201368991,0,0.0322841265807987,0.0772543723975082,0.10155580370536,0.288943962203036,0.0806824805841192,0.0647510993780876,0,0.0198259554120008,0.0206598326023808,0.0650051323222427,0.0224297959210618,0.0602320197609352,0.0141389261628893,0.0415969983165283,0.055437142537291,0.0540592690544763,0,0.00384976362088458,0.00861267122979483,0.0542941092234044,0.0481536355633238,0.0511252768615292,0.191800792538838,0.0553197893271308,1.65909244958566e-17,0.428578267615893,0.0258584056454808,0.454436673261374,GSM2385728,GSE89632
0.0863255773707093,0.0370813524067392,3.18023663857891e-18,0.0369523974112916,0.00786317760292205,0.159494165321318,0,0.0747145416151396,2.79163500292538e-17,0.0503564465467954,0,0.049178100352752,0.072317736165675,0.148901722383025,0.0771905261052156,0.0306180080026698,3.67333194116652e-18,0.0977979005508185,0.00844766701923127,0.0948524052538601,0.0260756809617348,0.0981458294115389,0.0224576571794168,0.0127214612642968,0,0.0456511440648853,0.114848065412472,0.112911372535349,0.0634352838296885,1.69769017441518e-18,0.0561498396243643,0.0382498631272988,0,0.109754815364143,0.00333336778510819,0.0110231333527897,0.010008185765277,0.0129664586813839,1.29180907987472e-18,0,0.0478379701387356,0.148541794594436,0.14369776437528,0.0724639983503459,0.000170445617015782,2.86490907936504e-18,0.0196466419337228,0.017793829853725,0.0792115047037782,0.0280462480441627,0.153049529213582,0.00132451769861293,0.0493484219782641,0.0285989786977223,0.0286902554906191,0.0152467268177106,0,0.000632299557577323,0.012497428628701,0.169735266277363,0.0633761213309984,0.198289566994119,0.041783180342974,1.21198211644772e-17,0.360179873102152,0.031578516684237,0.391758389786389,GSM2385729,GSE89632
0.0959644620701655,0.017151622864474,1.47995689005529e-18,0.0553329348641169,0.0725920854651797,0.0990348418497266,0.0637610209762819,0.0628973878954501,1.15985314516058e-19,0.0508871637128653,0.0430168516860363,0.069611076404182,0.062055935070108,0.150012328379828,0.0339713090597512,0.0200715190400967,0.049669564650779,0.0253825371278767,0.113648733814748,0.081495795305288,0.0559678304687902,0.101090374567918,0.0836234860717073,3.31025926872701e-18,0,0.0810947201558827,0.107839870654518,0.096299407507158,0.0661533007230321,0.043572991770915,0.0885835172974911,0.0367128356747372,0.00636605387685386,0.0489991791273024,0.0271665255308115,0.0318878944080057,0,2.62979603575212e-18,0.00636491357544695,0.0276369346684167,0.0391275008836367,0.1078610337489,0.220873458047949,0.117656191495509,0.0145448200131934,4.86281100182587e-19,0.0252964092577932,0.00910935054622438,0.0696106294730598,0.034653102664519,0.107894901907218,5.36318984592586e-18,0.0552415069859103,0.0451737016039706,0.0338124154935822,3.05651211931964e-18,0.0362605669855781,0.00968920639450259,0.0243098070487723,0.0394612356276548,0.0297187787103902,0.216543084513796,0.00226544981092985,0,0.368102940763617,0.0365597266666321,0.404662667430249,GSM2385730,GSE89632
0.106232033081599,0.057020494681685,0.00154214768572602,0.00767585587411828,0.249500030467388,0.0494191407773838,0.0167636480650028,0.0264959878075947,0,0.0654700961050063,0.0505767102947576,0.104029578356474,0.0772583118155418,0.173175213270903,0.0177587175459465,0.0554746146855987,0.05849744731655,0.0174754967079313,0.106353392826763,0.112111641035102,5.90033483415851e-18,0.0451141648099648,0.0532538420122689,0.0768726071468533,8.5219413553419e-19,0.0392685275613173,0.084373188105864,0,0.0936375217083162,0.08681504144851,0,0.0169103170950765,1.0842021724855e-19,0.0826030620143477,0.0110207585443153,0.0696756290480346,0.0392506006752913,0,3.47230948714195e-19,0.0413442877896798,7.21557094082309e-18,0.0873995242353894,0.197596673210582,7.60479011518019e-19,0.0205369462186173,0,0.0508605616329537,0,0.0796924631070785,0.0877237227525866,0.089232570093858,3.58970081880465e-18,0.0485916722451014,0.00432004537858459,0.0624685677496357,0.0307874344600252,0.104428237838054,0.0161633918130327,0.0565000028801394,0.0338081511531637,0,0.148080886480559,0.0606105033953787,0.1289464597774,0.268700511086483,0.0285102473408425,0.297210758427325,GSM2385731,GSE89632
0.101625961981195,0.0397109978656973,0,0.0550743211804098,0.00789857431931736,0.0802339883041134,0.0508306314876915,0.0463693832242318,0,0.012898539718005,0.0118196317074975,0.0280185158569525,0.0459495656809591,0.130984671740021,0.0518896327263632,0.0762962280279441,0.00960399859287737,0.0410050101111334,0.107355081520016,0.083556272386132,0.0684648699932117,0.128939186350584,0.0418623318353892,0,3.61146025460935e-18,0.06103153735586,0.110430812383498,0.089528031585901,0.0372684914035378,0.00844417392090788,0.0860317814551608,0.0224995044379994,0,0.0921997112674082,0.02104842668498,0.0387855335263614,0.00342069393221124,0.0281560905324138,1.14733008203923e-19,0.023734306916393,0.0381901487322073,0.0981272504358137,0.157674167753369,0.107852707853044,0.0163989064483676,2.6170808797454e-18,0.0206863888762339,0.0153434399874272,0.065125832570504,0.034006275826621,0.0684465835941961,2.24645476254559e-19,0.0497392857021899,0.0355879862103211,0.0285242897837168,0,0.00968984917633899,0.00521637424917242,0.0207739782920606,0.0677034571355467,0.0279589439178476,0.195294849440042,0.0304944724586939,0,0.336110020940952,0.0540879339294545,0.390197954870407,GSM2385732,GSE89632
0.0305418052579656,0.0401291130401984,1.63211085774786e-17,0.0169002995098823,0.321993791387698,1.99724516623349e-18,0.0301113170784145,0.00640491547065932,5.4326536304556e-18,2.53300299053023e-19,0.0598640679433627,0.00711082928818906,0.018845967402876,0.0752288772778236,0.00750439105700918,0.103152855389236,0.0522150802123443,0.0505086605921742,0.135417380446786,0.0530143861259842,4.84531619944505e-18,0.0803130598413816,0.0977591634401831,9.56306218490756e-19,0.0136376329967886,0.0442348724614589,0.0829914105838038,0.0563856684543292,0.068446336625169,0.101556069771762,2.43430661613848e-18,8.26558351123611e-19,0.00861222859955102,0,0.0160202207867151,0.0297015832996089,0.0120107290261981,0,1.68107498440441e-19,0.0259856966774669,0,0.171505614899921,0.171175144338308,0,0.0258952984320446,1.75013470737044e-17,0.0384922389620349,0.019169648876154,0.105264296192099,0.0826540155846127,0,1.32447485965534e-17,0.0517556490350051,0.0396678520307651,0.060687010717497,0.0210861866549086,0.0396295566938621,0.0171815918321801,0.0470242539017112,0.0475466672247436,0,0.147506278252303,0.0352631733508717,0.0774298164970764,0.202798437394043,0.0268833730184935,0.229681810412537,GSM2385733,GSE89632
0.0431898095439818,0.0244172448938628,0,0.0209960916380966,0.14325844077154,0.0793215841732674,0.0338155896274213,0.0330413082355551,1.14142177365119e-17,0.012111562080928,0.0827370523197282,0.0366894963605122,0.0692730813285351,0.102798482406579,0.0251210229683093,0.026274448161537,0.056778661561189,0.0499270681244221,0.0914212189205222,0.0602859623564942,1.54077942325993e-18,0.0928678696757088,0.0396663885291155,0.021711291327547,1.13563780700657e-17,0.101816315570536,0.0976155218507807,0.0911392914417098,0.0579388452240391,0.0572995210838111,0,0.0160358320407622,0,0.10518139745517,0.0110864532402951,0.0255452259974649,0.0184146962303079,1.36953690673266e-17,1.47571396586056e-17,0.00352489676793584,0.00402241389430421,0.164888490507341,0.12572316530945,0.0233718245535376,0.0471237920389206,4.75000621279209e-17,0.0273592663301912,0.0277318127515108,0.118869214353144,0.0868765246427514,0.102494053130383,0,0.0526974379315758,0.0396314571815391,0.0488473818468027,0.0196960813132275,0.0180570393293668,0.0111154222447634,0.0509006205713498,0.104505037064904,0.00592936216955343,0.216357365399173,0.0402976500121523,0.02478663565122,0.281084303030922,0.0122086224469314,0.293292925477853,GSM2385734,GSE89632
0.0764207147392231,0.0255969752516762,2.51812844942402e-19,0.0288256822164926,0.176077909775113,0.0617521334825319,0.0174662093661073,0.030652016034289,1.77219521573297e-18,0.0489198676027679,0.0127081723358154,0.0496420955982957,0.0507767198167715,0.156273413055618,0.00245012085695944,0.00734925008920787,0.0130201299279516,0.0422072604726464,0.0922300394963212,0.0852552425061043,0.029793545560791,0.0626554642619319,0.0370511105982121,0.0192794297408748,0,0.0462090141248971,0.100794695869704,0,0.0929094602215984,0.0603772196775608,0.0184754542421134,0.052746632445707,0.0044079134467932,0.0872630854102881,0.00787125160237847,0.0613690620595666,0.0074109686886911,0,5.63956734819448e-19,0.0258482302076447,0.00634764993019195,0.136013691471528,0.239530442263234,0.0790820981655225,0.0148636695649754,0,0.0314828257617162,0.00961096921869185,0.0760210769086314,0.102403369337033,0.110478174305283,0,0.0586696726861236,0.0470638005932514,0.0563142897921571,0.0108751998933624,0.0432311877826145,0.0117231508230967,0.0356407364592456,0.0623885974096804,0.0174242392656121,0.200039500095222,0.0291890622019696,0.050212444094311,0.273085387148476,0.0276952604062336,0.30078064755471,GSM2385735,GSE89632
0.0836119947388544,0,2.30439919369441e-17,0.0532287129559376,0,0.123302472031981,6.80647527088602e-21,0.0652234449526307,0,0.065641861618467,0.0428106624898936,0.0730242168855014,0.0578487293136959,0.120314951271426,2.34583209250679e-21,0,0,0.0617322894140264,0.0116003848422327,0.065729488058277,0.00195087372874678,0.0503171872257495,0.0146404679687253,0.00593657206025444,0,0,0.117303669196886,6.05460685456874e-20,0.0422162304816131,0.00120168435320974,0.0528464420337951,0.0998942314056485,1.52606507398416e-19,0.169199579017586,1.09890982683371e-18,6.47171358024448e-18,0.0173658264491897,0.0448443916708068,1.58953354866157e-18,8.17434819156187e-20,0.00415978145463319,0.160054090021606,0.228133536056792,0.0693338383783928,0.0138129916803979,0.0249159898089518,0.0107630192815375,0.0129561305862612,0.00309663432067391,0.105962584514455,0.181642323873138,0.00961531217976198,0.0377313044914571,0.0356056699727458,0.0263546842851597,0,0.0364205737588595,0.00387114086484446,0.0147718650985602,0.0470745735199211,0.0401357252655812,0.21202303335242,0.0500155607429383,0,0.285086551896875,0.000975436864373391,0.286061988761249,GSM2385736,GSE89632
0.106185388460462,0.0274954948718889,6.8593773916436e-19,0.0431324153438545,0.283514654106579,0.053532887027367,4.33680868994202e-19,0.00978130828007529,1.2458447557732e-17,0.0497635166853997,0.0175604503754679,0.0374745947537238,0.0593237531134025,0.161203183717317,0.0365651183754728,0.0291695516996705,0.043152083641996,0.0238778192037532,0.0513695528149708,0.119983359641708,0,0.089692363739089,0.0480462569801298,0.000474123084508832,0,0.115543169678829,0.0792653624576349,0.0729877220691122,0.0944253901151948,0.053932146981036,0.00551239079379512,0.0342859105110718,0.0262372708178293,0.00793248500943583,0.00474320230030208,0.0481947365039429,0.0344327248392618,9.04604315928357e-19,6.04706812592372e-19,0.0314353960155954,0.049004153603024,0.107064685616669,0.166081382515051,0.0491032324418464,0.0213325550244636,6.51763547337893e-18,0.0406219376492702,0.0116286723143122,0.116786491835758,0.13798722873246,0.0557140275805261,0,0.0734300635521332,0.00589435814751413,0.0650187883866091,0,0.0591262707748947,0.0120036115914525,0.0398044063874046,0.0858310662546369,0.00885460572925456,0.154400853019884,0.0751024399334328,0.0608576745124501,0.344341648215279,0.0137477474359444,0.358089395651223,GSM2385737,GSE89632
0.139198651394484,0,3.54766554282829e-18,0.0489110046372789,0.0630831287432943,0.082428614854206,0.000451159673577998,0.0141591405366843,0,0.0363832650681983,0.0602815853157466,0.0707207806808226,0.0569069790152878,0.179462544730201,0.0294553549245326,1.74325039769549e-17,4.84286205183675e-18,0.0536101691949329,0.0935069850928822,0.095854040133658,0.0335292566417072,0.174847931801035,0.0225358902745727,0,0,0.0860552787222847,0.078215512841769,2.65086719760643e-19,0.0444011895507912,0.00672057661442231,0.0869369613625715,0.0612222303840408,3.37551813578526e-05,0.0945053757771376,0.0081396509714531,0.0797998853800887,0.0115553877236233,9.46022822105066e-19,0,0,0.062902594730137,0.155190634101752,0.515766660340044,0.142693557390379,0.00943753857921701,0.00745917664970117,0.0104467304916448,0.0274471452449866,0.12875473771289,0.0428502946018695,0.0324386332898751,0.00265772912344741,0.0538549654454035,0.0269284112329029,0.0773431652028313,0,0.0171663728625502,0.00328187159525541,0,0,0.0167524267097442,0.26876775454812,0.0104239446317849,0,0.461972837888657,0.0167646283208536,0.478737466209511,GSM2385738,GSE89632
0.121304845680837,0.0276070632398325,0,0.0652138779063238,0.0683795021285528,0.0997076334501589,0.0643121116740972,0.0957257463917425,1.02528408448333e-18,0.0515019077703169,0.00254739350585647,0.0485503533010287,0.0343706909619855,0.179846995594328,1.24831948809876e-18,0.00942371936373677,0.0390086936571541,0.00799242586310528,0.068921796793627,0.0859822013442321,0.0311574951166946,0.0934290874607993,0.0392141659606378,0,0,0.0854573980910276,0.0981136480263241,0.0296414993497486,0.0584073670965719,0.0174904737618872,0.0347809843155904,0.0783624327021109,0.0182212413184587,0.0940936615818567,0.0191768768017569,0.0232325028666711,0.0252894163117716,0.013226168417192,4.06454043392854e-18,0.023699578301601,0.0598608313006939,0.090722485955387,0.176545308488768,0.0779679430809616,0.00594476117438114,0,0.0157042385605604,0.0229993824941602,0.0729046549165714,0.116876692522879,0.0808220605740604,5.43170975602423e-20,0.0501840275461695,0.0271038820074682,0.030178299900854,1.90736460133356e-19,0.0384002318563617,0.00699664142199999,0.0168209062513967,0.0530925998173629,0.0491086494349089,0.227071984653456,0.0562630489988919,0.00982945321150244,0.428136963079613,0.0293822791782635,0.457519242257877,GSM2385739,GSE89632
0.0584018152668463,0.0353060639444436,0.00932429476108311,0.0574660240369464,0.254452261563272,0.0968957058569015,0,0.02568255922191,1.62463237693219e-17,0.0484938543928507,0.0423629451007827,0.0300744955946335,0.0823866586531711,0.121347138547602,0.0382607952636645,0.0700916189608243,0.0821618913944618,0.0887983375023036,0.0344903670853961,0.087576606052341,0,0.00693778199025111,0.0479669256451527,0.0493573413255222,1.24228458920705e-18,0.0517594666787669,0.0966473155342995,0.115407578032039,0.0792185787218355,0.0786449681331321,9.50647454000609e-18,0.0121354408548434,0.0148978075552739,0.0197322231301517,0.00158485723615023,0.0780710938147315,0.017719155516217,0,0,0.0202105085580291,0.0158621676431183,0.066041596607175,3.87216239899104e-19,0,0.00403443213647377,4.7623900202955e-17,0.0439903876976047,0.0217050484659537,0.116336875251718,0.0559120583955974,0.118027183496702,8.5123650898221e-18,0.016279112222139,0.0228856421037212,0.0757654017675626,0.0670390141498004,0.0513392892774099,0.0139869631355184,0.0354569159378597,0.118742415111433,0.0109247674854804,0.153195353776611,0.0497166369736217,0.0526582453233751,0.250241237565244,0.0176530319722218,0.267894269537465,GSM2385740,GSE89632
0.123517317851088,0.0268219417777329,2.22606063010252e-19,0.0364569104091572,0.0377011201708955,0.159649635049582,0.00824560413849567,0.116735327405756,0,0.0333114806293318,1.16335232933702e-19,0.0669012624392911,0.0969080547106864,0.166354745052888,0.0321671447966562,0.0706254879829521,0.0152993301791354,0.0652288896170244,0.0778146703419015,0.0957615350742975,0.0240491902658393,0.0428096963482659,0.119375501531842,0,0.0304460420219452,0.0701019086228924,0.109387862430772,0.0355769793010384,0.0496769452666376,0.0442231152857318,0.0605603656498708,0.0399335498756538,0.00290361813394201,0.0670744163475901,0.0131110314061865,0.00766454950640126,0.0169924388249697,3.87147239087207e-18,1.18148378561311e-17,0.053874580697166,0.0320251647745535,0.128369759738355,0.249060907346344,0.0523002247945761,0.0204544850564246,1.91547841504419e-18,0.0168604360187479,0,0.105221537259315,0.0155280738482703,0.0444376414756529,9.28500065952505e-19,0.0558194969311287,0.0401631629451064,1.56157388627232e-20,5.05694997608382e-18,0.00382469800883357,0.00904978616409341,0.017242248835489,0.0664842230164512,0.0608517548942299,0.159072817947529,0.0936127554485799,0,0.365970676661651,0.0406585870327587,0.40662926369441,GSM2385741,GSE89632
0.0791068317014927,0.0284561070966808,5.79683976067858e-19,0.0449850559843384,0.0180662489349452,0.110699083741907,0.0465752971350505,0.0806278988695918,4.20325686254964e-18,0.0353877217542545,0.0496028936189009,0.0528424496487945,0.0593174853064679,0.140552395037549,0.017622712154978,0.0188015969478786,0.00403064509349206,0.0503004448512437,0.110403927934923,0.0577583592403088,0.0168140591757347,0.120301531054303,0.029692152145494,0.000671453837682225,3.75805242892859e-18,0.0846118936420193,0.113543678772438,0.0581646397075299,0.0331212526115568,0.0283672039491967,0.0415105042172988,0.0476837406221246,0.00029615446431943,0.0561060301051423,0.0259069935797357,0,0.0178783529952338,0,4.28565178879023e-19,0.00375692874782316,0.00885799012067724,0.0977700716611857,0.179628805795941,0.0533704317145897,0.0472851127004048,0,0.0192747894570017,0.0353775955623416,0.0818226460600632,7.29392139062157e-20,0.0500746904995743,2.35552875508331e-18,0.0567013704989183,0.0489692635147035,0.0219348469003208,0,0.0284086461998655,0.00677435968812107,0.0358970697858351,0.0936004384370038,0.0175706866317545,0.184592895710998,0.0529678835189954,0,0.370776173828186,0.0226350831362077,0.393411256964393,GSM2385742,GSE89632
0.105976509055754,0.0300610618619283,3.94376123037692e-18,0.0467118636344832,0.00325346106321947,0.126014759903512,0.00527896154104191,0.0699635355613118,0,0.0176591366279982,0,0.0402515382593098,0.078793795332625,0.156528081745932,0.0325298384606697,0.0492349784433954,0.0296488696182251,0.0716350368743943,0.0566551089593228,0.0894502744650404,0.032090965009529,0.0559704500889251,0.0845170830111681,0,0,0.06363107737586,0.118615190159086,0.0781114180258808,0.0358598182340068,0.0256091317856993,0.0579185086891425,0.0496685096453554,0.00932879826121297,0.0569136147075959,0.00991073471016636,0.0235175032566726,0.0141563984636365,0,0,0.00957234739275265,0.0461525326631546,0.0820603445559067,0.104632580675685,0.054213333445705,8.53266591089814e-19,0,0.017008527935575,0.0228466220592377,0.0794479520302493,0.0404435305771347,0.0621045402057889,3.57947591885676e-18,0.0382181940497764,0.0427364218066249,0.035968382761758,0.0344244312530385,0.0159070608309074,0.00820676109201084,0.00797877162711113,0.100024940116343,0.0476956274783259,0.177502946922827,0.0728245463939466,5.38597842542536e-18,0.340249342078156,0.0310760134357286,0.371325355513884,GSM2385743,GSE89632
0.0774482143154362,0.021577354347506,0,0.0219705165854899,0.127744061811037,0.073283411764823,0.0227297260507205,0.034288000728868,0,0.0391347941523576,0.0458241332540204,0.0541210710912541,0.0809503061735766,0.155862097485023,0.0711206859036436,0,0.0289983623742459,0.0596251092992208,0.0647434877647362,0.0974659849880678,0.0276074242929528,0.0643313981084774,0.0426684587223847,0.0168901082571791,0,0.045806854959725,0.103211456307274,0.0676648763249612,0.106191620471256,0.0583357544059467,0.0493718071763131,0.0535037210289927,0,0.101784269845944,0.00815532756077212,0.063480162515351,0.0279374016797968,0,1.71496507131115e-18,1.18612749046567e-20,0.0363504328073438,0.137043197880261,0.289118152845186,0.1136978048846,0.0132979652136192,0,0.030461540560071,0,0.100302215626009,0.0579362542423082,0.167449760839982,0.00339671309931204,0.0412053943700108,0.054109368245189,0.0589707001780343,0.0157071018466658,0.0655021367858901,0.00996501912037234,0.0315913829805836,0.0455955636621768,0.0230198380127844,0.246740240435796,0.0585896124323978,9.65875178157674e-18,0.313659112350184,0.0245923893202294,0.338251501670413,GSM2385744,GSE89632
0.0921743873954847,0.0166136712236504,0,0.0461646121007916,0,0.113510785681142,0.0093163323027835,0.0602730333471381,8.87945414285344e-19,0,0.0309928990416978,0.0283113209480497,0.0625372360750679,0.0852860451245415,0.0340323407043516,0.059653662540483,0.00111782705260962,0.0654099733108727,0.0846393412375991,0.0690073017679929,0.0702992020395152,0.130408942555108,0.0331797341766574,0.0041088032432163,8.66789920127866e-18,0.0849598255214306,0.112250722063835,0.12789340044946,0.0368161910418673,0,0.0777963896485532,0.0240236325019619,2.41363793695942e-19,0.0618158615192728,0.0147252883135148,0.00278751651470254,0.00931970673830197,0.0158559054964111,0,0.00111813575867065,0.0130323417467524,0.0717979829558038,0.167581738740434,0.0874581685864818,0.0116772857367175,0,0.0129258493593162,0.0361387403908947,0.0354930910446215,0.0694957749881443,0.183697314301192,0,0.0402078444727529,0.0608527140153213,0.00701320976663305,0.00762041823581128,0,0.00217288316894189,0.00675021430661759,0.102644392878961,0.0130783290619738,0.207851203770146,0.037181862811935,0,0.30505220314455,0.0434564366315828,0.348508639776133,GSM2385745,GSE89632
0.078399642561843,2.45106672002561e-19,5.81531555228804e-17,0.025300610184229,0,0.0928730246798008,0.0296331893500341,0.0513849981900144,2.84040996712068e-18,0.0405776395505694,0.062760529070175,0.0374635424981888,0.0359085908319724,0.124545958390874,0,0,0,0.0860151840924077,0.0474002732868307,0.0555669823492443,0.0281154359501588,0.157538820607841,0.00950882270360749,0.0263501431269523,1.70616993301556e-18,0.0384294186867814,0.113060595100552,0.0790469474121965,0.0663261064132561,0,0.0732806936790709,0.0744738492179939,0.00637547873224722,0.1125632638009,0.00603255877607592,0.0348697232436479,0,1.33477577089742e-19,0,0,0.0237201577544369,0.132205802072704,0.272076311879032,0.102869164405847,8.30270831842007e-19,2.496797866413e-18,0.00975754052361044,0.0293104112362542,0.0595181195575763,0.0452236324400289,0.188750386218782,0.00829404370438946,0.050702783087106,0.016184856267587,0.031993337493296,2.37916694358291e-18,0.0156644279518151,0.00212838837365463,0.0165670736755168,0.0753980775607096,0.0331199974405508,0.224131755661317,0.0169912756383758,8.92828034203108e-19,0.34687336691457,0.0140577179750794,0.360931084889649,GSM2385746,GSE89632
0.140627319185935,0,0,0.01965797647027,0.181278055038573,0.0814743082735432,0,0.0239969384867876,0,0.0637298536500428,0.053005692788734,0.0217302031076722,0.0642978424032583,0.139000396969961,0,4.4850477441971e-17,6.46189750373363e-19,0.0591536047361406,0.098109849137124,0.0617449888718173,0,0.182867446078989,0,0,2.65638298800224e-17,0.00847854655365708,0.0523349256675638,0,0.012108066718405,0.0138092074546136,0.0749549825147122,0.0807962455779169,0,0.213353625382384,0.00541475458298963,0.121105291225484,0.0216997399091585,6.70322644941683e-18,2.38682190776304e-18,1.76017003201031e-18,0.0621727525616724,0.185475526958973,0.506449671924792,0.131219111206664,0,3.38173397968913e-18,0.010088885560501,0.0277561343207584,0.127857680901102,0.127903063752558,0.0190544029139196,0.0211849022616676,0.045038038268953,1.63829915264072e-18,0.0704837710130452,0,0.00798138489597241,0.00250328127520347,0,0,0.0267423183648503,0.265358941046953,0.00767145878104874,0,0.409330080639984,1.32819149400112e-17,0.409330080639984,GSM2385747,GSE89632
0.0598046107486942,0.0161430476863002,2.16127326848498e-17,0.0172655614498606,0.0526086878034087,0.095771013841356,0.0173950702280996,0.0410695206791518,0,0.0453765767572729,0.0280621953240691,0.0453842809841213,0.077688233613092,0.162268334232712,0.00108631224006572,8.95203678891432e-18,1.33722968580646e-20,0.0392291954263824,0.0826743355819474,0.0497251551688658,0.0253890168948338,0.101822447201835,0,0.0425944935226027,0,0.0534201916498375,0.110559568395208,0.0492235095774115,0.0585693100874,0.0143855890215387,0.0543547278321859,0.0492405113355529,0,0.0968673666780636,0.0144752155308383,0.000251011367290035,0.0043206894271878,0,0,1.28675154332871e-18,0.0406347453590106,0.108845708434257,0.252810382767647,0.0860958900800814,0.0208462904770921,0,0.0132333915152219,0.0188374961825465,0.0825199328053779,0.0400228177602881,0.097012717091131,0.00258152253305856,0.061792469781824,0.0431019342049109,0.0238966652006137,5.73635517770911e-18,0.0168958652083249,0.00538511257370317,0.0272906063312036,0.0761670469038684,0.0338201572796669,0.22999955033391,0.0290166147285247,0,0.307316577798107,0.020766032290567,0.328082610088674,GSM2385748,GSE89632
0.0796781213994228,0.0148782323013599,0,0.0353411581483859,0.116303071974754,0.1351912964612,0.0238417892785155,0.0797006752940968,0,0.0733289702738185,0.0228140667463987,0.04074165454313,0.0764115778434515,0.170194460380541,0.0450039497072588,0,0.0277734303594145,0.0525317288400334,0.012482825002061,0.0977492489739247,0.0225438445496991,0.0513847460352668,0,0.0204424700248189,0,0.0599614496515409,0.112981252259798,0.150636471668986,0.0881003511025913,0.0367918195666574,0.0101576807354948,0.0346238087099584,0.000191187771233592,0.0774588728328702,0.00108628202563439,0.0489191173500795,0.00369173485559066,1.09943390485449e-18,0,0.00528034163287392,0.0162438240817343,0.0678802188888557,0.21528924264659,0.0378071754422401,0.0182069604641847,3.06250043274913e-19,0.0261666869724603,0.0272718474778784,0.135658089089294,0.0197205219090456,0.0627208396873794,0.0113884942757026,0.0771475699094581,0.0339944668708122,0.0635281543450136,0.00672921878271604,0.0400611829981272,0.00890012761784331,0.0348317257601889,0.0630998689992248,0.0196821826865144,0.206208198079117,0.0208664486577268,0.0350397855723191,0.346534222919536,0.0187110384255295,0.365245261345065,GSM2385749,GSE89632
0.119357679051951,0.00309704570451783,8.10008180285721e-18,0.0471310232464299,0.00997094645924876,0.0309621141091586,0.0434687039001689,0.0211476657104282,0,0.000270361414801331,0.0747767788261685,0.0261669486302638,0.033373235356985,0.0854967597243527,0,2.20641592367831e-19,0,0.0376560141170802,0.0333342726736613,0.0836826752746086,0.0654939769602242,0.157248600155601,0.0339545663330907,3.75547851635896e-18,2.13051584310984e-18,0.0306539045089218,0.0980099707387921,0.0176458124797216,0.040324510337857,0.00697708526452607,0.0647575464113719,0.047357384505494,0,0.154421763508926,0.00955907862554016,0.0404881086431826,0.0264324135998471,0.0136507102670765,9.91881452333642e-19,0.0190639423789059,0.0308840066087425,0.0450731399755476,0.190556912126613,0.0975425624392071,0,4.50893845584568e-18,0.00585904482510373,0.00107093720667632,0.0163189138430811,0.158917854422834,0.0950579075651158,0.00529346339989795,0.0700729330518245,0.0163060584921274,0.0313017348592327,0,0.0122885078835047,0.00571283089228386,0.0160777737603959,0.0698134863666898,0.0313426140164896,0.240644817438693,0.0277624885578421,0,0.293711489204577,0.034295511332371,0.328007000536948,GSM2385750,GSE89632
0.12137503279439,0.0832122256806271,0.0100223022814892,0.0664179254675725,0.174148959937711,0.0538823163882807,0,0.0036963116197211,2.45879091142134e-17,0.0121967340827856,0.0480184444599188,0.00969395264536718,0.074677206650082,0.116069185988327,0.0505140188118269,0.0635588932517568,0.0661542316267814,0.079775233859843,0.035566269516548,0.106219719682081,7.50899235927276e-19,8.95615904223196e-19,0.0379423026523316,0.0352347886386079,0,0.0319904328414857,0.0949997076596489,0.111999756574068,0.0562583460965108,0.0586811985734514,0,0.00815857422174836,0,0.0398899100355367,3.33593584552013e-19,0.0759144514067873,0.0272969108137817,0.00110976811337931,2.45305886344678e-18,0.0493246239892694,0.0555811431785669,0.04309695067468,0.0176792051658995,0,0.119245574373602,0,0.0386788201557513,0,0.0811419584090976,0.108859433716655,0.0533346328246429,0,0.0287721840243932,0.0558467454439151,0.078618801431117,0.0592553250347155,0.00649394467026488,0.0116638156852271,0.119193601440336,0.112030646865005,0,0.213997098416827,0.0325294271424735,0.0226543817943878,0.220606390149436,0.0416061128403136,0.26221250298975,GSM2385751,GSE89632
0.0534550749064966,0.0171219476845445,0,0.0330537744881076,0.0917953404842763,0.0750838773883956,0.0395128190319096,0.0602318173638774,0,0.0356211907118246,0.041153219994861,0.0697339299919303,0.0670173355385825,0.151749675155862,0.00180416868022058,0.00708764227466354,0.0417197370681438,0.0383375095864206,0.0335343698192704,0.0690819107309748,0.0375042310233922,0.120435799097872,0.0255851044356492,0.0207557417552221,0,0.0916076161202407,0.0998035137672107,0.0507438783057249,0.0704749258925128,0.0449629455249466,0.0383927066520012,0.0326213410903047,0.00675132760302926,0.0544656256920263,0.0106989600831929,0.0255790907779274,0.00591517105723909,0,3.56782872903605e-19,0.0198289883809347,0.0200520047294647,0.0860208398300924,0.12050166898452,0.0763477914718106,0.00660105219128072,0,0.0208960286233716,0.0322916664134159,0.0921748002670126,0.0684824985712863,0.0993033955480837,3.53731447437146e-18,0.0662398344846184,0.02817910482569,0.0448491946606551,0.0290158577411601,0.0456174076018653,0.0118728160876574,0.0297082906202586,0.0845598078059266,0.0235004282279839,0.213897477541804,0.0305356358584593,0.0507118814102503,0.360250669504102,0.0273130893539684,0.387563758858071,GSM2385752,GSE89632
0.0914057894006173,0.0496256877997949,0.014361257332895,0.0650477727809352,0.136218333102234,0.0836415903113314,0,0.0194836714942677,8.21301226093795e-18,0.0260897199812098,0.0109007508936293,0.0288286159640143,0.0706993707936206,0.168807743236537,0.0546639987838734,0.100786054391687,0.0690879144333748,0.0610063842464964,0.0946788011247818,0.0892338182441027,0,0.0471500672769845,0.0990862396057089,0.0168162450476181,9.03298047433069e-19,0.0670586024788186,0.101943709755948,0.102113279043054,0.0560258901413573,0.0801040616252027,0.00957682222163487,0.0137644239604117,0.00078416460035888,0.0165938993797149,0.0114958155027268,0.0229004274312089,0.0239466717243923,0,2.1077892787505e-19,0.0475223917216274,0.0105125592150911,0.135694420634793,0.00355268990634363,0.00387780555501279,0.0371715479492286,1.13804073025151e-17,0.0385653544196841,0.0020705268955221,0.138241561733637,0.0995909776153911,0.0118921856915239,0.00478856769566216,0.0525536142986148,0.0282043295228878,0.0596624972455187,0.0312591302020029,0.0510500494676769,0.0145957156169982,0.0520961233425523,0.09878847709761,0.0241496858611293,0.104722505282208,0.0782197941023378,0.0519707712056013,0.283885888711795,0.0248128438998975,0.308698732611693,GSM2385753,GSE89632
0.0973843036441795,0.0534871644218628,6.45060045892996e-18,0.0554104341184232,0,0.130307791552077,0.0134188743752197,0.0891404285125774,4.71621077574232e-18,0.0451892799596404,0.018407421679843,0.0469768279088432,0.0794755858582431,0.131445011599996,0.0634391881816945,0.0310961736117775,0.0085847152422675,0.0571488489664501,0.00352021248641019,0.106643741795274,0.0213218326228163,0.0828517295106143,0.032250432839241,0.0285575040506303,0,0.0342130210346018,0.102440520346692,0.0902534867543775,0.0879575292876495,0.00649163547196099,0.0398066299427903,0.0479731650174545,0.00270515260106108,0.0996195405341214,3.6978368935645e-19,0.00920722772301063,0,0.028923315272522,0,0,0,0.0491199911578392,0.1758106638207,0.059847481448969,0,4.43644286925937e-18,0.00991955324416629,0.0272340694673497,0.0535957479576055,0.0604624595658288,0.137727928999428,0,0.056656663586318,0.0171151266560679,0.0226805587131657,2.36824722277976e-18,0,0.00590569557230439,0.00182093256190219,0.10698403328337,0.0564374562723874,0.19751277412506,0.0653185233852632,0.0142366793597648,0.339884096192095,0.0374044985223395,0.377288594714434,GSM2385754,GSE89632
0.0714304654451609,6.95540719321979e-19,4.01943432461393e-18,0.0399885994868537,0.100291097140538,0.121907111663049,0.0426738010223523,0.0874480449055026,0,0.0603952888515843,0.0333249925672071,0.0709820127453601,0.0711698049666446,0.160300456414072,0.0290525259269392,0.0265668788914234,0.0202953464056081,0.0586828549679514,0.0445810450015133,0.0671209685467176,0,0.0989257700757734,0,0.0233551238579387,1.95155100021661e-18,0.0599092572003709,0.101867893048078,0.0980217862790748,0.0498132120591072,0.00418643879025476,0.0300939602525172,0.0220632564442233,1.68734115446658e-19,0.0815256623930191,0.0101839718371684,0.00684324449597337,0.0130922516192943,2.96228025248378e-18,0,3.40524293540551e-20,0.0137798430121723,0.0757184810901157,0.120320468492345,0.00812310747460781,0,1.98555758641154e-17,0.0145822484219227,0.0554208703258468,0.115765554601857,0.0375313516344063,0.0755444063195127,0,0.0498409288171931,0.0390609815585188,0.0299369433178396,0.0288465454892303,0.0186132551665057,0.00610122728856199,0.000580987734326817,0.120456686795592,0.051602720903526,0.151328761123826,0.0455973330583172,0.0190578007353115,0.38778592798765,1.3235458597693e-18,0.38778592798765,GSM2385755,GSE89632
0.0916746442242876,0.0428172882412049,0,0.0385636929111688,0.132954761073423,0.0703367365228976,0.0177533394757206,0.0245025541027092,6.05909868880676e-18,0.00890183457779744,0.000957442321020496,0.0384922151414475,0.0556817069958022,0.121864027438553,0.0612739019513609,5.40718027564632e-19,0.00404215632621092,0.0479482131998724,0.0907327979680795,0.102214541088282,0,0.0549747628177729,0.0485109201106702,0.0008194483148293,6.42132440798425e-19,0.0637613616707871,0.0963456152328871,0.01246946765848,0.0831323864482094,0.0353085770797684,0.0446041078916503,0.0432614877986785,0.0144109526552054,0.0450935578461333,0.0135623897753337,0.0173729702197618,0.00634219005362492,1.21042759289428e-17,5.09377299498063e-18,0.0219960118739232,0.0569067897660994,0.107671665879892,0.290882507842951,0.0620166102563175,1.46402856537686e-18,4.1028101188824e-18,0.017488779136022,0.0302601102482643,0.0673452677937621,0.108995491615307,0.0636334194500402,0,0.0504746996769174,0.0359822222188363,0.0416720901969192,0.000411972495043649,0.0348709895484834,0.00929020388794651,0.00825990503668936,0.0749303944187669,0.0550777003686297,0.201591276142639,0.0695472782787106,0,0.313389207629012,0.0214086441206024,0.334797851749615,GSM2385756,GSE89632
0.0452281682132295,0.0279972294262244,0.0369172236185244,7.96215801764575e-18,0.148246860007604,0.0787833566480084,1.00259674253019e-17,0.00436268956679249,0,2.02043589205425e-18,0.0840096141838626,0.000188150980689642,5.83650892462434e-18,0,3.09832913950866e-18,0.175449645348264,0,0.0814167322167402,0,0.0496257091730877,0.0380131784652867,0.118172194293303,0.0639406010846836,3.49163395436826e-19,0.101625227720725,0.0716564054196529,0.0985199697130551,0.0807745491913608,0.0237141330788464,0.0388815522629377,0.0668104836560218,0,0,8.4576182602265e-18,4.84173189415462e-19,0.0718080902381799,0.0312469468508459,1.57025170044508e-17,0,0.0357874345919189,0.0399199566055319,0.081514717498754,0.0213378437270905,0.0260127448254389,0.00516933035111043,0,0.0353156878629899,0.136743232791689,0,0.0421283143172292,4.28511328836636e-19,0,0.0205833963680995,6.67388836633045e-18,0.00149921256049525,0.0451318822820765,0,0.00687795818982057,0.0291986662969381,0.0499636283896357,0,0.157565327193276,1.91765618319995e-17,0.0884704836710573,0.232674622274062,0.0838178178061179,0.31649244008018,GSM2385757,GSE89632
0.0590538582562003,2.25243301257795e-18,0.106925943938736,0.00404811153187859,0.216026820591274,0.185385658445436,0.00219149793033079,0.104535517438217,1.15357066003407e-17,0.0621670658373842,0,0.087108600981581,0.0992670391616145,0.12821506731506,0.0559952628916463,0.114034044653686,0.00658129140547552,0.0338972130040646,0.0451499656202383,0.0752061925376164,0.108459416324654,0.0533367866604338,0.0194381965982289,2.98658849089111e-18,0.10612560495738,0.0214000575748191,0.0585972725852206,0.172970320157631,0.0637943090050309,0.0325833995377699,0.127125433141693,0,0,0.0369055780613003,0.00907044883413731,0.0717714112656003,0.0465172253270269,0,0,0.110404915355069,3.78685878674548e-18,0.0686666868096815,0.000102056170441206,0.129685871627684,0,1.64990476541037e-18,0.04298566456899,1.84261621595278e-18,0,0.155752201268122,0,0,0.0166140056621683,3.19391442821827e-18,0.0400286834587402,0,0,0.0050629142988011,0.0338986239850391,0,7.28101517899771e-18,0.10257075247507,0.0273775481381172,0.119097957992061,0.222203771989243,0.107292510641017,0.32949628263026,GSM2385758,GSE89632
0.129639386323497,0.0091325890564234,0.0127171968018204,0.0123507731819729,0.0622799185942623,0.172032706973527,0.0226034448272007,0.115978671518719,2.09941610870706e-19,0.0485860057944373,2.52194909034705e-19,0.086643394071833,0.113277395914828,0.145303251121166,0.00850566691952697,0.0215775187192151,4.13355346264721e-20,0.0357156862339424,5.84364657171444e-19,0.0796452706885238,0.0488670491715463,0.146920051426715,0.0383836450047684,0,0,0,0.106581020952762,0.0464528107586288,0.0101416772039752,0.00221562356557742,0.0665015295773339,0.0243856270120985,0.00311662044535347,0.06623912130243,0.00443556087750242,0.0263061821749003,0.00608141556833999,0,0,0.0293498591141419,0.0534726894536662,0.0592814158129676,0.145955286183401,0.0619584529959411,3.423203520563e-19,1.24527123652663e-17,0.00802057868667257,0.0524231131379739,0.0299393670686369,2.17528232492858e-17,0.00113869274300008,1.95943055959595e-18,0.0308635213748,0.0232941575314288,0,0.0255110487540229,0.00407689021434923,0.00244381715043013,0,0.0887098322108874,0.0269163977233798,0.218916359751058,0.0478549088873283,0.0185877660676222,0.404129678958428,0.0289998191139849,0.433129498072413,GSM2385759,GSE89632
0.0813495980702428,0.0499215546104523,0.0398948150111719,0,0.281553852868307,0.0156429100642968,0.0328026055471407,0.0182504713704436,0,0.0328050468989819,0,0.0833846411974092,0.0317285858248777,0.155044093616328,0.0386136153659517,0.0209925814734849,0.0256496018797549,4.79176607393409e-19,0.0970082657800613,0.100488234507416,0.0777355170610645,0.115594544261408,0.0504767651946043,0,0,0.0678512531929687,0.0693588256628395,0.0292712951406034,0.053737711292392,0.0599067369298647,0.0563995517198195,0.0215473796275752,0,0.0505601466102272,0.0258959007290562,0.0653692383901347,0.00888393337533336,4.72140829749466e-18,1.55655414686941e-18,0.0528224733865884,0.0198568993529363,0.155678872680992,0.135899688799158,0.148051129260059,0.00352012150582652,0,0.0385256578782191,0.0495494237211228,0.067893406502877,0.129753820726262,7.08025790835525e-19,3.64598030019244e-18,0.0547441190428098,0.00832392722307132,0.078005146285209,8.38376170585365e-19,0.00924523033128748,0.0109179234328436,0.0206018714791235,0,0,0.149343690830922,0.000679355314290532,0.105955962012602,0.334973934180163,0.0638285358357584,0.398802470015921,GSM2385760,GSE89632
0.0585818490291276,0.0232317115702873,0.0137018975404767,0,0.224879013601264,0.0635768007644692,6.3514905763341e-18,0.0454056526182122,4.52132197024088e-18,0.0300652526876778,0.074691471782625,0.0290059949674489,5.44464129045378e-19,0.000529728147496823,0,0.110998672029532,4.51690261483326e-19,0.0769048291493156,3.10198183846379e-18,0.0564809717983872,0.0374689353157934,0.120248248684749,0.102655434502921,0.00976538539918464,0.0491260042420605,0.0917976596041962,0.0861374973675389,1.12964179348831e-19,0.0400110355575427,0.0628406790299781,0.031367873871082,0.0107275286517754,0.00981813092667764,2.28367061405604e-18,0.0105907001462683,0.0131430739600484,0.0205596870028927,0,6.31800080105195e-18,0.0462071888514282,0.101564470392571,0.0417303922013797,1.77951984433657e-18,0.0345465080017121,0.016812788757124,0,0.0212148000151874,0.192060796963406,0.00785296865498629,0.0528113780595986,0.0200662741687505,9.06259912239318e-18,0.0092124257768567,5.57547748508705e-18,0,0.0971700100281153,0.038005084675751,0.0110617193532429,0.0333626502693327,0.061094784956962,0,0.18665004635264,0.00514676056482838,0.0929143934197754,0.382624888585203,0.0549133255640706,0.437538214149273,GSM2385761,GSE89632
0.0961494200637071,0.0430314320753195,0.0473278104827013,0,0.307081086909877,0.032095411830748,0,0.00865327528222203,0,0,0.067388588940651,0.0350271543329697,0.00364791819593669,0.00293763651990596,0.0223424263902453,0.0391035196826319,0,0.0586525156149201,0.00633684355620495,0.080836247571049,0.0554671161081688,0.00390133524875469,0.0739833309911762,0,0.0449509376849857,0.0684525135023402,0.0786530659554214,0.104672765341637,0.0392809251922785,0.0554369526111474,0.12030025181948,0.0139135638892079,0.0231646498337617,1.26149198105475e-19,0.00136136548224604,0.110248607819944,0.0081963400902461,6.85136310574423e-18,1.7528725334843e-18,0.054394753769634,0.103599713590838,0.0892337770120071,0.103776810517584,0.115847213900186,0.00499611126566497,0,0.0241378075271415,0.0844127910703841,0.041950615463248,0.032426282786109,4.99470894965019e-18,0,0.0134241538532491,0,0.0687564739832682,4.02147932171937e-19,0.0058603239845747,0.0066854989015253,0.0437386822008199,0,3.52255723676163e-17,0.150212969526971,0,0.0686762103639043,0.249104041287279,0.071724742934237,0.320828784221516,GSM2385762,GSE89632
0.108683948466538,0.0242243415339204,0,3.35912631244822e-17,0.0932820297744649,0.0733529540793503,3.78471573939751e-18,0.0615957534341269,1.85990524623551e-18,0.0336508058889885,0.0593931016759154,0.0453258624073106,0.0364561080108955,0.0538194300956289,0,0.0472405080865239,1.27306840641021e-17,0.0423927631554397,0,0.0570788018301443,0.0611429454829318,0.141091467897075,0.0855610155585396,0.0509924184412027,0,0.052544390309599,0.0960643219531803,0.0682759737098354,0.0250230566609822,0.0321249341747946,0.127519444679263,0.00778027421850453,0.018766660416946,0.0103200557457896,0.00759789283865141,0.0666276539063384,8.78556655770671e-19,4.48794051627668e-17,3.00278798068685e-17,0.0250359535005335,0.126405670504203,0.0262435539582802,0.098649247018071,0.107174350332215,0.00873774704284915,3.08308203505428e-17,0.00458109178902086,0.151164810876436,0.0335562035495553,0,0.00444176892016854,4.23412139207613e-19,5.03731583229941e-18,3.46857292716591e-18,0,0.0641231791212131,1.37792048077369e-17,0.00221153467157012,0.016971687813905,5.88881749177803e-19,2.02648160878986e-18,0.229318489662156,0,0.0386935922086817,0.421064491704005,0.0426836435084261,0.463748135212431,GSM2385763,GSE89632
0.119636270167946,0.0215229999672288,1.69442449241464e-20,0,0.117848464603545,0.151357583967863,0,0.0483961261288715,1.71427076396892e-18,0.115300021262112,0.0606874578781185,0,0.0223612350155205,0.0570621966350846,1.36771063333844e-18,0.0386192390659364,0,0.130606802127318,0,0.0615908556445392,0.0405561297336162,0.163969207575439,0.0512286948898895,2.24084088079999e-17,0,0.0203221330548904,0.108835847578891,0.132959612496027,0.0361274101019061,0.0125855424760494,0.0936063374810042,0.0194897698687726,0.0155681358210304,0.0296147891386539,0.00126336068820188,0.00654028747886008,0.0164371777271169,3.15233651181776e-18,8.77852279405844e-19,0.0194860231003852,0.173735432829793,0.0954187088884798,0.13442427403213,0.0899172718230611,0.0117024662184749,0,0.0112124712589908,0.180651224047785,0.0547691287670235,0.0423588260919508,0.0551118437192975,0,0.0131439242447335,0,0,0.0142354609315562,2.27141319459442e-17,0.00249357534292049,0.0238721303713021,0.0437668490651568,0.00170479676782379,0.191985188955333,0.03231121645221,0.032317567616942,0.469243403700284,0.0310395648504225,0.500282968550706,GSM2385764,GSE89632
0.110746066327902,0.0246319401560216,0.0109651291442548,0,0.271794442196932,0.0886517731444939,0,0.0637342611526897,0,0.0137957095788163,0.0823859279579852,0.0103109347514053,0.0170792032885994,0.0609238794109753,0,0.116905522828648,0.0218549883249228,0.0823213100729714,0.0192355889533369,0.090389151538531,0.073222804204964,0,0.0974152798577117,0.0114416258886392,0.0764490783054643,0.0783789986898472,0.0927022630906794,0.0507825437283052,0.0360400733405438,0.0623729871799174,0.076415067703716,0.00293155823676206,0.0198231984308485,0.0206444085097907,0.0082636224765544,0.0056436980809371,0.0117704417170073,0,6.92659621779755e-18,0.054172132860152,0.0634505662721214,0,1.57775061950312e-19,0.106881328889725,0.0284037489849688,0,0.0352020076488063,0.0637027437258933,0.0448957796006169,0.0612677082365196,0.0468227909873931,0,0.00776935459126351,0.0158549216365428,0.0306467738679093,0.0915010450975745,0.0466258518145763,0.0112753880154765,0.053621702993576,0.0921980935676331,5.44600119842163e-18,0.173072010237664,0.0664715370680335,0.100371490239205,0.231785745169716,0.087151911333225,0.318937656502941,GSM2385765,GSE89632
0.100385187474835,0.00701960064477974,0.0761167586242418,0,0.318232178710904,0.0366908178581232,2.50027955482964e-20,0.0626505753825199,0,0.0866690360687719,0.0268162444490399,0.101987594665417,0.0270049720597701,0.115050214017452,1.19872276116081e-19,0.0779409548090139,0,0.0274702248913156,0,0.0992399273411218,0.0332586038851208,0.1198583069443,0.15673550318464,4.03080413281776e-19,0.130375743584231,0.0381616996252991,0.0501270235747289,1.8552350434716e-18,0.0862763843507134,0.0912549167178436,0.0503896714714222,0.0090334493859647,0.0169682979250865,0.00379028844840599,0.00566018988314077,0.0508414128492794,2.96972407601424e-20,5.8582242672882e-18,1.49682558181435e-18,0.111781473860174,0.0642346878629399,0.144965458422089,0.153771398463461,0.102218641441358,0.0150385288669739,3.62724225699671e-18,0.0380497959998668,0.0841801841535125,0,0.213473969036936,0,7.38439836166095e-18,0.0154650124867869,0,0.0455886655292745,0.00931349376071703,0.0212623219396166,0.0126448937529392,0.0506729345480408,2.13640251560824e-17,0,0.113356790307649,0.0310468686701137,0.116592572165289,0.364563277079278,0.0853269740570659,0.449890251136343,GSM2385766,GSE89632
0,3.80733697782335e-17,0.0753381354409622,0,0.719769945438882,1.30449497265432e-17,0.0774316742328781,0,0.0774613023338217,0.091485245357393,0.0648898145833453,0.145529317529825,1.73745548443699e-18,0.138880255278073,0,0.158492201714397,0.0862204149037721,0,0.253286585778369,0.0572555136035905,3.5122487973601e-17,0.312371188866061,0.18858245912848,2.36168778063569e-19,0.174868387685391,0.00795246257566428,2.00021446641511e-18,0,0.201644222540386,0.209373856228346,0.0222745561308509,6.71509141012851e-17,0,4.89424304131259e-19,0.0500321863388381,0.0838429008463053,0.0805684461982907,0,3.95932513007729e-17,0.180672875633589,1.70726165307654e-18,0.300682467311136,0.0744911473287671,0.00141480582446475,0.0488216361945998,7.20232065178561e-18,0.126434221144548,1.23445037338871e-18,0.0244214516444411,0.498708639000509,2.2916946619955e-17,0,0,0,0.0837746256686156,0.0134577127702418,0.111945617392208,0.0352778606501694,0.0960856124284301,2.75056604765486e-19,3.26971131547301e-18,0,0.0622093423692661,0.217655998776572,0.393073105321838,0.0874341938426956,0.480507299164533,GSM2385767,GSE89632
0.091699092719179,0.0139913237449363,0,1.34139030873836e-17,0.16411994078729,0.123099598216772,0,0.071500965659728,1.03724170943691e-17,0.0838927706859987,0.0123736354368818,0.0367822313034184,0.0473571919927218,0.0830109116198192,0,2.88517630639835e-21,1.21803666239116e-17,0.0648028510970841,0.00570337498106754,0.0650241154048261,0.0454216635899309,0.111695922753925,0.0687452604069269,1.33454361953976e-18,0,0.0477382865625207,0.0906586339926502,0.113131722919361,0.0387243314322141,0.0382021163784277,0.0908848961681988,8.93018825657884e-18,4.25031008190935e-20,0.0418583017074744,0.00624497653687168,0.0145113324967051,0,0,3.17433672838207e-18,0.0138631167995782,0.0792111893286463,0.0293686874837273,0.349554094277756,0.0692706907180262,0,0,0.014049472320799,0.151248406952401,0.0352246730687302,0.0285712282312957,0.0012352518883082,2.29777080220843e-18,0.0113700828026575,3.31418335798352e-18,0,0.0327342674513676,0,0.00544987812475924,0.0162705705299478,0.0248144048344046,5.61272854602534e-18,0.221096016302748,0.015398074632341,0.0372180962393244,0.371288320672365,0.0297064936674336,0.400994814339798,GSM2385768,GSE89632
0.113768064516511,0.0112956704990095,0.0408471339323211,0,0.337404961345776,0.0488864569143502,0,0.0505349032889557,0,0.0463435695802289,0.0354533191766582,0.0540516239209539,0.0160829423363823,0.0987933447861386,6.38869335217841e-19,0.128611198593158,0.0218321908521788,0.0768432878143624,0,0.0836802833176937,0.0274663882167442,0.108765136365978,0.117440461464645,0.000654462056806407,0.0678375334809292,0.0322305042838147,0.0722918720149178,0.0382011205092071,0.0496109140615702,0.0648243575936519,0.055132233138859,0.0133145848284658,0.0302209835334891,2.27696916170361e-18,0.00495769451776854,0.000819764665340948,0.00518725943972063,0,8.80676294780818e-19,0.084433195852992,0.0791787077412311,0.0902942675661653,3.23113848496594e-18,0.0848396112707716,0.0272554254762941,2.45856430152384e-18,0.0329392299143069,0.142492604372146,0.047504129686854,0.0325030851445065,2.78427264656958e-18,0,0.0180455364563458,0,0.0252009595783772,0.0823853390920917,0.0193318199206223,0.0103596802219599,0.0614468203699929,0.0212185078383075,0,0.171373453315809,0.00882734226236397,0.117885078571717,0.389653112026698,0.0532997960983414,0.44295290812504,GSM2385769,GSE89632
0.0752461674320083,0.0250936163343208,0.00330542489742427,0,0.160517266493831,0.0695810433380779,0,0.0637712941032979,5.57300058996116e-18,0.0680582214276097,0.0308360105699315,0.0795520114222098,0.041857982646482,0.0968464427577451,0,0.0357507058937462,0.00147068821695835,0.0497973165649841,0.0202445719789915,0.0612984628595049,0.105946997129613,0.0890583717678095,0.0670299764243948,0,0.00768243580990668,0.028193479381114,0.0978191914771718,0.016429572732515,0.0796125650905266,0.0525682840138761,0.103361194279109,0.0219076947426212,0.0100560415225178,0.069637576002741,0.0158026548229298,0.04536183417944,2.57159886766198e-19,0,1.81327320544797e-18,0.0420165130718368,0.106194808673674,0.0650245371897455,0.102000818259784,0.131558122373194,0.00853911508171145,0,0.0119015430634534,0.127903461660717,0.0259408955339555,1.54846116609707e-18,0.060394152081769,0,0.0306078357394895,0.0138751500437713,0.0237218535950131,0.0510079435571202,0.0226785966859401,0.00752914765906715,0.0436538403831547,0.0430428980870646,1.41968784629607e-18,0.192752162327755,0.00529867049924299,0.0969664693920044,0.394286437057813,0.0693615246369203,0.463647961694733,GSM2385770,GSE89632
0.0257023401260895,0.0482772219504682,0,5.25039191968501e-20,0.204915940450841,0.00362936603657221,0,0,7.38878373591721e-18,6.58858195383281e-18,0.120160284747298,4.85777004005041e-05,0.00294441063013285,0.00195968548437748,1.16034604369679e-17,0.106289520682493,0.0231080334437054,0.0877325589256799,0.0336299822464096,0.0348622228978827,1.19262704130002e-19,0.0923748956246943,0.0991363055968466,0.0373747599619572,0.01212637360871,5.40033495005783e-18,0.0931748874835763,0.0403881936074028,0.0550322951539736,0.0662113800273894,0.0138384262510492,0.0234491257211443,0.015129982903115,0.0211987255906053,0.00250627520976224,0.0105565888449751,0.00781464512774521,2.25906750585897e-18,1.06433222915503e-18,0.032892244045976,0.0183409524961492,0.0572492973860712,0.0995720128109154,0.0497285217868034,0.0178098855876894,0,0.0287104277632801,0.0808899960831104,0.0495962502634867,0.114638428375289,0.0523145727227715,0,0.0388530999171137,0.0324643335705834,0.031014703718992,0.0521639884966019,0.0178273879348967,0.0112656092337389,0.0514444955916098,0.0735403908663384,0,0.190136105529807,0,0.0752756090536337,0.201378863997754,0.0302017977795891,0.231580661777343,GSM2385771,GSE89632
0.0471680204537032,0.0189534374065166,0.019193725737066,0,0.279373213356948,0,1.37064686949459e-18,4.76904543813513e-20,0,0.0210224663694884,0.0686649942564973,0.0335361748082136,0,0.0687030971794082,4.65833078145339e-18,0.0523688869842152,0.0113455622406686,0.0426485861498397,0.015875032706978,0.0622695514769583,0.0320503621703736,0.0968043398816993,0.077222587970937,0.0163336439968754,0,0.107422991682776,0.0952946026572356,0.0730409731224282,0.0715815523713064,0.0650440912519225,0.0431294366163217,0.0256321618405365,0.000642277034563529,0.0438497525769061,0,0.0705910135400658,0.0199627025962844,0,2.92470445147659e-18,0.0497752572908981,0.0651095561936993,0.0668038442415654,0.0822192239826724,0.0490967162814784,0,1.93083627814541e-18,0.0383406546017904,0.0755105798037033,0.0652573577494424,0.0965512871211978,0.0567917738415803,0,0.0497259358638172,1.65833974183793e-17,0.0478383186742289,0.0471544939904352,0.014876342578131,0.00968033801198828,0.0410869453280195,0.0436161574669857,2.25900728299982e-17,0.123758764722219,0.00803418230630378,0.13035770487137,0.282746481169502,0.0255018997884451,0.308248380957947,GSM2385772,GSE89632
0.0959376363120532,0.00557441575559968,0.00839968022575303,0,0.453728208439902,8.52606904195648e-20,0,0.0417566194862827,0,0.0867195406699199,0.0611967747418702,0.0790338549519395,0,0.149252236862672,4.59362322748026e-19,0.123960623262317,0.0706297517317629,0.0255203920185016,0.0528390088221525,0.106551703767348,0,0.0883584354149929,0.128582537676491,0.0185932090410622,0.0231994576552158,0.10915788267435,0.0588255269126386,1.2957281229485e-18,0.0947794542664502,0.110443501299624,0.0257264872035012,0.0161192521447788,0.017987868845802,1.26968993373408e-20,0.019632550294199,0.053772273669992,0.0302136820776941,2.86697469808713e-18,0,0.0633626553899811,0,0.0738614150264504,0.162877326877238,0,0.0273198595320936,2.01187438348072e-18,0.0492911135329564,0.0588714823974048,0.0683428589935747,0.125399086940746,3.19221110696227e-18,2.02621003759898e-19,0.0336248277695827,0.0158692021596061,0.0743460974064026,0.072878074792853,0.0921758614545583,0.0157350713631051,0.0759696942241707,0.00139493272888122,1.21948603959194e-17,0.126419679249868,0.0377110764207693,0.141987176012328,0.31911117163368,0.0143869367054077,0.333498108339088,GSM2385773,GSE89632
0.0619973646473227,0.0182795428544785,0.0132410158564157,0.000638448827553937,0.184933044303974,0.0803354719597662,0.0367650174186437,0.0654755712615337,5.50518621434682e-18,0.0038505494849253,0.0539862581589345,0.0436582203207349,0.0297858818881173,0.0827959855394333,0.057827597898087,0.0970512238694714,1.50215461872545e-17,0.054467452533024,0.0017604013225034,0.0766724787263465,0.049693180523408,0.0556696841153019,0.0415639515755502,0,0.0202543404407211,0.00285070694312549,0.109053715918607,0.152267448815503,0.0488091285006978,0.0244669511013384,0.0593949146530588,0.0117951254151491,0.00207045769945105,0.0192190798904147,0,0.0543669931933161,0.0158200282676142,0,1.98230714686572e-19,0.0281524639240795,0.0152850851220695,0.0254743381687083,0.123064134570446,0.0585258619154291,0,6.305271310875e-18,0.0242363884426182,0.0405096319090179,0.0667614818064936,0,0.0331842834827613,0.0026684959446728,0.0592439684969522,0,0.0288255595310897,0.0254416163050429,0,0.0055110151856514,0.00763763253399591,0.104581749996105,0,0.165831516769729,0.0144512748404946,0.0634499439444832,0.250977151669467,0.0441135319093038,0.295090683578771,GSM2385774,GSE89632
0.0955070352112905,0.0139677126374935,0.00688084627803495,0,0.373705998706104,0.0103779024326921,1.71586005804568e-18,0.0395381959650164,0,0.001006806314798,0.055868271909642,0.0429789599693668,0,0.0260814680577851,0.000991213563933666,0.0656459876895555,0,0.0632426170575578,0.0173360817269391,0.0943740652552426,0.0573569834274191,0.00697211955406294,0.129904626036197,0,0.0736816846953197,0.0833275149817126,0.0796800758031959,0.0609192043480168,0.0791551558411791,0.086299398590155,0.0436929446540361,0.0102878373093969,0.0204490737388014,0,0.0166904962618682,0.0573927604606481,0,3.32445108719652e-18,4.99093890860936e-19,0.0689814480290792,0.0907743174624208,0.0498672065704302,0.116686756626715,0.100505114674024,0.0110652763281329,0,0.0254848220911613,0.0790565563007743,0.0459975832857584,1.16497666893911e-18,0.0719227257638162,0.027252379565913,0.00231219922484854,0.0441391757644414,0.052682591749991,0.0501150511414964,0.0276896787800701,0.0130784031695494,0.0413842900218017,0.0476021739702506,0,0.180363684768915,0.00712828706312834,0.090668485749716,0.284446754242605,0.0725031903801162,0.356949944622721,GSM2385775,GSE89632
0.0645186596776636,0.0247135955914038,0.00736708523939957,7.44710246513577e-19,0.295840556119356,2.64552459175073e-19,0.0144363311298673,0.0126299471477544,0,0.0170977953878817,0.0407172771486422,0.0900174340929555,2.44789466363497e-19,0.0923066603655951,3.38582978139715e-18,0.0251952645771779,0,0.0445910798290397,0.0384029022702781,0.0460386496739146,0.00500441110879122,0.125782484939401,0.129108367402601,8.64539670159762e-18,0.0174618356196165,0.0651825217296571,0.0848013886006978,0,0.0813175125308449,0.0796078390626282,0.0089132989102387,0.0372989125778711,0.0303361602391028,0.0212100868513222,0.0198580348345349,0.00117496974222789,4.63954502049521e-20,0,4.7054825867208e-18,0.0677369318823719,0.126496292403701,0.0193968650042344,0.108048084533725,0.085513029214874,0.0198401309647888,1.96103225214909e-18,0.00941625236320719,0.136442938201329,0.0336757376661079,0.0594543419643817,0.0373664130636794,2.65202143769822e-18,0.0221284917452336,2.76750563861757e-19,0.0353270973456804,0,0.0282269302286834,0.0131945493028362,0.0550419428195313,1.68271635070665e-18,0,0.182741753561599,1.03129015197561e-17,0.0705246935249681,0.418826954358379,0.0235899211599058,0.442416875518285,GSM2385776,GSE89632
0.0955034970748112,0.029341194013679,0.00305758186428475,0,0.103583091380436,0.015945428615303,0.00623390393485749,0,2.23822778088566e-19,0.0110551907448347,0.0915882665403863,0,0,0,7.32785379773967e-18,0.0862591963082509,0,0.0489500242357399,0.0176757078111781,0.0518032258748086,0.0692928538727236,0.183352779173972,0.0302211117742933,1.85870517093124e-17,2.48442148659042e-18,0.0614799616655275,0.0988823674848203,0.116452144565898,0.0269346139736337,0.0157505071789115,0.102754487584744,0.0055654419223494,0.00246792133024583,0.047781746222626,0.0127602522752464,0.0209617584956973,0.0141936433954136,0,0,0.0415740225607683,0.13298223564573,0.0505577664370911,0.176599095146902,0.0973212947103283,8.03281062766076e-19,0,0.0166706325022317,0.167003936446138,0.00426702986576261,0.061654316932251,0.00510400182040506,0,0.0515791227371002,0,0,4.71556151780702e-19,0,0.0029580378618567,0.0101550135851819,0.0289943924159319,3.40294899911825e-17,0.173606801420516,0,0.0638293254178298,0.371823267469338,0.0493170239432013,0.421140291412539,GSM2385777,GSE89632
0.0823485080660182,0.0389793267946353,0.0141913878193351,8.85022109894393e-18,0.374125185289782,0.0240644766479253,0,0.0467959201448309,1.03390678601907e-18,0.00241472736799464,0.0685968247746912,0.0241640356147164,0,0.0300363741735088,0,0.0751522794376194,0.0190710336353927,0.0481827999611919,1.99972941312817e-18,0.0794291898821041,0.0500663489723865,0.0210201983493228,0.128392591632383,0.00420678773906631,0.166984091593917,0.0382827063395285,0.0636276287631893,0.031736691335911,0.0780136408358646,0.0915492379230586,0.0551352672539913,1.09424467461524e-18,0.0131215937155406,0,0.0146709682148305,0.060882795831683,0,5.2655474752651e-18,0,0.0748048867805945,0.0185377740888618,0,5.75036317611708e-20,0.0649415512690644,0.0228778364568539,2.64106497744261e-17,0.0406545407330487,0.121389810356801,0.0167651895908331,0.119375647421387,5.96368397870428e-18,1.18271104531016e-18,0.0327295407593704,0.0338138434704628,0.0647824924126341,0.0745388352094007,0.00756521126744582,0.0133674616995859,0.0397568995668064,0.0330700213324139,0,0.0984491596883196,0.0285012738030625,0.146188956125833,0.2285153908282,0.128014883680469,0.356530274508669,GSM2385778,GSE89632
0.0950858840931953,0.0323756316941664,0.0502467108278949,1.09071219019051e-18,0.0809585365699865,0.00724244117765949,3.23853982141936e-19,0.0530853197935224,2.80163633179451e-19,1.22496287782653e-17,6.64968196553165e-18,4.9863621703128e-18,0,0,0,0.0766879291709436,3.78624583100992e-18,0.0482804721771851,0,0.0175403530866041,0.0940520232297752,0.119809100041906,0.0746085561849899,0,0.132004178501417,6.18822060973515e-19,0.0970028020297278,0.0444538488558825,3.87335005026029e-18,0.0123901389142362,0.160105444847875,0.00406796731304139,0.018286326272291,3.1427940669099e-17,0,0.0257558146324874,2.18732328436874e-19,8.85013666410624e-18,3.96055410897767e-17,0.0422459696500865,0.128451084915342,0,1.72258877802695e-17,0.0949907931551378,0.00815359479914029,6.48323218813524e-18,0.00772142810991514,0.150248181772562,1.98302485312979e-18,0,4.32447455944582e-17,0,0.0196895398337332,7.68372118334218e-18,0,0.0365367352931637,0,0.00127479502742203,0.0345217069878392,0.0458290858650305,4.00882756511796e-17,0.210700227374742,0,0.00114053499110221,0.315468004615319,0.129215916712679,0.444683921327998,GSM2385779,GSE89632
0.105771739046296,0.0146225207840335,0,1.23791119370214e-18,5.42469179618124e-19,0.0522047782017547,1.27672085958604e-17,0.0404321265339022,0,0,0.0556514727323423,0,0,0,1.66642472613211e-18,0.105453339645694,0,0.0949505753763552,1.36111257660857e-19,0.0657276570359641,0.0747234911099209,0.108161145002528,0.0659448059501466,6.12365871461189e-18,4.46088954172845e-18,0.0841065090110348,0.108893108246765,0.086358041457101,0.0364297659715542,0.00421677631909511,0.116353801147675,0,0.0157274496288939,0.00679728452152272,0.0117333799954638,0,0,1.39123118048659e-17,0,0.0140510471648455,0.0910477629950024,3.50570247564552e-18,0.162777447972546,0.102121373509648,1.67862220305004e-18,0,0,0.125599226029239,0,0.00547769129885549,0.156599757565711,0,0.0162615567355081,0.00648379692936705,1.20335220974977e-17,0.034087950224891,1.43229907446901e-17,0.00764385421437796,0.0230127977726874,0.0600621087339948,1.95506695905158e-18,0.220039964993538,9.20231690187502e-18,0.0627937326335608,0.295134198394733,0.0446730059469772,0.33980720434171,GSM2385780,GSE89632
0.0632694520335119,0.0424442472125494,0,7.24185056234781e-18,0.321636224754293,0.0221469546818893,9.17038680193397e-18,0,0,0.0350270260301735,0.0862342778790692,0,9.67263393682724e-19,0.0162466475385184,0,0.0913580773301558,0,0.0593195965258785,1.33962184102105e-18,0.0502269930261366,0.0464382401679387,0.0755349304686059,0.0914719787217316,0,0.0314339229004565,0.0419732694364095,0.0851277766909931,0.0461091774153232,0.0508617955718138,0.0570051176887613,0.040192176063957,0.0485715528293727,0.0299543464574398,0,0.00134667884751617,0.0402762365185098,0.0228833877506778,5.03679329458551e-18,2.08492954082043e-19,0.0455063054534771,0.145884241603263,0,0,0.0605455457641213,0.0171014321390263,0,0.0237420285955588,0.155112735496933,0.0503269880086,0.00182896965649453,0.00634773863152005,0,0.0208292863201425,0,0.0145548018769223,0.0586331901702753,0.0068992584565158,0.00795839596644778,0.0448097890543052,0.0643139624061126,0,0.159444041556449,0,0.0570822857224508,0.351336080186951,0.0601582051404723,0.411494285327424,GSM2385781,GSE89632
0.0654986575479355,0.0645164944669047,0,0.0206845791715074,0.573071627007309,6.56223231266503e-18,0.0289742386511546,0.0199257413195569,1.4050830801852e-19,0.00318972094473031,0.0640505953231174,0.0151631235467526,0,0.066060800114489,4.72615668581517e-18,8.17223214596535e-19,0.0776108902636221,0.048728679514224,0.0791221181091119,0.106017671264567,1.24855867370956e-17,0.126457122324845,0.0940814798285257,6.17155438251241e-19,0,0.137044150705876,0.0309151181117163,0.0300478178219456,0.129365003829639,0.138181763794373,1.38607100785653e-18,7.45086065446241e-18,0.000127404397084227,7.36159521834682e-18,0.00541600205352281,0.121374666146426,0.0333269374243863,8.21203905993811e-18,2.74401866190829e-18,0.0120241191127295,0,0.122735275816448,0.512058650908418,0.00716321460637732,0.0241228787960465,0,0.0636922389521986,0.0845667284104826,0.0327036296570943,0.201039745330274,0.0901043382720258,5.76131316985066e-17,0.0154413571922634,0,0.0728400441615872,1.72156677271762e-17,0.0995707926380792,0.018926286379069,0.0322741827226153,5.64759747112767e-17,0,0.232881287611161,0.0323863158556099,0.169200094251881,0.273956398498886,0.0322582472334523,0.306214645732338,GSM2385782,GSE89632
0.0711572090360516,0,1.27449961259827e-17,5.5372140795359e-19,0,0.0111900035959718,0,0,0,0,0,0,0.0118789649180107,0,0.0383392916132034,0,0,0.0115086204492347,3.73033370523572e-18,0.000478760496353459,0.0288112791214051,0,0,0,0,0.0283319788607854,0,0.203446184522518,0,0,0.00115026931565393,0.0214322850151144,0.0200832574849825,0.00549175438851275,0.000137001496234901,0.00240972473886505,6.67110982820653e-19,1.28995146259868e-18,0.0092816011820975,4.89813942012861e-18,0.0138912580919728,0,0,0.0240858547944171,0.00243498549020915,0,0.000204792567593989,0.00538479549343963,0,0.0236702052707315,0.00724338894661609,0,0.0102574886400626,0.00129276124767395,0,6.88087754257383e-19,7.48548910431972e-18,4.33844169093147e-20,0,0.32418531734978,0.00243876829097187,0.000349980651897517,0.0149970632785366,0.00279355258552089,0.0275494003954101,0.0144056395607026,0.0419550399561127,GSM3998271,GSE135251
0.0563276580770841,2.68586282950531e-18,0,0,0,0.0173864031903786,3.38171191756695e-18,1.14560733883995e-18,0,3.26834887932303e-20,0.000768430461336574,1.99555298334412e-19,0.0112554042139863,1.35058486570996e-18,0.0413770656583731,0,0,0.0197401034174606,3.65466818066483e-19,0.0015395972444808,0.0079369935886083,7.39017734471931e-19,6.91777411282522e-20,0,0,0.0271899374197792,4.71503354301428e-18,0.207433636338911,0,3.3881317890172e-21,9.49145198955614e-05,0.00109655402417646,0.00457105810306156,0.00218924498505516,0,0.00177915447028756,0,0,0.0036676107700504,1.04098071340271e-17,0,0,4.48926249796524e-18,0,0.0120186697763498,0,0.000659301816271013,0.001279949046024,1.08976294939555e-18,1.98095662613689e-18,0,0,0,7.02795617594853e-22,0,1.08468002534665e-18,6.07733388066562e-18,0,3.7582466776569e-18,0.34873700625046,8.60150099639604e-19,4.24823721532656e-18,0.0372342442050946,2.45075032455074e-20,0.00261073354312084,0.00396849679430415,0.006579230337425,GSM3998209,GSE135251
0.0613471724643663,0,1.16774391660852e-17,0,0,0.015838335733185,0,0,0,0,3.77287495290703e-21,5.3179389275599e-18,0.00265309492294018,3.91242629442435e-18,0.0513550409190906,0,0,0.0316423411756563,2.33843743657905e-18,0,0.0814991341261057,8.33821180968472e-19,1.07932125317906e-18,0,0,0.0175313844562221,0,0.474091640143263,0.0238783655222543,0,0.0139718774106029,0.0114191203105598,0.0154037813495142,0.00119784935245848,0,0.0106511154597698,2.66847145027267e-18,0,0.0263687433012533,3.253822896111e-18,8.81689800482353e-18,2.34434396688701e-19,0,0.0417822192695671,7.75128025036741e-19,4.29881652932197e-18,0.000999371473545077,5.51143173475257e-19,1.22246051388644e-17,0,0,1.31418970356951e-17,1.63211936027563e-19,0,0,0,3.40671263497773e-17,1.8702853338176e-19,9.6928806349526e-19,0.429586110338227,5.21212247877913e-18,0,0.0183787294217601,1.22710265164066e-18,0.00761274687370657,0.0407495670630529,0.0483623139367594,GSM3998224,GSE135251
0.0793476434375824,0,1.56425261132083e-17,2.67800784440069e-19,3.09360438465111e-17,0.0215379529994848,0,0,2.6638735361251e-18,0,0.0030389753078928,0,0.0173534032396337,1.08721967318654e-18,0.0375406990174262,0,0,0.0398363827649691,1.27420113513757e-18,0,0.025210991277737,3.09270862144725e-18,6.58822204305691e-19,2.19475098192004e-20,0,0.0303884796942363,9.47361971326982e-19,0.225727391443898,3.84031842510856e-18,0,0.00448428849769877,0.00266220708990193,0.00846069589841664,1.48113557545361e-20,0,0.00484844867817023,1.16079244669108e-17,0,0.00712176923778738,0,4.42872387464681e-20,0,1.03949149641449e-17,0.0110959599046456,1.44361310017021e-18,0,0.00125640520030016,1.17705808320324e-19,0,0,2.06272824861933e-17,0,0,0.00323874827160269,1.03655112972192e-18,2.27140219348582e-17,0,0,0,0.422374124900861,0,5.7842245283983e-18,0.016386557998583,0.00727718336613998,0.00177480472660129,0.0126054956388685,0.0143803003654698,GSM3998221,GSE135251
0.0933348208997066,0,1.03953734045571e-17,3.29648443792172e-18,0,0.0186683936132972,5.15147017070716e-18,0,2.68996127237624e-18,0,1.02738530924488e-22,0,0.0234182789659408,0,0.0558590971045986,0,5.33575872153487e-18,0.00900430940174948,0,0.001073812879115,0.0293180294301848,0,3.73398197245818e-18,0,1.06782385342841e-17,0.0466628423097809,0,0.233613485970211,0.0125318694649304,3.49824828077245e-21,0,0.0271459694939824,0.0184048707758957,0.00730931168710174,0,0.00656983654164624,0,0,0.0127156473102745,2.10426465291624e-18,0.0101935595021764,0,2.14778081477477e-17,0.0121610866038892,0.00499861424751789,0,0.000729137007803807,0.000890681911064146,1.52445557344276e-18,0,4.70931573162108e-19,0,0,0,0,5.16203279088856e-18,0,1.95631658972483e-19,0,0.342461112559626,0,4.98564302262522e-18,0.0408216353659757,8.39582697232705e-20,0.0262026825242253,0.0146590147150924,0.0408616972393177,GSM3998330,GSE135251
0.0748421384945713,3.39048088097603e-19,8.81818180861421e-18,0,0,0.0055956413106756,3.3403684600882e-18,4.62136571838682e-18,0,1.37218401991653e-18,0,0,0.00197379259593028,1.21931426348473e-18,0.0330010873097095,0,0,0.00703209527257941,2.32567294670348e-18,0,0.0382509772163957,0,0.000316593373944712,0,0,0.028096689870089,5.51790446286005e-19,0.245562697312113,0,6.7762635780344e-21,0.0039532153388357,0.0213386792077864,0.0177274117016306,0.00551090694741951,1.15175643503929e-19,0.00602051710120281,0,2.42334211761466e-17,0.0206642556002943,0,0.0028701505009188,2.33213412641393e-17,0,0.0228247078902361,0.00548855844580941,7.94040803810167e-18,0.00037750999702212,1.18235559380787e-21,3.93648415649173e-18,0,0.0108659423589972,0,0,1.59646199312168e-20,0,6.2303778701657e-18,1.52955949011275e-17,1.84631364574132e-22,1.62190409029497e-17,0.336089864222798,0,3.72877025810862e-19,0.0188192348878337,0,0.0161392198058035,0.0191254886081978,0.0352647084140013,GSM3998265,GSE135251
7.89016130731072e-19,0,1.40430242873783e-18,1.41498434372448e-18,0,0.00478129385240189,9.03476195332551e-20,0,0.00530842082146705,6.37052792953466e-19,0.0064876330272845,2.71218374623571e-19,0.000690148285755526,0,0.000123204841121607,3.91781111464249e-18,3.20261597002669e-19,0.0194905363694338,0,7.7352605723899e-20,0.00821632547234791,0,0.00798968044813371,0,1.67100431442927e-17,7.41387489374981e-06,0,0.0945488136003104,0.00296800500308103,0.000216144055381044,0.00163446709484374,4.2096799037105e-20,0.000259872798219657,0.000904930017127115,5.71561702786283e-19,0.00135085315449997,0,0,0.0211600430625582,0,0,0,0,0.00310778575865266,0.00786784887087986,0,0.00032481837603222,2.09638800418882e-22,0,0.00603601327360689,0.0244664924633453,2.37798324675822e-18,1.62775179081733e-17,0.00419711177434091,0,3.42564051879697e-18,1.16459739936969e-17,0,0,0.286507618442169,0,0.0248325195973405,0.00786265143490139,0.000125148301518029,1.58494897646384e-18,0.00410816273617396,0.00410816273617396,GSM3998203,GSE135251
0.0416416200224093,3.3657125750375e-19,8.40451092724232e-18,0,0.0232579192293892,0.00148741184244286,7.07539595007892e-19,0,0.00424835763448352,0,9.24371333363535e-20,1.22401175342251e-18,0,0,0.0102036026146233,0,1.81898468127248e-19,0.0068939697343508,0,8.66845926859632e-21,0.0154615377184465,0,0.00269074953248703,9.90797201952707e-05,1.07473982408773e-17,0.0119046092390737,1.40318291388567e-22,0.108024966100291,0,9.19231087735703e-20,0.000705493719806495,0.00700185503780968,0.0106128901625164,0.00359749817726681,0.00412859034583008,0.000614166595728569,0.00115327493624368,2.6589508495107e-18,0.0213020051611331,1.1885635730902e-18,3.98773518714668e-19,0,0.0183129960328237,0.00788519535802777,0.000880665747773717,1.98946621273854e-18,0,0.000683454974647609,4.27321122429885e-19,0.00951412149395971,0.0275265483234177,0,0.00587665396613317,0.000716770343107865,2.73200063547304e-19,0,0,0,2.05984645944781e-19,0.226931547886184,9.35395565459143e-19,0.0187668607172972,0.00895084146107847,6.19084543135758e-19,0.00787593357219158,0.00773076885922324,0.0156067024314148,GSM3998256,GSE135251
0.0644927536658461,7.69643212369633e-20,2.24002458430853e-19,4.42418483423163e-19,0.0359256878693212,3.74009350647472e-19,1.5176250807793e-18,0,0.0174509120685267,0.0256958486672005,0,4.64368712687109e-19,0,0,0.0151338528579961,1.85136319073106e-18,0.00356662869298428,2.60933046401518e-20,3.46205961215694e-19,0,0.0144456356709951,0,0.0123309243602817,1.82098992261242e-19,6.95620729380665e-18,0,6.2922870942588e-19,0.0564461905693078,0,4.12813436775047e-19,3.36427481449217e-19,0.000808862853998449,0.00725237065526853,0.00581335392452882,0.00074472126665419,0,5.3890890114827e-05,9.94387906104591e-19,0.0165092702709404,0,0,3.86907297109271e-18,0.103139831042526,0.0232692263125276,2.40767874294841e-20,1.04364566429587e-18,0,0,1.13837910373414e-17,0.0617644508031942,0.0191043738814047,1.70704276301569e-18,0.0707084056716143,0.00583243140080436,4.75018701846866e-18,0,1.10120223678388e-18,2.34504782487448e-19,0,0.116169686915251,0,0.0542952920322405,0,2.12166882557588e-18,0.00103572274710177,0.00722281783549754,0.00825854058259931,GSM3998367,GSE135251
0.0792602265603031,0,0,2.08988255275809e-18,5.0993170310265e-21,0.00790255145390851,0,3.05906194116478e-18,2.06576951242103e-20,0,0.00390909721149736,0.000900059262321033,0.00946778729786615,1.03353395949124e-19,0.0283176244179917,0,0.000370628967820267,0.0173878949274545,0,0.00118003073425988,0.0219857647578636,1.23467777076098e-18,0.00246547124781954,0,8.9131014515804e-18,0.0140964696269912,7.94592612299255e-18,0.144229774991967,0,7.78052048600747e-05,0.00374656436424213,0.0132697818420275,0.0119899216089099,0.00575416415589496,0,0.00214510007825788,0,4.83864971954947e-19,0.0159958741997953,4.84031244344177e-19,0.00470071538238386,2.02574867995743e-18,1.29600170117219e-17,0.013417801489598,0.00285993389808665,6.91351839248773e-20,0.00026139797650124,0.00142293706900845,1.78732615635223e-18,3.13437033426753e-19,9.72193135841468e-19,6.89824966298595e-19,5.87275976002118e-18,0.0027936728505684,2.12813866285611e-18,0,0,3.90544537834486e-21,0,0.360101111085204,1.57259871979343e-20,0.00261087002369813,0.02641651460164,0,0.0143156828600005,0.0109928823789318,0.0253085652389323,GSM3998379,GSE135251
0.00361140520525487,0,0,5.99815943935707e-19,0.00120924374774786,0,4.94366162393799e-18,6.20248820973804e-20,0.0169347737489979,4.64212058358739e-18,0.000631638568038605,0,5.0026323301921e-19,0,0.00805103638348628,1.62027475368788e-18,0.00148727289612,0.00313915679362848,0,7.59559791381629e-20,0.00673781028914328,0.00232523652561175,0.0279878641613106,0,0,0,0,0.0400684169196529,0.015264255010865,0.000932101178212126,0.000694213332823923,0.00148095573896266,0.00223519701308221,4.18517303188715e-20,0.0012575932290643,0.000580480963581418,3.82411891756313e-19,0,0.00694938194443586,0.0103713339981283,3.34668858741818e-19,9.57914647113962e-19,2.20469427248885e-19,0.00223240953516172,0.00205380198188759,6.98955195484453e-19,0.000160883720115923,0.000324466663496262,5.46188993410432e-18,0.0157230241625854,0.0073218715975623,0,0,0.00492438658445542,0,0,0,2.92922169276615e-05,0,0.228130038422074,1.06442862039405e-18,0.00844881240567789,0,0,0.00359216810475665,0.00336890514457164,0.00696107324932829,GSM3998268,GSE135251
0.107167205238322,0,0,2.64018399641368e-18,0.0379034884816654,0,0,0,5.16041762026949e-19,0,1.43048295725899e-19,3.96008944704295e-18,1.80697008737121e-18,0,0.0425896332002439,0,0,0.000373891315257677,0,4.20027690938706e-23,0.0564816144325197,0,0.0120928170749344,1.07230773122563e-19,0,0.0206893167635095,0,0.200303817615782,0.0172864382286667,9.24617949839447e-20,0.00510456527916502,0.0244719404745656,0.0304713914144978,0.0101591037448804,0.000760830218436321,0.00443525557901871,0.00085627878961548,0,0.0491753298051815,5.74437606621471e-19,0.01460176735272,6.55900895398584e-18,0.0863546078926156,0.0581403610175719,3.71968903029179e-20,0,0,0.00346467954404302,1.17946940090823e-17,0.0427615902807458,0.0295045995419357,0,0.086331632958566,0.0010352984497061,0,4.19176387217682e-18,0,7.85849992424876e-20,4.65543190267334e-18,0.20041942154048,0,0.0387916260762682,0,0,0.0288661450598433,0.0282408072162598,0.0571069522761032,GSM3998357,GSE135251
0.0863450001032417,6.7981271036866e-19,5.95737577510841e-18,1.15221574597219e-18,1.12395029179723e-19,0.00805087848006353,3.56000946571902e-18,1.60369695076378e-18,2.44292667274518e-19,0,2.60390271657697e-19,0,0.00799227256894163,0,0.0350601506626588,9.95762816695708e-18,2.9609650250343e-18,0.0037807482764887,0,0.000408650404960222,0.0321297209283345,8.66539439366603e-19,1.29387731171627e-18,4.55998890942885e-20,5.03555767580866e-18,0.0331437842635807,0,0.255216029630859,0,0,0.00240423857364965,0.0178253614470205,0.0137662238683442,0.00779804555175381,0.000728538739596344,0.00600890323610341,0,5.95730585525723e-18,0.00212998934971353,0,0.0134587814762672,2.87807003381815e-20,0,0.0176146812003162,0.00688799838670635,0,0.000476418122452997,0.00194556442905417,1.40950724360481e-19,0,1.91304593060859e-18,0,4.49368302716363e-18,0,0,0.0102650238601968,1.81477495212721e-17,3.04365051926326e-20,0,0.255547531648411,1.25150805735798e-19,0,0.017426632082025,5.56378023170589e-20,0.0229112643312656,0.0160648604641673,0.0389761247954329,GSM3998182,GSE135251
0.118855728497774,2.52292986413109e-18,0,0,0,0.0160433643696594,0,5.9815754342493e-18,1.40606975380606e-19,8.37131429211805e-19,1.89469749477999e-19,1.14949330260545e-18,0.013418457136775,2.893074038144e-18,0.0728659289246893,0,0,0.0147916034324564,7.46660453932054e-18,0.00534566728228727,0.021495955441987,0,0,0,0,0.0355810836604942,0,0.197079142820704,0.0171718856047499,8.78981738538006e-05,1.48264134636266e-19,0.0205468895369721,0.0151546994237706,0.012458292739942,0,0.00289534602976857,0,0,0.0041223843737635,2.81640880965223e-18,0.00865009907776501,0,9.85253977963723e-18,0.0137752140025651,0.0028694679289722,0,0.000707445217918057,4.00428424241113e-22,0,2.01172150367333e-18,0,0,0,1.15425027293433e-19,4.38429056972016e-21,3.21720425930143e-18,0,0,0,0.336001278498498,0,0,0.0281313826230011,0,0.0230284372646829,0.0107479777209935,0.0337764149856764,GSM3998184,GSE135251
0.0232182114560214,0,1.22301553993561e-17,2.50255519453732e-19,5.42302408933137e-05,0.0171895079547205,0,0,9.02802192268025e-21,2.49408072513011e-19,0.00439349334074133,0.00179497554477277,0.0143251871930675,4.73665663988091e-18,0.0211612288211831,6.07488553433657e-19,6.62275835915851e-19,0.0271008949115291,4.42020654654877e-19,0.000364849940725811,0.00630468313733288,1.20078878931521e-19,1.90942240811984e-20,0,3.11363470365757e-17,0.0177584300188274,1.75609525036812e-19,0.122709540608215,0.00805934117194421,0,9.0568106047701e-20,0.00944962897474969,0.00698713977065299,0.00366476174723044,0.000597709799451006,0.00312415409565243,1.16573903941807e-17,0,0.0263051106118028,5.88671408302486e-18,0.000704254485955957,0,2.20814119034897e-17,0.000714848109642733,0.00717212039231,4.34420404115273e-19,0.000610116638637936,0.00358079362258642,0.000170719806820746,0.0331354270489779,1.77642763865525e-19,1.12766632638785e-19,0,0.00566292748098275,5.36843498437061e-20,0,0,4.91949651831019e-20,0,0.358979428862164,0,0.0125405670597698,0.0330632668568151,0.00267534375082859,0.0111086214500416,0.00315234156866646,0.0142609630187081,GSM3998212,GSE135251
0.0949405867578572,1.71233118627251e-18,1.00095685751054e-17,1.11509890840465e-18,0.00600426708591399,0.0106265272833591,7.09538583744026e-19,4.08037649948936e-18,2.75266008588385e-18,3.98646879005456e-19,0,7.07584270967151e-19,0.0147678125602487,0,0.0624950877948739,5.93865755032461e-18,0,0.00766340426334017,0,0.00252437202691518,0.024767486686806,0,7.00014941374171e-19,0,5.66508211701762e-18,0.0438113955407585,0,0.202283525222919,0.0123902379064999,5.54324274261718e-20,1.16556835513989e-19,0.0258530445126099,0.0198425947667148,0.0093125637831822,0.00461720314084487,0.00504127592334534,0,1.35825955337367e-17,0.00466451492038458,0,0.0147413734647674,0,1.49827065611705e-17,0.0167255908711217,0.00430574723812343,9.51310278396377e-19,0.000378369888823123,0.00335165813341883,0,0,0,3.26989224654434e-18,9.16879717968487e-18,7.43673465462428e-20,2.91750147411423e-20,0,0,0,1.06190418929497e-17,0.318519239745863,0.002141376749823,0,0.0272181269109155,0.00105943863838133,0.0340584341857041,0.012383743343403,0.0464421775291071,GSM3998269,GSE135251
0.200238892233967,0.0011897850337851,0,0,0,0.00321272519763959,0,1.01497291003875e-17,0,3.20251407929059e-19,0.00130353552648484,0.000522847513286885,0.00821773635566479,2.93347235907701e-18,0.0527392841725618,0,0,0.0191474155942742,2.05375650778994e-19,0.00544943654309241,0.0389266188923946,0,0.00462457689034718,4.56124794349841e-21,0.0212009263570442,0.0219813828600076,2.1560170739749e-19,0.259071577250789,8.46090212685727e-18,0,0.00327157780780632,0.0301928399584673,0.0249297967023911,0.0110000155230209,1.39056451620456e-19,0.000821352117081516,0.00305327553114178,3.05751981730665e-18,0.0143139958535327,0.00697342861156233,0.00990697059403531,9.79581160257319e-18,0.0488317539691106,0.0214049127542577,0.0012790375908731,2.00836218405202e-18,0.000759486944861417,1.63479291428518e-19,2.10489734312894e-18,0.00332865310115901,0.003189162150263,1.09687664914427e-17,0.0013241582513682,4.07252171156281e-21,8.19990814152304e-18,0,0,0,0,0.362393648731327,0,0.0131158404546452,0.00929872872457609,8.37117769763888e-19,0.0307147297392546,0.0306586651416119,0.0613733948808666,GSM3998378,GSE135251
0.00061742271060667,6.32343389777473e-19,0,2.6100266756091e-18,0,0,7.23020214654504e-19,0,0.00739636297725104,0,0.00156795542502384,2.36976799108271e-18,0,6.42600841752361e-18,0.00303812803431705,1.53809914977258e-18,0.00192927253956311,0.0152295206980029,3.54604383192337e-19,2.56906972062318e-19,0.00276638511660802,4.98069599260293e-19,0.00618904909857173,2.08376271926347e-20,0,3.59428997003026e-19,1.19825833654921e-19,0.094109788418494,0.00142719145132957,3.33698421443764e-20,0,2.66194669696667e-19,1.28145255199634e-05,0,0.0014853948137094,3.03560948512465e-05,1.05364114113709e-20,7.19046031790802e-18,0.0094272268184682,5.13867727300493e-19,2.63580370119978e-19,0,0,0.00221350389904343,0.00287157965577494,0,0.000186639841895153,0,0,0.070924592437787,0.000986724880762091,7.64557540189066e-19,1.37676506008923e-17,0.00533873293289795,2.90774089027697e-18,9.58187354633673e-18,2.49031410807014e-18,0,1.36555829323383e-18,0.276354232298676,0,0.0220277247225502,0.00021628814172641,0.00128215353630387,0.000990263209139604,0.00138319255830401,0.00237345576744362,GSM3998339,GSE135251
0.147350869390696,0.000521802832158592,4.29996409997386e-18,0,0.0657949138889483,0,9.32488458746619e-19,0,0.00850941889973748,4.07614390806005e-18,0,0,0,9.37445876576258e-18,0.0739595773709102,5.30457184228766e-20,0.00739357746398705,0,0,0.00677976074939077,0.059724787603152,4.57822630966765e-19,0.00342546481988562,0,0.00647485468513942,0.00338579682369512,0.00123980800458371,0.136402305861867,0.0260459288542872,2.42910624381895e-19,0.00647254897738532,0.0190841261783307,0.020864548718667,0.0146610646483454,0.00316085687047587,0.00131169799446916,0.00143186921733723,5.84837691207846e-18,0,0.00311763011226443,0.0167851468763491,0,0.0593985816289321,0.0453882644738192,0.000817334062600979,1.52368241922941e-20,0,0.00393002512356006,6.76327679554857e-21,0.0442144459671227,0.00318556821594093,1.22649869011303e-18,0.108644362678039,0,7.54594098586546e-18,0,5.74107153254134e-18,0,0,0.0995628738061309,0,8.75752701749173e-05,0,0,0.0331599438654043,0.033360722560225,0.0665206664256293,GSM3998355,GSE135251
0.0527017521483714,3.96333194214489e-19,0,0,0.0428378121375464,4.72488740312719e-19,1.69705644084419e-18,1.50346004604102e-18,0.0070292826083122,2.15793095740201e-20,0.00054236090606888,1.57605597398313e-18,2.55536674763024e-18,1.53755743892504e-18,0.00430467092247593,0,0.000442967276377319,0.00362950687053951,0,0,0.0167038896942975,7.7566551374365e-19,0.015564285093938,5.57493907096272e-20,0,0,6.68245783985056e-19,0.0825718994293576,1.1644622721881e-18,0,8.86491454207016e-20,0,0.000322854900239743,0.00102202116091204,4.66744969128782e-19,0.000608463035556289,0.00147505186816784,0,0.034755447804642,4.47903989675225e-18,6.59834692976081e-20,0,0.0784672737972872,0.0178455416015828,0,0,0,2.20457152768402e-21,1.68955652166248e-18,0.0410277638816029,0.038930985387977,0,0.04281084067834,0.00417631117466377,0,0,1.00259202051875e-17,0,0,0.163795792841173,0,0.0549087914185009,4.42126065911168e-18,1.85336515241108e-18,4.05311404358956e-18,0.00835194484714877,0.00835194484714877,GSM3998278,GSE135251
0.046387514320305,2.52172568447695e-19,0,0,0.0175883384988218,0.000205582475382194,6.62816402404067e-19,0,0.0306160839882933,0,2.08329982152768e-23,0.0019797604180882,0.00312377937996489,0,0.0189090309057917,0,0.0103520601103952,5.73030807225605e-21,1.11478737910557e-18,0.00145055105133628,0.0352450369596839,0,0.00273243323664473,0,6.18067842273199e-18,0.0146803774003985,6.53194179517045e-05,0.100367897260511,0,0,0.00373596144388793,0.00474429346848779,0.00741799231496208,0.00534957466713018,0.000612907905262858,0.00456073267889498,0.00120282090490018,4.95897888825989e-18,0.00855703072097861,0.000934218085101735,0.00280408646237911,0,0.00557707621360769,0.019840969146321,0.00423943221070793,0,0,0.00195832012553025,0,0.00906314054852701,0.0131180719288247,0,0.0494898708612237,4.21126302718312e-20,7.20219185813106e-20,0.00368560648703157,0,4.17581473375407e-20,1.23337696509569e-19,0.159770028847194,0,0.00938468904669035,1.10099654411017e-19,0,0.009033279620723,0.017622518479842,0.026655798100565,GSM3998243,GSE135251
0.0297611443614872,0,7.01191443357495e-19,3.47490692017185e-18,0.0123871392860982,0.00303406021393113,0,5.96160413882951e-18,0,0,0,1.19891289718017e-18,0,7.37250555268124e-18,0.0154861206274846,0,0,0.0075813025907335,2.69279914615454e-19,1.95707889382831e-20,0.0195608041786413,0,0.00589353087503374,0,4.06457198758424e-18,0.0167533970054432,0,0.155505047093972,0.00235725781149138,0,0,0.00613331093738733,0.00782421248323682,0.00101919383465888,0.000422127944404239,0.00200455814182923,1.22608621886331e-19,3.07106276695473e-18,0.0235850606319574,0,0,0,0,0.00792771101276894,0.0102159391599395,0,3.764250848468e-05,0.00206019916893355,0,0.0446842349298806,0.013256649863538,1.24299193220692e-18,4.34223607144848e-19,0.00352469946749114,1.27437174543096e-18,0,2.285857516469e-17,0,0,0.293780386953783,0,0.0147715415860834,0.00526276591720305,1.57647318637018e-19,0.00574375870048342,0.00978040208932064,0.0155241607898041,GSM3998205,GSE135251
0.0789344220440224,1.65544596627442e-18,1.652836635704e-17,0,4.7758552864371e-19,0.00492694465491494,9.60862211717401e-19,2.61854187266341e-18,0,1.6660704835084e-18,0,0,0,2.68001934086013e-18,0.0306455694696641,0,0,0.0160719057759379,1.57128290807257e-18,0.000187070468527314,0.040751834318509,3.18804339318762e-19,0,2.0971192993076e-21,6.37958435008235e-18,0.0235880271879601,0,0.170914256015825,0,0,0.00427568332324318,0.0216705458428882,0.0167889273648159,0.0156893844088574,0,0.0102177670964761,3.72462181158006e-18,0,0.00684479786230997,0,0.00164153413702371,1.94169709141787e-17,8.89020821299422e-18,0.0211028933242562,0.0154324310083736,2.55954768186459e-19,0.000341351642212355,0.00171905294559846,2.85433006725969e-18,0,0.0181327353246967,2.788651736919e-19,0,0,7.22014149337906e-19,0.00120798833303922,9.91679178059599e-18,4.97562667746529e-20,8.82791286581215e-19,0.2921713605226,0,4.24239308017803e-18,0.0138312285936131,0,0.0168121355960251,0.0203759171592545,0.0371880527552796,GSM3998239,GSE135251
0,0,3.43423800819652e-19,3.0061247095694e-18,0,0.0116209672386637,0,0,0.00214011655768116,1.83149903501349e-18,0.00238409627592548,0,0.0075524537276685,0,0.00779179068416185,0,2.95480377646338e-19,0.0271929008076998,1.17604329812966e-18,1.61451158172735e-19,0.00740729261961217,1.02740049340961e-18,0.0023805726862116,1.33509180355257e-21,2.24843078251472e-17,0,1.07061745822519e-18,0.106061699365493,0.00161912467749219,2.52973871038802e-05,0.000886958987817245,0.00184444809771413,0.00227504854880743,0.00150425725839047,0.000689510362705678,0.00123465788105759,1.59690702880581e-18,0,0.0174370740176701,0,0,0,2.63967696371081e-17,0.00158415607084719,0.00487741416361693,4.76208036221375e-19,0.000235270587272291,0.000224131601751646,0,0.00305375099205225,0.0149489059995548,0,0,0.00724828428580414,0,3.87460139882524e-18,5.07814282841162e-18,0,5.8130206196839e-19,0.353516209581795,0,0.00583148832028846,0.0265621390894567,0,0.00183872670811431,0.00370364630980609,0.0055423730179204,GSM3998171,GSE135251
0.0637876024167841,1.58809676080083e-18,2.8708236494626e-18,0,9.47230751437164e-21,0.00982554561212282,0,0,0,6.17858240986678e-18,0.00194200014423852,8.98558143100961e-19,0.00223196232626305,3.99176973890627e-18,0.0147827115343341,4.91328340900447e-18,0,0.0183110023937292,1.17764899606904e-18,0,0.0062920128276858,1.99469302556166e-18,0.00339711208356712,0,0,0.00913769754646653,2.54706796244917e-18,0.149899476994585,6.1232645359095e-18,1.66360917291552e-20,1.19916310913828e-21,0.00317888544675956,0.00690136776006731,7.81920686107197e-20,2.94474389701732e-21,0.000911814915974724,0,0,0.0127711630290757,3.35207629386926e-18,0,0,3.22441767431971e-17,1.26689587189697e-21,0.0360791335810916,4.2250521862069e-19,0.000345114249411683,0.00344742009231135,0,0.0340211877496949,0,0,0,0.00283638088061397,1.70224416798354e-18,1.8182763037555e-18,2.94174959066309e-18,0,3.18428453948601e-18,0.349063086423783,9.8784215708486e-19,1.84558852092033e-18,0.0261516402023471,0,0.00441753702604728,0.0031460064138429,0.00756354343989018,GSM3998168,GSE135251
0.0808119096977478,6.00971856810228e-20,1.61683102322795e-17,2.19311050502256e-18,0,0.00577449069600129,8.06548613871625e-18,0,0,0,1.02801721153472e-19,0,0.00289123022640047,4.60353127188601e-18,0.0442105637258325,0,2.31107156081569e-18,0.000898952562769056,0,0,0.0356893550026632,0,0,0,0,0.0413679437723446,1.0035078232209e-18,0.189996166547586,0,0,0.00196449306107423,0.0197528823623062,0.0188678550025723,0.00827454229049198,0,0.00351440085812534,0,2.22799396708808e-18,0.00496787786984415,0,0.00700190836122857,0,1.38449204678672e-17,0.0206111539808966,0.000400725784651796,0,0.000325952809968783,0,0,0,5.0756419555708e-19,1.21738210859528e-18,5.18661664599254e-21,1.32628132669149e-19,0,0,1.43405012021054e-17,1.65502126403355e-20,0,0.305756786155568,0,1.69864272502565e-19,0.0250163363277674,1.8470135264394e-19,0.0178365271490232,0.0178446775013316,0.0356812046503548,GSM3998213,GSE135251
0.065676004338959,8.63245634490888e-19,0,4.37845299404063e-19,0,0.0132447010558561,4.10209982070217e-18,0,0,1.30649144904048e-18,5.30712488905415e-20,6.69581572159059e-19,0.018114641390434,0,0.0523482723226011,2.67922011952775e-18,0,0.00734758958212607,0,0.00163525247343825,0.0259225865176594,0.000966420363696563,5.61905360220457e-19,4.07135419217857e-21,0,0.0325025594706449,3.44171708277953e-18,0.145562186630501,0.00687699268800753,0,5.29034397011757e-20,0.0135899159821749,0.0136909559364899,0.00395787232950048,0.000458970556066555,0.00236013884497927,1.1365926905769e-18,0,0.000386118727410303,0,0.0173206344456329,0,2.67082039130726e-18,0.0178980946384175,0.00396170462503263,0,0.000328598634965204,0.00497607477780808,9.38462605054226e-19,0,3.36224979930789e-18,7.70126323536184e-21,0,0.00262300544327189,8.76244548018089e-20,7.55049655211982e-18,1.02877461171251e-17,0,1.00122192096082e-17,0.32071303793254,0.0070761061546602,0,0.0131378421543663,0.0041277213972132,0.0259648457325448,0.0129612932588297,0.0389261389913745,GSM3998176,GSE135251
5.28577155101139e-05,7.8437401720842e-19,0,0,0,0.00789149028578493,0,0,2.785559510868e-18,5.62491082686972e-18,0.00204762070249961,1.64833227971607e-18,6.66291472117433e-19,3.54025902083228e-18,0.0103558913203672,0,1.39284226344258e-18,0.0220460039671676,0,0,2.88517290878418e-19,0,0.000400736012344208,0.000150422351387142,1.44385587562776e-18,0.00757404791227907,9.65105888735537e-19,0.0895376788985694,0.00418947957193511,3.53877934321693e-20,0,1.53548563787859e-20,0.00193943883724912,0.000204986940509028,0,0.000721938533250857,6.41581056858687e-19,0,0.00849548319208541,2.65824782029923e-19,1.57393550390448e-18,2.18733454269524e-17,4.18808806033558e-18,0,0.00422384272873632,0,0.000337138774625111,0.00209069573601847,1.31683166569901e-18,0.0464049888402389,0,0,0,0.00641527149124818,2.2372970699338e-18,0,0,0,0,0.362747341177035,0,0,0.0413118435428191,0,0.00139379715734565,1.2583735918573e-18,0.00139379715734565,GSM3998207,GSE135251
0.0925974280416753,0,0,2.87130465136799e-18,0,0.0119256567849412,5.45575896674139e-19,0,0,0,2.63176304121641e-20,0,0.00829033899208346,0,0.0529258703064769,1.22227716550928e-18,0,0.00456833380569493,8.29503565300777e-18,0.00164146447715322,0.017890540907571,0,0.00778592277002771,0,1.98773975162887e-19,0.0376048329060195,3.73685877447955e-20,0.183778812350355,0.00347751513233618,0.000617451672875307,0.000335802624781738,0.0361232460837146,0.0262168066002922,0.0126589720469721,1.37807203561984e-20,0.0033458735852594,1.69878674829362e-18,4.45461529737055e-18,0.009647479055187,2.51842544156782e-18,0.00648388175610582,2.10391017788388e-17,3.21272168923116e-18,0.00957929132009305,0.00234840100936558,1.30606575739096e-18,0.000418810670710016,0,4.51795934942164e-18,0,2.12176030070706e-18,0,0,6.53208962548451e-20,1.09795328518337e-18,1.61768509916603e-17,0,0,1.15233840398178e-17,0.299518404978097,3.25190448431993e-20,1.50225745617677e-18,0.027494082027719,1.56598104405173e-19,0.0294990615446491,0.00894527045378551,0.0384443319984346,GSM3998179,GSE135251
0.0474631785096022,0,0,1.30752943053409e-18,0.00472898575499983,0.00145968660993908,0,0,3.62906166222094e-19,1.20706296137503e-18,0.00229241433523609,0,0.000400158083430525,3.95759369287087e-18,0.0312786212156628,5.13644772767827e-18,0,0.0130038748838458,0,0.000870359440030655,0.0197480136906526,2.07430887431786e-19,0.00752579174799249,0,4.45258359046287e-18,0.0132075706536151,5.2909531216793e-19,0.117746246601648,0.032059883368135,0,0,0.0156212006591248,0.0130787682732567,0.00280865388947468,4.82200491525612e-20,0.00354457252634941,0.00108557970436667,0,0.0324369123606162,0,0.00284092302244735,0,0.0308721917846095,0.0176820343816827,0.000963949339391881,0,2.91014969423261e-05,0.00101429767069376,6.94412411301573e-18,0.0110312499665797,0.0516295416580311,3.75058462353292e-19,0.00418334490034652,0.00149751047219795,1.63047313422362e-19,0,2.21977239666287e-19,2.24842461505705e-20,1.99011240421442e-18,0.271350906151074,3.03439387182392e-18,0.0430955157571166,0.0172560286223449,0,0.0135645205281977,0.00987400684532631,0.023438527373524,GSM3998319,GSE135251
0.0680952758525939,0.000296925617337988,0,4.67237982263916e-18,0.0358432863804311,0,6.24516469520768e-19,4.10485062436349e-18,1.54088610102697e-19,4.59717733045815e-18,0,1.81596711532356e-18,9.98203010023793e-19,1.74143081006562e-17,0.0272253960661497,4.4349818957114e-18,0,2.55908560271868e-20,0.00147037689367564,0,0.0857773512490323,7.01223738259713e-20,0.00937534967534936,0,0.00906210420116434,0.0150362686626471,0.00142479151947983,0.161079462158978,0.0163761039360913,7.11321072978369e-19,0.0167666516745096,0.021089478625798,0.0281298397859111,0.00470112644440631,3.44623509818912e-20,0.00741058111824928,0.00223091583922849,0,0.00762842640830656,0.00575800949769021,0.0236144828613427,0,0.0390108078736054,0.0707133326569837,0.0272457722308094,0,0,0.00345950171683465,0,0.0489626638299822,0.00577751469361358,9.14432978136951e-19,0.0723257317925534,0,0,0,0,4.68869004151991e-20,0.00197227320779562,0.125299622155899,0,0.0079225398644469,1.15335095557763e-18,0,0.0321089754693169,0.0475681905337673,0.0796771660030842,GSM3998238,GSE135251
0.120444304693981,9.49185664428706e-22,0,0,0.0543082096284025,3.49841914510693e-19,5.46825894086028e-18,0,0.0133124032221253,2.22818191917147e-19,0,0,6.32829379830582e-19,1.07814719541172e-18,0.0186481221999448,5.99764256903624e-18,0.00548226872833877,0,0,0.000217043351345233,0.0613154568887354,0.00115403844427856,0.0147617653106446,2.65329245897614e-22,0.00497821617094087,0.00661646311188512,0.000905838384570825,0.133691952369795,1.65848178274459e-18,0,0.00971304878801317,0.0151519640704117,0.0245799453644152,0.00848963065827558,0.000761602454100141,0.00408136204793534,0.00230993705832388,1.75334678817372e-18,0.0347520175423183,5.10195702758762e-19,0.0184638039229269,3.81225469152214e-18,0.125862020069709,0.0637885083693176,0.00212781659831182,1.88693742941239e-19,0,0.00332039931642491,9.08003314956087e-18,0.0592577817746905,0.0199545007103729,0,0.115068914760692,0.000123380440575771,0,0,3.17600856764142e-18,0,1.27027097067268e-19,0.0817450845655625,0,0.042861213404414,0,0,0.0260459010396583,0.0331468365298382,0.0591927375694964,GSM3998365,GSE135251
0,4.56999575733287e-19,0,0.00203357561436938,0.0154933366332231,1.5660224078198e-18,0,0,0.0460059245658481,0,0.0043243938970029,0,5.39757902440586e-19,0,0.00131462571700472,6.00917917894142e-18,0.0114605590673962,0.00536692621387812,0.000719306139506137,0,0.00523080361968349,0.00277234435938406,0.0163269356656061,0,6.22510330661462e-18,0.000168014374576693,0,0.00089362668932068,0,5.59439746759114e-23,0,9.32582445782758e-20,0,0,0.000143520057094756,4.81935510738659e-20,0.00054039859832414,0,0.00856341124262041,0,0,1.27821680738887e-20,0.0885122339760891,0.00624853360709378,0.000917302469290228,2.24083784762233e-19,4.31952707612034e-05,1.70032638551235e-19,0,0.0430108585318774,0,4.99482353250228e-20,0.0279070876224615,0.00920157427938055,1.35846985350396e-18,0,0.0017468070926609,4.38498986587445e-05,2.21682771284395e-18,0.0902693296799793,1.25702299720412e-17,0.0411643371462836,0,0,0.00329962668723213,0.00261540180984175,0.00591502849707387,GSM3998259,GSE135251
0.102834163269855,0,0,2.65275449983875e-18,0.00609971225823605,6.92488678821315e-20,6.85099439396057e-19,2.99746312071058e-18,0.00155987431869269,0,0,0,1.22637653351562e-18,0,0.0144055284719461,1.43729843307538e-17,0,0.00176437433231312,3.57655146863216e-19,0,0.0566984532970582,0,0.00750420535495767,0,0.00689830481453935,0.00900636670083262,2.12202181674201e-19,0.158049129834979,6.460129582857e-18,4.90122535608366e-20,0.0077123241275839,0,0.0031058197559958,1.82530365177433e-20,0,0.00493446269279526,0.00194952609612889,1.17167579269403e-17,0.0167627388833352,9.29371228233773e-21,5.77043252248216e-19,9.33377568817956e-18,0.161952649321696,0.0376256695904571,0,0,0,0.00149258966306512,0,0.0815888221146566,0.0172773419457096,4.12885681018158e-18,0.0467910133691617,1.80275675862968e-19,0,0,2.0248300996879e-17,0,7.84828417746043e-19,0.178927764942697,0,0.0345390338325536,2.6431871960354e-18,2.49399058352968e-18,0.000995059775376753,0.0317983790557988,0.0327934388311755,GSM3998227,GSE135251
0.0477284226965904,2.31855564692313e-20,1.63172187679985e-17,0,1.99407692194392e-18,0.00998412677902484,1.60693025080362e-18,7.40212182935187e-19,4.52720421663016e-18,0,0,0,0.00791867978517209,0,0.0378406893209553,9.89034413251919e-18,0,0.0107470561716534,0,0,0.0239887672782431,0,5.88793887100039e-19,3.89896676190963e-21,0,0.0394520289559332,0,0.172414762966043,0.00338313451742572,6.7762635780344e-21,0,0.00861062571152685,0.00916325804480665,0.00323793117307689,0,0.00369508283113807,0,0,0.0127037654137472,1.53200819599826e-18,0.0141186913949001,3.29972300730945e-18,2.7504660210497e-17,0.015818479791533,0.00236872780931392,0,0.000843849229002396,0.00278700484084021,0,0,0.00261730467190817,6.72539894900826e-18,1.44719581343054e-17,0.00432239096527633,2.22749204163068e-19,0,2.08103407498893e-17,0,5.58516254885564e-18,0.351470718896056,0.00143657373405352,0.00103161836670846,0.0175788689380671,0.000774069971353081,0.0170108812981781,0.0119943836391215,0.0290052649372997,GSM3998186,GSE135251
0.0754316535289067,4.94630272532905e-20,2.1223528673099e-18,0,0.00853258575543756,0.00260182151946455,0,1.40330746640561e-17,0,0,2.00832838295241e-20,0,0.00231101372430258,0,0.0497899439123007,1.56691429714001e-17,0,0.00752677807968589,0,0.000846972623141225,0.0324320812464234,1.60155867721864e-19,0.00104905966990231,0,5.95400509247012e-19,0.0244319041444664,0,0.218154503234579,0.0290622657026337,2.23669956934514e-21,0.000906755947636771,0.0218308017836651,0.0209270345724204,0.00567504143435084,4.59180623769445e-21,0.00345239691504449,0,9.11044312192587e-18,0.018785861046669,4.78141208283897e-18,0.0106037919724856,2.05864690914274e-17,0,0.0232178714131483,0.00241381167775287,0,0.000284759977594966,0.00477535892225237,1.33707694193776e-18,0,0.0188294582835588,0,0,0,3.39143583752243e-18,0,1.06576645578642e-17,1.73876058784826e-20,0,0.283395190025784,0.00122020982235096,0.00127696619677219,0.00901726451242455,0,0.0253712835343629,0.0162160406232117,0.0415873241575746,GSM3998262,GSE135251
0.0850122410482165,2.61790964894104e-18,1.45187421409106e-17,0,0,0.00712363784190099,1.35659804634438e-18,4.77471181633114e-18,0,0,0.000823752885244721,3.82852033319507e-18,0.00653933145612211,6.81044504756239e-19,0.0447171818064973,1.45525682780256e-17,6.3731216519821e-18,0.00935184746587925,0,0,0.0287922057060903,4.26634206784264e-20,0,0,2.6998848239829e-18,0.0333189130421422,5.64743639622984e-20,0.267491221391386,0.0055794555321152,0,0.00110753898539663,0.0273870009571273,0.0196957076413922,0.00986654644075956,8.75055304385498e-19,0.00438573389483941,0,1.06701284966333e-17,0.00501951466879087,0,0.00388938401965648,2.34768483993619e-19,0,0.0160907902078991,0.0274134718800291,3.31650067504946e-18,0.000527465940631597,0.00201788925988748,0,5.07828719349101e-18,1.80047080224755e-18,4.40827211227986e-18,1.28431436996094e-17,0,0,0,1.40871544133219e-17,0,2.27894153561778e-18,0.311744810590881,0,0,0.0157507285445611,0,0.0221961828244475,0.0143961028530451,0.0365922856774927,GSM3998270,GSE135251
0.139174293984144,0.000189375317867795,2.85318293796122e-18,0,0.0285866481173046,0,1.78404680411882e-18,0,3.65505135431556e-21,4.42535189381623e-19,0,6.37193493487531e-18,0,0,0.0451949469819114,6.9060147620992e-18,1.88015706370465e-19,3.8012790851496e-20,4.56020694797297e-19,0.0026073159673815,0.0512516593284226,0.000985577133532176,0.0107559527864223,2.83074694319623e-21,0.0201923300314706,0.00416059130152787,0,0.130317122545063,0,7.70731455343826e-20,0.00962947706063395,0.0225424709655792,0.0304223514722685,0.014799819090466,1.62826497182246e-19,0.000630010101272929,0.00145680684341852,0,0.0204196554943712,7.24742806316705e-19,0.0143922923030757,7.67547549950491e-18,0.199001630427008,0.0488015544694482,0.000468281934908069,0,0,0.00372408054116244,0,0.065862209431938,0.00866459073104474,1.62457357894277e-18,0.108841054405173,4.84730636812495e-20,2.32846143051659e-18,0,2.22390675852007e-18,3.19287769875858e-20,0,0.126335770973894,1.85403211665543e-17,0.0441404376859763,0,9.91387763795394e-19,0.0295011579404873,0.0358166823388805,0.0653178402793678,GSM3998362,GSE135251
0.0998089717521719,0,4.20732464642906e-18,0,0,0.0100383897046753,4.67273175232916e-18,0,0,0,2.00008680440793e-19,3.51066157138357e-18,0.00551720125466736,0,0.0684997421038982,4.15595899588165e-18,0,0.00553134432038687,0,0.00145198016353645,0.0409771498881451,0,0,1.18488923130752e-20,6.25604721470594e-19,0.0385542220807257,0,0.264588757989755,0.0073564597302991,0,0.00237585285195952,0.0286330510795189,0.0215156269849396,0.00945655958833365,0,0.00336140528005886,0,2.46995218703202e-17,0.00417233346728486,0,0.00354603508418799,2.97140263045563e-17,8.42538319331609e-18,0.024220367769793,0.00505931791997709,5.70898575225157e-18,0.000741033785479493,3.97986348422108e-20,0,0,0,0,0,7.27187927936057e-19,0,0,0,3.6060939806599e-20,5.60328679729791e-19,0.378649009394442,0,6.05144822645728e-18,0.023992747676608,0,0.0224207108848289,0.0204885749440726,0.0429092858289014,GSM3998188,GSE135251
0.104969321314076,0,8.35631768388922e-19,1.8954125391315e-18,0.0455621866538636,1.40275835632802e-18,4.13231038030972e-18,0,0.0100049369603246,0.0302140286017955,4.25984300223465e-23,0,0.00521544190417069,0.00135155761947262,0.0116820614338219,8.35050530815358e-18,0,0.00670957074565882,3.9114765086433e-19,0,0.045761016851389,0,0.0186331196140313,0.000445883042547037,0,2.53092842448035e-18,0,0.129642986941284,0,0,0.0053751036343803,0.00384489205959406,0.0184768338821363,0.00292656899125312,0,0.00547570471638205,0.000713495382650318,8.54395003198399e-18,0.0308275914259714,4.93719497058138e-18,0.00636067070033689,1.03395645574493e-17,0.186504520357626,0.0504378061801759,0,2.05879392215778e-18,0,3.00592037466217e-20,0,0.0736964099962499,0.00462773904979851,3.11264417940749e-18,0.085005233351261,0.00271115429035217,4.18474440839294e-18,0,4.71411580584835e-18,0,0,0.0969652857262752,0,0.050312328434742,4.23896689729494e-18,1.29070168574195e-17,0.00680370850662063,0.0228805084256945,0.0296842169323151,GSM3998360,GSE135251
0.121690838716452,0,1.09102657741809e-17,0,0.00426527405168495,1.78823052854983e-18,0,0,7.16841090660851e-21,2.73376451879345e-18,0,0,0,0,0.02835429048091,0,1.26681821777819e-17,0.00640787388085301,0,0.000147848238641839,0.0694720876724767,4.16720629522848e-18,0.00934612041782673,0,0,0.0183895385218848,0,0.207396461625594,0,0,0.00705964616011817,0.0158213737917804,0.021709615948314,0.00603253401395866,0,0.00476487121358648,0.000763862805183191,5.22513237624247e-18,0.0256954930675905,0.00421105699131217,0.0204561649202901,9.37153457608632e-19,0.0308500480822933,0.0540535821508852,1.2348161978476e-19,0,0,0.00335257913730828,7.33315547838525e-18,0.102304738408205,0.0327818097155386,0,0.0629852147760346,0,4.34742054300548e-18,0,2.75422797899479e-17,0,2.63479087684599e-18,0.205643899331856,7.48019846776865e-18,0.0286476259241444,1.85643433622963e-18,0,0.0265186440586804,0.0347360438362383,0.0612546878949187,GSM3998381,GSE135251
0.0464649787869904,1.2144527835621e-19,0,2.93946564590042e-18,4.94081508235106e-18,0.00477444876563313,0,4.81331268115585e-18,4.10160582872965e-19,5.63782027411352e-18,0.00279374912910357,0,0.000522461073969795,0,0.0151737262570715,0,0,0.0202454664879056,1.56750759896786e-18,0,0.0262340705760828,7.62324285618651e-20,0.0140307781676899,0,0,0.0119027970414186,8.32989993949715e-18,0.175989158848271,1.93348605466304e-18,0.000349152993189009,0.00590622577134974,0.00877277765986636,0.00834295458920507,0.00410059609005188,0,0.00378050392102699,0.00197643739141491,1.71014989270547e-19,0.0238710950990323,2.18544878139866e-18,7.59737109458826e-18,0,0.00246008073573334,0.0144864160903556,0.00803205262818868,5.44996199432129e-18,0.000671403523775595,6.29320296216945e-20,0,0,0.0157639252635362,6.45012574920696e-18,1.42797843508569e-17,0,1.84868869360015e-18,1.37805905927333e-18,1.12081671215579e-17,5.2659568021087e-20,6.88778269758637e-19,0.365655368530224,9.41520615391652e-19,0.0112972741180895,0.0236085816483181,3.57492144285766e-18,0.00584851843991091,0.0131170352880414,0.0189655537279523,GSM3998214,GSE135251
0.0921034413101122,3.08157184864995e-20,0,3.09724355690026e-18,1.31805667704435e-17,0.0120335241858551,0,6.17246615673553e-19,1.05295429481437e-18,9.38376105064249e-20,0,0,8.78734496594542e-05,3.20230251309629e-18,0.0538203963823359,0,0,0.0147888854043767,1.34583199069722e-19,0.00412210660349851,0.0151700662426,0,0.0274530335745811,0,0.057499160005831,0.0158014085686529,0,0.206720816807249,0.00910149599806271,0.000914814811647512,0.000180979005536632,0.00576380915245304,0.0111400982733919,9.2429349762463e-05,0,0.00217652209418051,0,0,0.0106734385156822,0.00945043692053194,3.2725037432332e-18,0,0,1.31341966444215e-19,0.00926556737363094,4.33163078624419e-18,0.00130033312290237,0,1.05303482096932e-18,3.76293505119198e-18,1.26484779438798e-20,0,4.62107255176703e-18,0,0,1.39003491350095e-17,7.21735873487451e-18,8.67849228361721e-05,5.81523945645166e-18,0.433602151475253,3.211694089833e-18,0,0.011856988277366,0,0.0065906105039677,0.0363346131242155,0.0429252236281832,GSM3998327,GSE135251
0.122508805156013,0,0,0,7.85546168791507e-20,0.00774137240321535,0,0,9.83782795760405e-19,2.01690514456741e-18,2.2750631990913e-22,0,0.0127275657989345,0,0.0588915047571381,3.06314883396301e-18,0,0.00554371932164363,0,0.00307427729937038,0.030206920373994,0,0.00239402335044316,0,0,0.0307706084721691,1.26715448261155e-19,0.193293009155324,0,0,3.40141441083655e-20,0.0106924941740723,0.00708352446148388,0.00973397019671885,0.00168253085471458,0.00471000880150475,0,1.91782601030288e-18,0.0151062844823648,0,0.00907196959422425,4.45153690502085e-18,7.83898401226338e-18,0.0200487808568495,0.00439779215929487,1.43616087554689e-19,0.000259304073218093,0.00115054411485446,1.46044385738667e-18,2.60252634149874e-18,0.0172772305679666,0,0.00645903586772442,0.000505205106698241,5.8700398639945e-19,0,0,8.28825684288777e-20,1.3252713824759e-18,0.356060178498559,0.00125893660997606,6.905211630551e-19,0.0214047083420174,0,0.017114544024824,0.015103460186997,0.0322180042118209,GSM3998282,GSE135251
0.11125917659949,4.78606212879039e-20,1.30095955432581e-18,0,0.0268892670465106,1.47000878726843e-19,1.32194801888397e-18,2.98704144799932e-18,0,0,0,2.77838618301221e-18,0,1.41762587933763e-18,0.0338802964558984,4.68420685329228e-18,0,0.0017846997518882,1.33372596004711e-18,0.00104692285228704,0.0328926954924824,0,0.000470586463151446,0,3.35881534204292e-18,0.0231021778591228,0,0.145926452337675,0,0,2.58459689458598e-19,0.0276370625710764,0.0265221343846344,0.00935343641150549,0.00174378190889816,0.00300975820638958,5.27891472369809e-19,6.81592746651662e-18,0.0144224655895399,0,0.0128456762666858,0,0,0.0211876670016208,0.00469174749874507,3.90994444776702e-19,4.90910033662542e-05,0.00403726604546707,0,0.0143588524426348,0.0159186464257156,1.8902991250838e-18,0.0227384795751445,0.000701898696070954,0,0,0,1.54164961502342e-19,0,0.270133168577369,3.26515795016616e-20,0.00792529919755581,0.0051545997390638,8.99358677036483e-20,0.0315404730962763,0.0164463477462412,0.0479868208425175,GSM3998236,GSE135251
0.0773608071262631,4.05379915442407e-19,0,3.19346442427596e-19,0.0334653079573942,0,0,7.4075289543336e-18,0,0,2.17515118840991e-19,4.55372573674488e-18,0,0,0.0453210968214311,3.52360637011716e-18,1.06350415651303e-18,0.00307262000549885,1.10017473673619e-18,0.00142876305976954,0.0316303960308437,7.88781678870015e-19,0.00128600624164543,4.68134239493789e-22,0,0.0206076015618251,0.000722980501918266,0.171844943766857,0.00144957559725992,1.41982899639173e-20,0.000944738949143446,0.0215861100438579,0.0173240119682035,0.0136698286890589,0.00351549276647324,0.00373956360998603,0.000957161275090134,3.7613956623446e-19,0.0167464409757755,0,0.00841853160258183,1.04855103541332e-17,0.00224789294496872,0.023591642900572,0,0,6.56739549839238e-06,0.00492918535235584,0,0.0024975664892183,0.0188301837257553,0,0.0320753072165106,2.97144767779611e-19,0,9.92830210502833e-20,0,0,3.34326309563139e-19,0.238694123047004,0,0.00722834291061944,0.00543015877289334,1.15270126015304e-18,0.0265853885500256,0.0158151980154219,0.0424005865654475,GSM3998252,GSE135251
1.40220677106426e-20,0,0,8.40599546270373e-19,0.0436590112906023,3.5275537766263e-19,0,2.49391064354142e-19,0.0261561138087891,0,0,1.17208957884221e-17,1.97107706623501e-18,0,1.65697010394903e-19,1.36887870120163e-17,0.00395320218425031,3.16770171857504e-20,0,0,0.0124174720961838,0.00263876985506046,0.0217301147628221,0,2.42109380859979e-19,3.84111524105595e-18,1.32262937678515e-20,0.0215285577771534,0,4.58439746147324e-20,0.0013454919062593,0,3.69799697890753e-05,0.00524296521501338,0.00165940309679616,6.91867180435388e-05,0.0011358355728991,0,0.0085528398645421,2.70051966750242e-18,4.38631469850545e-20,0,0.138534519384133,0.0124526646962926,0,0,3.65168069740424e-05,0,1.25511444328712e-17,0.0554990723413632,0,1.36965980201013e-19,0.105615965644316,0.00294345082228333,1.89848761343575e-18,0,1.71510565392924e-18,0,0,0.0764244138258342,0,0.0279653288672089,0,1.57285645027363e-18,0.0028654486345711,0.00620873604809189,0.00907418468266298,GSM3998369,GSE135251
0.0890454874847264,9.53557126025716e-20,0,6.32182457354678e-18,0,0.00281975493054654,3.92036401171017e-20,1.07171047326485e-17,1.00869741915329e-18,2.52703612406016e-18,2.6248146674286e-19,0,4.41230177542748e-22,0,0.0417106080389249,0,0,0.00601347205978238,0,4.19000910970932e-16,0.0436657264112249,1.31851571746403e-18,0.0097187836384801,0,8.89525928048765e-18,0.0279392930212459,0,0.200052743856372,6.02922351612148e-05,0.000288508055274691,0.00504711166154961,0.0143854370736629,0.0175466298752063,0.00540173302327213,2.66382256926686e-18,0.0019184835498473,9.5190220768062e-19,0,0.00571922560429011,0,0.0041926201147441,1.98359885674993e-17,2.11455295468962e-17,0.0206569486301008,0.00998571399470704,0,0.00102803577744159,0,1.57237367616606e-18,3.65924573296026e-19,4.43350458947545e-18,2.46592441991991e-17,0.0204574728173519,0,0,0,0,0,1.49802049715163e-18,0.333013418555248,1.02311953153225e-18,0,0.00965868884382623,8.20084630469547e-19,0.0123853714589383,0.0218328632056125,0.0342182346645508,GSM3998226,GSE135251
0.0936691978746743,0,5.21118242472792e-18,4.96510803715347e-19,6.50293100598459e-20,0.0054830561168747,9.57497725700937e-19,3.13888307396308e-18,0,8.827270615286e-19,0,0,0.0123097590326408,8.91352594467965e-18,0.0384392835055473,4.19280071196713e-18,0,0.00605675731549276,0,0.000594963809336081,0.0312622674117825,0,1.60408529772027e-19,0,2.54040664585671e-17,0.0312874713871362,1.48154695826463e-20,0.19051765162282,5.51916729202276e-18,0,0.000879592945707048,0.0234945511744022,0.0171346308419379,0.00876736805703729,0,0.00375896953924256,5.92680788757321e-18,5.46317706652545e-18,0.0128637813604884,0,0.0113264281433965,0,1.7027519704197e-17,0.0186394381979518,0.000163203973698969,0,0.000178466587486089,0.00181458857676052,4.18665228216151e-19,1.52360494835714e-18,0.021155126920704,4.33398707763376e-18,0.0125981273563212,0,3.65079795621031e-19,3.39760764941729e-19,5.76529474093051e-18,0,1.2775631051596e-17,0.272111578741693,0.00185875430705405,0.00107760608861451,0.0165714237376623,1.16274215526461e-19,0.0248203544692635,0.0156311337058913,0.0404514881751548,GSM3998295,GSE135251
0.0479905046222978,4.75980798794148e-19,0,3.73476372544758e-18,0.0529164692353206,0,0,0,0.0102586137376178,0,0,4.5119810631554e-18,9.96776848523821e-20,0,0.033207897785182,0,0.00222533003457885,0.000183475191188968,1.20063141903387e-18,0,0.0282769837366989,1.29494833132424e-18,0.00168637549223981,4.68878627678777e-22,2.16263381960069e-17,0.00967259274468169,0.000334271861105428,0.13884451063339,0.00186874435389745,0,0.000851285333177914,0.0152569175713038,0.0152884667129468,0.00858229168055382,0.00419353724514805,0.0015636573144703,0.00108073173032474,0,0.0108487422802919,0,0.0089800947454105,0,0.0206292134037354,0.0245533664441221,0,2.42391316545939e-18,0,0.00186462194670562,0,0.0121022805956296,0.0165101105851603,0,0.0300837991995102,0.0012072349846669,0,0.000767661844542109,0,1.45346260961926e-20,1.493567644384e-19,0.182310717158966,2.06258893723517e-19,0.0170869493710453,0,0,0.020196781005712,0.0141384918683495,0.0343352728740615,GSM3998246,GSE135251
0.0793336289742154,2.87366572272146e-20,0,3.84914548099839e-18,0.0399505219169758,0,0,3.74289640388269e-18,0.00257352787266004,7.86359587587948e-19,1.81683583266165e-20,1.32804739751262e-18,0,0,0.0286134397866638,0,1.65013985797952e-17,0.00592255302106527,0,0,0.0546932260841292,0.000681472394497269,0.0100023180974233,0,3.08106727154105e-19,0.00630274757924627,0.000464611244486926,0.185625470994561,0.00318448474750714,1.29403958745836e-19,0.00504791879825427,0.0219469155431299,0.0247802072569975,0.0102490597218835,0,0.00537584036237631,0.00067801775743107,0,0.0384698258274194,0,0.010242912439163,0,0.0599404452131348,0.0498291820933203,0.0102996190976721,0,1.15262346032266e-21,0.00242917510742573,2.5798971252305e-18,0.0525031302306889,0.0247402628014599,0,0.10365316396944,0,0,0,0,2.6725064239071e-20,0,0.178517930892993,1.44599520324053e-18,0.0306438836843834,1.81430965148653e-19,2.78347809582926e-19,0.0235336503228106,0.0273466130420646,0.0508802633648752,GSM3998343,GSE135251
0.127499739165539,0,8.85768205776102e-18,6.48534076486127e-19,3.8735622922527e-18,0.0109257662192142,3.24167092414117e-19,2.73141778320353e-18,0.00375173573148496,0,0.00031974347126307,1.13143632859396e-19,0.0076790026360202,4.57342286687339e-19,0.0395499359029836,5.86310964387909e-19,0,0.0135115282683058,0,0.00401767514492424,0.0121858720195089,0,0.00747906172988077,0,9.2680402132952e-18,0.0346510385351193,9.37015723933311e-19,0.132685783579853,1.08895340677444e-18,0.000140206771312002,0.000386049447038891,0.00920685801415819,0.0145500026107809,0.00463538412254262,0,0.0012628630020624,1.8207033860964e-18,1.00727242108688e-17,0.0281755878737251,0,0.00086587423241516,0,1.36234641180473e-17,0.00587333380044515,0.00314538547540668,3.87485649692482e-19,0.000406708879974362,0,3.32279088196418e-19,0,0.0100279416832399,5.22471038698508e-18,2.02141644139963e-19,0.00541520677342706,8.0025377392801e-19,1.34192892766994e-17,1.01748069841623e-17,1.47879865181128e-19,0,0.346238150213838,0.00016342924493675,0.00280369735430684,0.0191191533764733,0.000735562388818101,0.00939360492766506,0.00609293600975444,0.0154865409374195,GSM3998199,GSE135251
0.102731297703939,2.15713436950579e-18,9.95233245992718e-18,0,0,0.00614775823582727,6.72213181901618e-18,0,0,7.61737728347102e-18,2.03247618749118e-19,5.62808613688228e-18,0.0115477374743825,1.06430520519129e-18,0.0434909128821433,1.53348532138804e-17,0,0.00369045769380709,2.43249726196225e-18,0.000493951699150648,0.04149545150205,1.37937501526253e-18,0,0,0,0.033146260561703,0,0.250253569454564,9.61715756379123e-18,0,0.00222965543485625,0.028073338841497,0.0228651039406278,0.0118460569136089,1.42195048426364e-19,0.00477652051208549,0,0,0.00677128666790707,0,0.012019951811644,2.06125187238677e-17,5.85482387639078e-18,0.0222541154785936,0.00912937904037997,4.81085165182857e-18,0.00050385767704512,1.73795627615785e-22,0,0,0,0,2.40864845194418e-18,2.0639334760981e-18,1.34984001032216e-18,0.000632971941489234,0,0,2.6416652469033e-18,0.322481060268128,0,0,0.0203753678549742,4.09303166125346e-20,0.0270581615681944,0.020747725751025,0.0478058873192194,GSM3998172,GSE135251
0.0413599262951459,9.05658421305526e-20,0,6.52087525475437e-18,0,0.0139016762293719,0,3.59676655855179e-18,3.97694626602585e-19,8.73470341653656e-18,0.00205760354663368,1.03843610311097e-20,0.0107226050729857,4.59413854650091e-18,0.0346122787819258,0,1.44754973049504e-18,0.0325272679644213,0,1.94270750223432e-20,0.0143795246314554,0,0,7.63340172904233e-21,1.60135696916904e-17,0.014046415721363,4.99156597345365e-18,0.171895442521438,0.0118686405701958,0,0,0.0156821452187882,0.0128412081962575,0.00646992029022123,0,0.00331071684632543,0,4.88752165182836e-18,0.0342007099118872,0,1.60836183936873e-19,5.0801564878359e-18,2.53538362674319e-17,0.0102484056247927,0.00606099007321615,1.83209908960156e-19,0.000416439237213915,5.5887021076696e-19,2.30471863274364e-18,1.07062045097102e-17,0.0246680527140635,1.22175721359515e-19,0,0.00731570266679717,2.27950727318708e-19,6.87046132029891e-18,0,4.81174689080828e-20,2.35207188691336e-18,0.396410745015508,3.10784081237481e-19,0.00545748896919167,0.0281761355091996,0,0.0104547634791922,0.00718976231572771,0.0176445257949199,GSM3998323,GSE135251
0.0853293835625496,0,6.76934491814022e-18,8.35922969388869e-19,0.00397094731217728,0.00572001198247252,1.19468644420862e-19,0,0.00120688104405815,2.06957237172786e-18,0.000575406879380097,0.00363311019517596,0.00479382626059411,0,0.0366511196619819,1.29153741466587e-18,0,0.0188020622742354,0,0.00138876248754541,0.00891003807105969,0,2.09115805382126e-21,0,0,0.0276990965574994,3.50018053427233e-18,0.175023265302239,0,1.00897583620911e-19,0.00072703039964372,0.0152806251193417,0.0122630598598526,0.0108703586109276,0.00154622865504384,0.00172126756420277,2.60102151485411e-18,0,0.0051714311402645,7.71525969029966e-19,2.85158457076283e-19,0,2.32081655022239e-17,0.00296856562424069,0.00286199274100342,5.12068544005359e-20,0.000142960089963132,0.00313652429172636,0,0.00226283594234152,0.00660414735925387,0,0,0.000737382025501949,0,7.1566722014854e-18,0,4.37585276316886e-21,0,0.314361683369866,1.15435059390264e-21,4.62130472127159e-19,0.0207298711484012,0,0.0166568338325555,0.00445501903552985,0.0211118528680854,GSM3998376,GSE135251
0.0541512225731377,0,1.2579626467364e-17,2.09279804295614e-19,0,0.00673244353959968,3.42597700355117e-18,3.72425486627511e-18,4.38320106190647e-18,0,0.000238811508214357,0,0.00160072810645261,0,0.0305679143794099,0,7.78949078660296e-19,0.00998685238446649,2.14669069077703e-19,9.77306135416327e-19,0.0236254267865135,2.93128135557729e-20,0.00246137329425563,6.83809361015542e-05,0,0.0410318480767782,2.67520147491536e-19,0.232744536637603,0,0,2.44056871668181e-20,0.0191476870097152,0.0183338653887722,0.0028882905926477,2.20675689380799e-18,0.00482978904007391,0,0,0.0139947764794288,4.57302419942071e-19,0,1.98190198254775e-17,0,0.0142414449611721,0.00738436517256833,0,0.000367883732075318,1.18521205128281e-19,1.16476875396806e-17,0,7.35402408849272e-20,4.89547126969473e-18,2.48077960766197e-19,0,1.1095400001165e-18,4.76554234964799e-18,1.23637840389208e-17,0,1.79373640994582e-19,0.297830982834385,0,0.00106224988263551,0.0146015767421719,0,0.0127651246731435,0.0118127133932568,0.0245778380664002,GSM3998299,GSE135251
0.054994927622954,6.08350652626912e-19,6.01903089379284e-18,0,0,0.0111167745113558,4.83188599309587e-18,0,2.39280999154239e-20,0,0,0,0.00699418382753279,0,0.0540924666725578,1.59067359138609e-18,0,0.0141338944182721,1.73439886656763e-18,0,0.0317431975855734,0,1.24745044189939e-19,2.5956691936644e-20,6.68266261984674e-18,0.0377791673300386,5.36958793719756e-19,0.231294540726632,0.0066436140212275,0,0.000699076295216498,0.0222800009335315,0.0171605436029699,0.00894649418444354,0,0.0042166114576942,4.63659246652774e-19,3.56860959395356e-17,0.00770572142484258,0,0.00672821313688689,2.55241681204725e-17,1.59734249549006e-17,0.0170655763827906,0.00375670883028998,0,0.000326418663623488,0,0,0,1.01152445661075e-18,2.63399155010832e-18,0,0,0,2.16042354422405e-18,1.56559586472323e-17,0,1.17241586805733e-17,0.334663209079497,6.97203009220054e-19,0,0.0246096215634238,0,0.0193388093802789,0.0158715987927867,0.0352104081730656,GSM3998190,GSE135251
0.0375286671201955,7.05813559188238e-19,1.74289923245121e-17,9.22588108887593e-18,0,0.0229670882203342,8.67254813178174e-18,7.53801181342788e-18,6.94323515514394e-19,0,0.0052173205898672,2.15167997314569e-18,0.00619521464104085,0,0.0270305373425009,4.60332119558085e-18,2.36487482731709e-19,0.0330642017699185,1.18856369506674e-18,4.48984954750834e-19,0.0178010758983228,5.89016962409196e-19,0,0,0,0.00471183600405765,1.53038275755217e-18,0.299895049630504,4.94976092221289e-20,1.4259205485094e-21,0.00349382748542546,0,4.77424668396844e-20,0,6.51545380023265e-18,0.00346137675796894,1.09019162100173e-17,1.83793056676465e-17,0.015295118736546,0,0,0,0,0.00662496175002628,0,0,0.000664447705362654,0,0,1.33715245688961e-18,0,0,3.46631939529394e-19,0,0,0,0,0,1.93794146266199e-18,0.34206035876469,2.85353159852882e-18,5.11415037617757e-19,0.026595950474896,0.0116141327437895,1.76460190618948e-17,0.00890053794916141,0.00890053794916143,GSM3998222,GSE135251
0.0788780945143408,0,2.43338869177554e-17,0,0.0146676646239974,0.0162072299930694,3.47651744293212e-18,0,7.73230595850027e-19,4.22560635183345e-19,0.00245404751263745,0.00138390481760363,0.00905031123993775,0,0.0468760492980656,3.16758208327029e-19,1.60788597144889e-18,0.0235789948233052,8.09336615682041e-19,0.004993175723726,0.00491586368688287,0,1.92018619103612e-21,0,1.17632508913382e-18,0.00472489305116093,1.97811412552421e-18,0.10769330509615,0,0,0.000340363475205387,0.0118992679882172,0.00808406826624577,0.0136512884939276,0.000379760385648525,0.00138697252111071,4.0736933647901e-18,0,0.0158682242956162,4.41910903531349e-18,0.000357447866407901,0,1.2276277744889e-17,0.00249079404221835,0.001836493434685,3.99029092444875e-20,0.000374933530872082,0.000134559137871229,4.08747731127649e-18,0,0,0,0,0.000332071324022006,0,5.90814458443793e-18,0,0,0,0.381332505959622,0,4.7810519514515e-18,0.0633360995853276,0.000224389449003592,0.012765410612983,0.00245793184344143,0.0152233424564244,GSM3998169,GSE135251
0.0362450665881489,0,0,2.48827952463372e-19,1.7001936205598e-18,0.00053155442879235,2.78659185912509e-18,1.35712772489937e-18,0.00700479662035039,1.91025695376144e-19,0,0,0,1.95525421884864e-18,0.0110260102174501,0,0,0.00936222787117777,0,0,0.0168070242782488,2.81673308026505e-19,0.00598481556131843,4.218528284097e-20,0,0.00574545157296499,0,0.236950647326685,7.05500948095129e-19,1.94757418959159e-20,0,0.00129407483655457,0.00461890311347196,0,5.16203958008314e-21,0.00308339406156643,2.80599677857772e-21,0,0.0181727152827241,0,0,0,0,0.00868012572032161,0.00167724054914814,7.95356927887454e-18,0.000428038059359661,0,3.9662476385665e-18,0.0239648265315086,0.010117480304106,0,1.11510266622098e-17,1.17391148819921e-19,0,5.42551237476276e-18,0,1.9078626031466e-20,4.80804009696765e-18,0.319879594205154,4.56098978982748e-18,0.0216990255423495,1.11094559649991e-20,3.49347794166288e-19,0.000862716557703047,0.00840351213912442,0.00926622869682746,GSM3998341,GSE135251
0.0411728659848086,0,0,1.18942736977613e-18,0.0444508262038623,2.69468216802479e-21,7.4243955576986e-19,0,0.00162887518551036,9.74340000129449e-18,3.55901516933137e-20,0,3.68248798432032e-19,0,0.0336691639396007,0,2.21169084736422e-19,0.00271203021859578,4.44205367851278e-19,0.000380396067634309,0.0298776475573406,0,0.001070759267476,1.49575047799688e-22,0,0.00991224740878885,5.39253939795849e-23,0.105071089577564,0.00130915836688542,1.64914008519858e-19,0.00144814648568543,0.00955311618717667,0.00925050934828076,0.00824001302575476,0.00411380679443993,0.00339443744823295,0.00106677994586842,1.44475930725375e-19,0.0124716659015116,4.23070342102342e-18,0,0,0.00581579534216171,0.0196010151411586,0.0107772184632363,0,0,0.00282876014728492,0,0.00212833371614034,0.0138698149148457,0,0.031165953368751,0.00254132023815414,0,7.0122921076258e-18,0,1.16622112409213e-20,8.40537992067353e-19,0.232883480488407,5.36232659572954e-19,0.0149736023822232,0.00425594306605722,0,0.0112507194643572,0.0149388237786703,0.0261895432430275,GSM3998245,GSE135251
0.0960649753910311,0,0,0,0.00394411373030984,5.10174355277357e-19,1.80486346638838e-18,8.75389900959097e-18,0,1.68913107508761e-19,0,0,3.62974153512936e-19,0,0.0427405432080236,9.04521498991745e-19,0,0,0,5.84388576086654e-21,0.0523694237739244,0.00219112538288177,0.00617877420125778,0,3.43428332623278e-18,0.0240219975368885,1.2531651373546e-19,0.160312521531974,0.00369150418358499,1.17737958535124e-21,0.00197367300324663,0.0314043259961102,0.0269886290678232,0.00951882057379254,0,0.00472999702323605,0.000501298484437174,0,0.0182465851853208,0,0.0308224084747123,0,0.0107704029076536,0.048756467582215,2.44846095944627e-19,1.75977821024503e-18,0,0.00223141434401809,4.02181535937249e-18,0.0225938732994618,0.00746801325777619,0,0.061336765183341,0,2.33629583812762e-19,0,3.25544902534266e-18,5.98389813911213e-20,0,0.233318359544604,1.49623791313269e-19,0.0202343879964065,0,0,0.0444328494651483,0.0261847118869622,0.0706175613521105,GSM3998293,GSE135251
0.0819717731800574,1.16565343636466e-18,1.54170090491544e-18,0,0.00214562361268867,0.00181485963588585,0,0,6.92888305637727e-20,3.45629959401657e-18,0,8.96931386432364e-19,0.00718518504145736,1.9792353995253e-19,0.0437726936740023,0,4.7788636412322e-19,0.00597614844345654,0,0.00340695915960424,0.0342738875166963,0.00031395470905672,0.00200481187850927,9.37646140900806e-22,6.69337024955988e-18,0.0259343671583397,0,0.18253902169943,0.00129299836204224,5.58945361776411e-05,0.000309085036683423,0.0134185783009205,0.0112873126868934,0.0091118703374995,0.0023174978103179,0.0046990864041992,4.7380739878303e-18,2.3149793678818e-18,0.00982754139817416,0,0.00802918458694716,4.87783921832923e-18,4.16426566308508e-18,0.0166150509572655,0.0132375525058624,8.38629969814252e-19,0.000168670558152207,0.00428865457175745,9.59899611315373e-18,6.82565777185817e-20,0.014439521953897,5.93785630522222e-19,0.00291531678320374,0,0,0,7.6246741804635e-18,8.63884743154664e-20,0,0.263760801364223,2.16078075315151e-20,0.00599106185545781,0.0134516587273924,0,0.021183219425736,0.0171369437583481,0.0383201631840841,GSM3998241,GSE135251
0.0200427200001594,3.32112953191436e-19,3.51078117182573e-18,0,0,0.0111403738724583,0,8.1809217555009e-18,0,0,0.00093028580424639,0,0.0102450346596737,0,0.0234945972825313,1.66571258613468e-18,0,0.0132824700952415,1.16910890445098e-18,1.69853349708003e-19,0.0223081531547563,0,0,1.6076677406497e-20,2.69676569184207e-17,0.0208124708571126,0,0.220696790583841,0.00584512764040228,1.96999533021842e-05,0.000677998428416335,0.00740873847347684,0.00965664227459066,2.6489730653846e-20,0,0.00384506426909841,0,6.72158919950071e-19,0.0149883992944977,4.73542579390094e-18,0,0,1.18099098880243e-17,0.00934319108098026,0.00298224346271747,0,0.000222222772496781,0.00314837531633472,0,2.24952432190487e-19,0,4.0733349486825e-18,1.31931417105216e-19,1.71274711005203e-20,0,2.46335044388862e-18,1.66008824096075e-17,0,4.38787288956169e-18,0.334736631826763,0.00208003282892371,0.00251505066976285,0.0200976729075746,0,0.00703807585987438,0.0111540765773781,0.0181921524372525,GSM3998306,GSE135251
0.114136809347024,3.79910446439863e-18,0,0,7.63295938744126e-18,0.0321091909555814,9.78576831829707e-19,0,0,0.00667890146154264,0.000462799229272256,0,0.029450515320269,0,0.0662235042503394,0,0,0.0300908557448623,2.72197189293041e-20,0.00180446584773554,0.082895887955717,1.08639740983573e-18,1.71327461221417e-19,0,0,0.0258522988133814,0,0.311750010357241,0,0,0.0180139902095746,0.0175419351288379,0.0149240934133261,0.00595838171882603,4.15603061239829e-18,0.00916177129192738,2.18350167632242e-18,0,0.0168732694406222,0,0.0192757678091221,0,5.006883060683e-18,0.0496434757804656,0,0,0.000807153458843964,0.00359560887016372,0,0.0271268494586618,0,1.83340626666754e-17,8.45517558701497e-18,1.03385708609195e-19,0,0,0,3.28325365714586e-19,1.97982649678588e-18,0.318727431730877,0.0088729703467407,1.50911043569866e-20,0.0109975520807662,0.00784444473096744,0.0281451851039062,0.0414479439778585,0.0695931290817647,GSM3998223,GSE135251
0.0221667771393872,1.22908167371179e-18,0,0,0.0279476815263868,0,0,2.29696886575538e-18,0.0219107484684151,9.96596158702194e-21,0.0012260060591958,1.69093213198244e-18,4.143966505159e-18,0,0.00166093344890062,7.60026561803215e-18,0.0125937632336674,1.93086652245001e-21,0,0,0.0142879250005377,9.71040472988874e-21,0.0177659534701347,3.47251051133565e-19,0,6.57113102393705e-18,0,0.0321139113307795,9.02970627855141e-20,2.56920596295234e-19,0,0.00126867249045988,0.00385018280615026,0.0012037859669302,1.36758096183213e-19,0.000291902859051907,0.000722344234655751,0,0.0229701020167783,0,4.7502072385304e-18,1.27822334117911e-18,0.134653938830661,0.0120924458270139,0.000208251967411903,7.25101181639954e-19,0,0,3.43965709522464e-18,0.0499464190901423,0.00710211010453481,0,0.0355539710577802,0.00643158303950696,2.71030870410197e-19,0,4.26866440093551e-18,0.000112865133013978,0,0.139380126213192,2.44932658936652e-17,0.0592218658248509,0,1.6988844744092e-18,0.000845781660306592,0.00714396250026884,0.00798974416057544,GSM3998366,GSE135251
0.0822176877075275,0,0,2.28997728723721e-19,0.00782956822377648,0.00819550193005884,0,0,0,0,0.00171647280398059,7.49758293586509e-19,0.00224688099333427,0,0.0461108054123633,0,0,0.0182486772103652,0,0.000511862347751671,0.0284410513538438,0,0,0,0,0.0371467656729289,0,0.187184498499605,0.00538166164551194,4.71880785956318e-20,0.00169750865828739,0.0252566009878633,0.0188083449869507,0.0126984000260477,0.00139850661687508,0.00282799815851793,0,0,0.00914417490132935,1.4377013065812e-18,0.0107840224914083,2.01974767754942e-17,0,0.0228646397450852,0.0015246119882081,8.52170226945226e-20,0.000404935826548547,0.00329880009446412,0,0,0.00648180735116988,0,1.78015513169937e-17,0,2.4928156555342e-18,0,1.14666510202525e-17,1.03462255850076e-19,0,0.298086724313666,0,0.00412184962075867,0.0200099644432672,2.07773240756652e-20,0.0274998616922416,0.0142205256769219,0.0417203873691635,GSM3998377,GSE135251
0.175605422797719,1.69828526902843e-19,5.02849807124516e-18,0.00684876451543482,0.0296570638268855,3.17117964646991e-19,0.00179660675710065,0,0.0821175244148215,0.0130482558787713,0.00510843273898422,0.0287885167430592,6.64193638580444e-19,0.0192113585292042,0.0286612850170442,0,0.0260722375297673,0,0,0.01022757517097,0.0186255144402646,0.00651028770370139,0.0251755222653925,0,2.2277446901014e-18,0,0,0,0.00325269700314361,0,0.0163738150629447,0,0.00328678671571111,5.5290667179662e-20,4.45146124252936e-19,0,0.00356376915790588,5.01158314030396e-18,6.51523384087948e-19,0.0115507831395505,1.18203404670882e-18,0,0.180128985236746,0.0303450160744757,0,0,1.80383129179708e-05,0,1.37464082686676e-17,0.0226499216308728,0,8.58652175481895e-20,0.049458289321467,0.00395416323945591,1.85953489908501e-19,0,0.0138548776357059,0.000243614098309002,0,0,3.6254103184432e-19,0.054815843006666,0,1.28038646010013e-17,0.0349167627554436,0.00931275722013232,0.0442295199755759,GSM3998280,GSE135251
0.0661610271817172,0,3.79046114312578e-18,0,0.0187893848828749,3.97802837130235e-05,2.02497880719679e-18,2.11907473765071e-19,0,1.33211260365439e-17,0,2.06486633737343e-18,0,0,0.0347293410586944,4.96724199707195e-18,1.45772392601425e-19,0.00899172799109589,7.04240614396727e-19,0.00066579005026509,0.0347025787394684,0,0.00546730027186732,0,9.7710894209023e-19,0.0189740681035556,0,0.11751435898957,0.0105179190334562,1.7059546473679e-19,0.00279163665305464,0.0160741519052886,0.0151517889280382,0.00860263928968518,0.000641593594526341,0.00365947123886896,1.64441712549782e-18,2.92721806202263e-18,0.0173812259191123,0,0.00974968458442127,0,2.00531678676646e-17,0.0236603303846218,0.00258651037951785,0,2.29474184032943e-05,0.00381299816670212,7.62715395204388e-18,0.0572001694093076,0.0162113328248671,1.21443665354273e-19,0.0150105077233666,0.00146475467037614,1.20200150255128e-18,0,0,0,0,0.258648451044929,2.44799515828074e-18,0.0044144709556633,0.0163889412522049,0,0.0206294788674689,0.0173512893697342,0.0379807682372031,GSM3998237,GSE135251
0.0441909726821245,0,0,1.22518611795168e-18,0.0503814297443036,4.3617805970572e-19,2.56976337610841e-18,2.70882800832704e-18,0,0,0.00401491133157331,6.14854700305198e-18,0,0,0.011026906576462,0,0.00353063081455153,0.0122162229230283,0,4.60108620956685e-19,0.0241762950575818,0,0.0141137891166824,5.22570580654983e-20,0,2.04703796466102e-19,4.06006925020755e-19,0.0997702052042177,0,0,0.00140171482217476,0.000413226447297326,0.00580928876564998,1.35296596430479e-20,0,0.00198900295781082,0.000878664264023613,0,0.0378164814813979,4.47604142200176e-18,3.84424714560473e-18,6.3956028710907e-18,0.106831625407912,0.0278070696669814,0.00435023360189981,0,0,0,5.75497396766125e-18,0.0416785862755904,0.0435714171237227,0,0.00768486065426765,0.0192994975957961,0,0,3.51602356757095e-19,6.4622655408197e-21,3.4039340333379e-19,0.248141604058862,4.04907065173831e-18,0.0665751367844303,0,2.38096916989373e-18,0.000275484298198231,0.0120881475287909,0.0123636318269891,GSM3998284,GSE135251
0.0797423513911101,1.65511295718663e-18,1.4399823692209e-17,2.04722361042918e-18,8.0100431693307e-21,0.00573058856821792,1.85556523810324e-18,1.67936378419311e-18,2.46673952276965e-18,0,0,0,0.00194162594679556,1.69523341249168e-18,0.0596035487504659,2.13640701295036e-19,4.58597808360406e-18,0.0105561559642683,2.25576869752936e-18,0.00222587417727979,0.0338189068258398,0,0,0,0,0.0370900662530301,1.64265463775419e-19,0.227124492300087,0.0262240840761623,0,0.00109882514496253,0.019486298956252,0.0183009332332372,0.00407674296763692,0.000363122450047078,0.00257621113297437,0,2.47597509881905e-18,0.00643396590755957,2.88419109302619e-18,0.0100870315470234,0,1.11543976528674e-17,0.0259545364287656,0.0073531301855823,0,0.000498291144795462,0.00423660471181446,0,0,0,0,0,0.00280241492118192,0,1.76093900297861e-18,5.34940250603571e-18,0,5.31108693142034e-18,0.331273277100802,8.60754962766016e-19,4.21445747459936e-19,0.0164269258594781,0,0.0242659545616112,0.0169094534129199,0.0411754079745311,GSM3998177,GSE135251
0.0624046154346836,0.00139155674574076,0,0,7.65730265809165e-18,0,0,0,0.00955307617179083,8.79194207455115e-19,0,0,3.37401858075309e-18,1.61628414993212e-19,0.0264418762335941,0.00217074186187878,2.70487523589353e-18,0.000830770956772198,1.03492785052571e-19,0.00122994519356337,0.0521588689912586,1.87047553311016e-18,0.00957523089130755,0,0.0609959044377565,0.00560808968266998,3.1858240767215e-19,0.1395493217491,0.0134584041455984,1.13156130754638e-20,0.0102706318706129,3.08952616522165e-20,0.00190423152633278,0,5.51056355533733e-20,0.0021057607950918,0.000763392378672656,0,0.0137396559235474,0.0141766233977601,0,0,0.0724240078814129,0.0293249586482069,0.000125915320610539,1.93475077344313e-18,0.0004294657925536,2.65172735871118e-19,0,0.0463971029039402,0.0109367567309073,0,0.040521976814817,0.000741437475779978,4.8490850206771e-18,0,0,0,1.3017259705175e-18,0.220431372466498,7.33922612913758e-18,0.0100502223031548,0,5.98256808093526e-19,0.000819963462375578,0.0572731650873779,0.0580931285497535,GSM3998242,GSE135251
0.0399820453941565,7.13801969300128e-19,0,0,0.0106391163307832,0.00598058667363951,0,0,0.00797884578083841,0,0.00341172590074307,7.92625308667618e-19,0.00627234738066151,1.177730508954e-18,0.0217367715472313,1.91159230465931e-18,2.77974307169142e-19,0.0108326467218165,5.77302546943187e-19,2.23188545334217e-20,0.0124238296054698,0,0.00539422862515989,0,1.61074324113554e-17,0.00881129744900533,2.00257941943141e-19,0.119891481979487,0.00257869879276775,0,0,0.00896479737896368,0.0115207135041635,0.00150787634373111,0.00172827978914271,0.00122940033069265,1.45148299375964e-05,0,0.0215824108735667,1.88949605592193e-18,0.00206214115841659,4.85277996117805e-18,0,0.0128452322511272,0.00589321833579558,1.70345510290431e-19,0,0.000423264626436548,0,0.0284763755164113,0.00589737011724475,2.3386739035847e-18,0.00386067214795912,0.00759363119333993,0,1.05292607165221e-18,1.12156232134761e-18,2.93297969315516e-20,0,0.30049190341634,8.39871004271543e-19,0.0207416901900972,0.017189900316376,0.00191495955619123,0.00878565530197301,0.00621191480273492,0.0149975701047079,GSM3998307,GSE135251
0.164579188391979,0,0,1.81229501036965e-18,5.12726191252451e-18,0.0106052141826237,0,2.35126010832388e-18,4.76681062731864e-21,0,0,0.00316515370873637,0.0108469050121888,1.01822976537104e-18,0.0229435954563238,7.11807256441169e-18,0.000210858658711181,0.0130030809524808,0,0.00406563289651039,0.0376270662270414,1.09782311672914e-18,0.00525230806881145,0,0.0208439654936286,0.00885178381319004,0,0.1677783534607,0,0,0.00191802026528466,0.00928959998947727,0.0137500841554807,0.00292726169473398,8.83408228968575e-20,0.00560424336368544,0.000437471643788146,0,6.97308716500691e-19,0.0120738376558961,0,0,1.20661354506272e-18,0.0109742906457264,0.00233154809833438,8.90715875694345e-23,0.0007139396365635,4.3473353412337e-20,0,0.00482000729879849,0.00397661803607149,2.59147006993038e-18,0,0,1.35809234803517e-19,1.94099621474677e-18,0,2.73497628140437e-20,3.48219539947488e-20,0.295159842631657,5.02546083107009e-19,1.68664382862751e-18,0.014384793337699,0.0101818206968917,0.0110135910631494,0.029235515860335,0.0402491069234844,GSM3998258,GSE135251
0.202700582069328,0.00048668824007365,1.02463455731163e-18,2.98648656361776e-18,0.0437379257887492,0,0,1.09058176827565e-18,0.0247285866925395,0,1.49843505132108e-20,2.35723231789053e-19,2.41845752772138e-19,0,0.0467955407312943,0,2.77347582207077e-18,0.00220080125438227,2.89533333364532e-20,0.00514668635311977,0.064690940266273,0,0.0188758059409816,0,0.0260714050972732,0.0232239947826821,6.15086482153673e-20,0.167855231213491,0,1.16837373193484e-20,0.00746050288487165,0.0176197490577356,0.0262201550251281,0.00703413640707668,0.00202157298003805,0.00182648203434427,0.00116755737935817,0,0.00711275599406572,0.0129017513410902,0.0130767531039043,1.18142413824544e-17,0.131087055228464,0.0475905950282,0.000546301995349314,0,5.61358650447716e-05,0.000733471912711377,0,0.0251847010339805,0.00679190045010217,0,0.0843547151909533,3.78485877538564e-19,0,0,0,4.1763952914509e-21,0,0.140359025072713,3.09021615776184e-19,0.0113876461831927,1.93611879668849e-19,7.57343710404395e-19,0.025732155605006,0.0456245168018099,0.071356672406816,GSM3998382,GSE135251
0.0592969460637989,0,1.67674906375462e-17,0,3.66324905415849e-18,0.00416850520464747,1.17327609969671e-17,0,0,0,5.60616536395668e-20,8.56507581520683e-18,0.00658669810181195,1.04109635064033e-18,0.0288838562196361,1.32466712007816e-17,4.48094974884455e-18,0.00998442196166795,5.02655789851283e-18,1.44638466722353e-19,0.0355609406238137,0,1.40567163020136e-19,0,3.67487326882199e-18,0.0322865001693127,0,0.288700020265314,0,0,0.000934943569690699,0.0216779861422593,0.0198873133209216,0.00435900982765301,0,0.00616269527429135,2.35481387055721e-18,1.70980419709909e-17,0.0136055414218211,2.06387685509658e-18,0.0149666497257893,6.08468436832918e-19,0,0.0241683040054028,0.00278319742345926,1.31841620768696e-18,0.000483836363408986,0.00528775653061945,0,3.83522449085295e-18,0.0117857196961556,1.5600742347519e-17,0,3.93791808194102e-18,3.6442370374492e-18,0,1.90665509218372e-17,0,0,0.336065300719834,0,5.14836464358357e-20,0.0156688419066333,0,0.0279549282657787,0.0177804703119069,0.0457353985776855,GSM3998266,GSE135251
0.105022377394429,0,0,0,0,0.0114269266671007,3.2530846025648e-18,0,0,4.88183645814059e-18,0,8.87806603435794e-19,0.00772412975896806,0,0.0554717454275372,1.48475629916418e-17,0,0.0160961222154279,0,0.00280662765505141,0.025537773103584,0,0.00128160686303686,0,0,0.0316821884543411,2.5234448505758e-18,0.238682936958383,0.0102188135329245,0.000289369977490931,0.00211508232382432,0.0265971122403733,0.0188731881959586,0.0104791072335387,0,0.00544042662853391,0,0,0.00242372939150871,1.01166963290956e-18,1.55501761232381e-18,2.8509604026114e-17,2.10599592507388e-17,0.00522047691617006,0.0106883683344485,0,0.0015939215792785,0,1.9548400895891e-17,0,0.00238600636953958,1.37905848514845e-17,1.89315782329136e-18,7.38177095803438e-20,0,1.02063672427124e-17,4.58092636794941e-18,0,2.23638529833569e-18,0.426960270318337,0,0,0.0317309345043497,0,0.0196024932636165,0.012768886551792,0.0323713798154085,GSM3998301,GSE135251
0.0281069325000879,0,4.5982432753489e-18,3.78319107624414e-19,0,0.00218857297806487,3.06611724226412e-18,9.55488170294049e-19,1.42725567007843e-19,5.30192068196091e-18,0.00698438756790969,1.05448211012571e-19,4.89516384359933e-19,1.3334737805909e-18,0.012033443386075,0,4.91473444301307e-19,0.00825355829909606,1.95137488912551e-18,0,0.0128323987341722,0,0.0015844161034422,0,1.09214168930926e-17,0.0138720500513692,0,0.131957911282007,0.00175250361004853,0,0.000332875948966719,0.00783665693181657,0.00981848993922869,0.0025711302913584,3.88647048749484e-20,0.00224357166061903,5.74282213058563e-19,0,0.023162177848204,5.83856557064885e-18,0,0,2.24436261381042e-17,0.00751936893110357,0.0729868743435976,2.36103067718762e-19,0.000152786121449571,0.000929552354121465,1.0316217326079e-18,0.0188513670383348,0.000767092474157046,1.32750870895977e-18,0,0.00699728365624251,0,2.08182135784165e-18,3.19296598414567e-19,7.26026344209726e-20,6.55844495108127e-21,0.315401216886274,1.04861289695826e-18,0.0094790610060149,0.0113334532222428,0,0.00584413952395869,0.0064161993670861,0.0122603388910448,GSM3998200,GSE135251
0.0282583608180651,2.75861700184958e-19,3.81651599031097e-18,7.70431788825838e-19,0,0.00911983013711583,0,0,0,0,0.00187097689095688,4.1813386452573e-19,0.00187842644952509,0,0.0130637399816704,0,1.37750528429128e-18,0.0134316674377978,1.02358260248729e-18,0,0.0071915849502186,2.83956582330102e-19,0,9.80346081535914e-22,2.55298058962096e-18,0.0151055925583574,0,0.125355409116993,0.00176726862032049,0,0,0.00393976552326764,0.00585480442169444,0,0.000308258721899116,0.00113125394756622,0,1.04648508302566e-17,0.0175227906471747,0,4.80984699292276e-19,1.62834267371971e-18,2.18035516270078e-17,0.00288263293565518,0.00786585202127207,7.54078916326101e-19,0.000341433857884265,0.00113973856160818,0,0.0318271813282503,0.00776812511725763,0,4.99953134302836e-18,0.00581224864331736,3.0984509644362e-18,0,5.06463108242803e-19,9.7757646565915e-20,4.37124865256405e-18,0.31933301903147,0,0.00769695720759364,0.0271637992177238,4.01011247962182e-20,0.00359184187118329,0.0035957924751093,0.0071876343462926,GSM3998167,GSE135251
0.00284558705932567,2.33381490934308e-19,0,3.3863696776541e-18,0.0176607279488745,0,6.77313920106477e-18,7.51096078694171e-18,0.00253620029353308,2.05117234263818e-18,0.00381447826345311,0,4.58771043098425e-18,0,0.00293167503371393,0,0,0.0244673646748744,0,0,0.0187105904106597,0,0.0227436436082642,1.48939703899551e-19,1.41162550559888e-17,2.2501677939049e-18,1.91787326201714e-19,0.124020685492578,0.0054181506311236,0.000407544923586188,0.00011986167831689,0.00193887085933882,0.00447536444199239,0,0,0.00337754392728509,0.00246370498860405,0,0.0503656104280633,0,0,0,0.177185581255533,0.0213755995413346,0.000389243114808199,3.65386739375017e-19,0,1.00353620762419e-21,4.27202160173922e-18,0.0333378958326797,0.0301555406150363,1.42878888661892e-18,0.00997118088404798,0.00227915870285022,0,4.02977330298666e-18,5.28745214084578e-19,0.000319516265721344,5.78661419694876e-18,0.199857759741159,1.22634739917488e-17,0.0845840381154601,8.68409178361589e-20,4.27454652450012e-18,0.00129258057289256,0.00935529520532985,0.0106478757782224,GSM3998304,GSE135251
0.0795259781582772,0,0,2.29365823207044e-18,0,0.00238494986719837,1.44779283506489e-18,7.19596746150719e-19,6.15573800837515e-19,0.00294689872382174,4.45479262652717e-23,0,0.00620977217394566,0,0.0318324798441802,0,2.58863248023257e-19,0.00306487521959339,2.13920417357249e-19,1.87011256242978e-06,0.0310072883942456,1.39743236349916e-19,0.0136364822252822,0,0,0.0128583342739577,0,0.121714117637568,0.0277347964626534,0.000607544690508456,0.000716154672806851,0.0231484910889274,0.0218343739558791,0.00482720846935803,0,0.00341319995474396,0.00180268100950704,7.20329701487106e-19,0.043054470268939,0,0.00895582198010951,0,0.0985881934853463,0.0343650738553298,0.0048482140418469,1.7997297376601e-18,0,0,1.71282439135127e-18,0.0184293122719429,0.0385801905491531,0,0.0287688177217425,0.00142604854714943,0,0,0,0.000334271847715982,0,0.209410876674146,0,0.050665013481266,0.00193738631787008,0,0.0214041221210662,0.0155036441971228,0.036907766318189,GSM3998273,GSE135251
0.0164936687987857,3.72734905756534e-19,0,3.52485841911939e-18,7.61963783021527e-19,0.0215270788126589,0,2.01074339197556e-18,2.85504880535241e-20,1.1776927245782e-18,0.00179435300490015,1.55279611901822e-20,0.0147278839500013,0,0.0243206359764745,0,5.59003744005138e-19,0.0216007831785867,0,0,0.00692962457825015,0,0,0,7.22514649301806e-18,0.0160999666276578,0,0.131907605856417,0.0091672772238659,0.000268369925075426,1.85573451329942e-19,0.00626624660998732,0.00781630381412501,0.00222668394287657,0.000600127759977069,0.00194669683107155,0,0,0.0152318888213554,2.74966650322696e-18,0,1.25580006793022e-17,1.84206942782722e-17,0.000566422731887282,0.00156060107674374,1.02856876843461e-18,0.000338215955487936,5.45602659505288e-20,0,6.74392388370457e-20,0.0247192774391859,0,1.24288615445847e-17,0.00628159440460784,5.39909543087509e-19,2.20213503984777e-17,6.25281606336636e-18,0,0,0.4149378985692,0.00183141484553778,0,0.0374449886346291,0.000181386387401302,0.0045775829133096,0.00346481228912508,0.00804239520243468,GSM3998309,GSE135251
0.00570792504360795,7.30576592524985e-19,0,3.27571953664878e-19,7.35454836857962e-18,0,1.94704478583009e-18,0.000397908671903613,0.0276120746917649,1.08283620403085e-18,0.00512954699690992,0.000895407576209979,1.885231889179e-18,7.22719287800741e-19,0,9.7446185007594e-19,7.1903046434816e-20,0.0042873753048054,0,1.20493178311919e-20,0.0386810700659722,0.00100781513286466,0.0375182854979089,1.37459735317353e-19,4.16831389454398e-18,0,0,0.0185978926614024,0,0.000791800213611183,0.00496931615224231,2.49753369120387e-19,0,1.89073287384123e-19,0,0.000584555660277363,0.000151575072664812,0,0.00815360272603432,0.00281163460617615,2.08349950020508e-18,2.87819673802533e-18,0.0525462620280925,0.0228708741814104,0.00837950871088875,0.000143407944606881,5.04604127961498e-05,0,0,0.0176190808272968,0,0,0.00871828076386476,0.00682153998038581,2.22742810925529e-18,0,1.35866830326774e-19,0.000146205884964545,1.99289454556314e-18,0.148364894860048,1.55122205006515e-18,0.0257480338113584,5.91177032785216e-19,4.62080463329744e-21,0.00153408758731883,0.0193405350329861,0.0208746226203049,GSM3998230,GSE135251
0.0631289930918309,0,1.30098969083934e-17,0,1.77695926034376e-17,0.00358337119874136,0,0,2.12811066548901e-18,7.78769917095188e-18,1.25606449145015e-21,4.22360033523002e-18,7.82833250482156e-21,3.57218670258038e-18,0.0361190456557401,2.70922443952406e-18,0,0.0116274012003091,0,4.28796201364436e-19,0.0291236841834303,1.7671296227542e-19,0.0116972256685073,0,5.0199484290769e-18,0.0206109518446679,0,0.163817142796311,0,0.000140141284676356,0,0.0145839564402908,0.00970792268818759,0.00654337637057357,2.86430952187835e-18,0.00501214745817327,0,0,0.0224695466202676,0,0,0,9.33786870244493e-18,0.021087274908111,0.00397560311080228,0,0.000350757776454586,0,0,0.035151513572702,0.0212895151133479,0,0.00380290910063428,0.00114063062774506,2.63190355318491e-19,1.00799481558168e-17,0,0,8.2926050795791e-18,0.335005917759437,0,0,0.0263229310632718,0,0.00972263762686056,0.0145618420917152,0.0242844797185757,GSM3998264,GSE135251
0.0399149914393115,0,0,2.50125623727991e-18,0.00793290662954632,0.0096282152877463,1.68609497802807e-18,1.6509649316521e-18,0.00265837064775234,9.79030433784869e-19,1.19799399280927e-21,0.00186827326591262,0.00925104038315163,0,0.0151331997868567,0,0,0.0165482992458556,0,0.00120735538329675,0.00973896906247821,0,0.00647236441309208,0,7.41266740609929e-18,0.00688696596224396,9.97583327628444e-19,0.113501501958503,2.13592098484233e-19,0,0,0.00380711104195805,0.00567067885853021,0.00301088812462787,2.40901620980939e-20,0.000847375953667148,0,0,0.0139282178788741,1.6400447498172e-20,3.56432261602625e-18,4.03657674856713e-18,0,0.0044670247037016,0.00559268590243967,0,0.000128111976323648,0,0,0.0165542974742081,0.0133009357106954,0,1.9570544796818e-18,0.001416083248583,3.41874460518767e-18,1.19977224695478e-19,7.2767058665739e-18,0,0,0.316147170392216,5.75498764393139e-19,0.0179312001451312,0.00886439714547186,0,0.00458849312744496,0.00486948453123911,0.00945797765868407,GSM3998335,GSE135251
0.08531875747546,0,0,5.32986606356938e-21,0,0.0172087967744231,0,0,0,8.67619346972141e-20,0,0,0.0117758239805254,0,0.0380293547528513,0,0,0.0093059175263746,0,0.00368424395928092,0.0244870047043977,0,0.00306225620989699,0,1.74811086086644e-18,0.0328624940679648,0,0.173379919781706,2.97717691046404e-19,3.51726579759597e-05,0.00285672299971502,3.79656531835339e-20,0.002290315772602,0.00217299670269821,0,0.00183992016429779,0,0,0.000341573128467733,8.58163948211449e-20,0,0,3.10754446113505e-17,0.00374894622605325,0.00885625015151043,6.78766700778841e-19,0.00133440176833451,3.26472861290947e-19,0,3.05602487282548e-18,0,9.78561550237657e-19,0,8.70672410545786e-20,0,0,0,0,0,0.326726279203634,0,1.30430253775262e-17,0.0202205892735149,0,0.00245616263952062,0.0122435023521989,0.0146996649917195,GSM3998191,GSE135251
0.133592784360684,0,1.17519954362451e-18,4.43889431962743e-19,0.0524692337019724,0.00199180955097168,4.44013065849943e-19,0,0.0167949045311419,0.00345824711780031,0,0,0.00469250259963697,5.5973014193741e-18,0.0386879295197986,2.83658300770787e-18,0.00345067067186428,0.00163233547277487,1.32610334248651e-19,0.00497783874954969,0.0367500810497129,2.07970006257382e-18,0.00259515721499969,1.74229920952654e-22,0,0.00923122562685384,2.56208492760056e-19,0.10078544287446,0,0,0,0.0127269713099864,0.0164070626516433,0.00513156190503948,0.0024928218634801,0.00217107822738411,0.000759111417152783,1.49184684460897e-18,0.025385320382304,0,0.0159775525914333,9.77508616443258e-18,0.0507729374293081,0.028807821537402,0.000882232201260962,0,0,0.0019309888244827,0,0.0140280436934031,0.00639797787342663,1.14118628104006e-19,0.0411433520808889,0.0045145627890845,0,0,6.43962358708223e-18,0,1.61923389686673e-19,0.195382301213216,1.65483873302746e-19,0.0291371914868666,2.09818275731401e-18,0,0.0254041155592881,0.0183750405248565,0.0437791560841446,GSM3998244,GSE135251
0.0582732792468973,4.71532491516435e-20,1.30362233875566e-17,5.91228375527416e-18,5.60224911673867e-18,2.58473393951854e-19,2.45371449120621e-18,0,9.6689923951122e-19,1.00292388903061e-17,0,0,0,0,0.0524731335250737,0,2.19761625056525e-18,0.0040333283936843,1.68068624147996e-18,3.47454893252336e-19,0.0361604537418982,1.03489273096945e-18,8.54072044497599e-19,0,0,0.0308884005934509,0,0.246431045342254,0.0306990113130466,0,0.0029627325989329,0.0118815492420735,0.00845685989021725,0.00323484488927757,0,0.00310461590627761,1.20275494422237e-19,1.18662332042188e-17,0.0155407165920157,0,3.51040818726951e-19,2.19291017026807e-19,1.74459114082604e-17,0.0236593490913469,0.00630546453280764,3.60990695460459e-18,0.000221430154844314,0,5.50335688303286e-18,1.42966099093925e-17,0,0,0.00434948654886652,1.56984258462276e-19,2.30813594931394e-19,0,1.0903418958188e-17,0,0,0.299770902854519,0,1.24347960706643e-18,0.0131170954223237,0.00246381919305525,0.00792103282804902,0.0180802268709491,0.0260012596989981,GSM3998288,GSE135251
0.0857116088005354,1.46052208530283e-18,8.11719245946257e-18,0,0,0.0107525910885322,0,4.41306900275995e-18,0,0,1.23865066829046e-19,3.67678414149704e-18,0.0112040286567414,0,0.0715835861682086,3.23192801572535e-18,9.73722292695239e-19,0.0100895961795889,5.15621676279958e-18,0.00204361160826336,0.0495145889365259,0,8.65773102959367e-20,0,1.57433169392222e-17,0.0581217750357876,0,0.235912192096388,0.0218874277053538,0,0.00228152892580747,0.0191729193211346,0.0173916005161238,0.0069519119090654,0,0.00394578533138388,3.95829295997398e-18,0,0.0115504800916569,0,0.0169870404457029,0,2.27699524978308e-17,0.0284264146687682,0,0,0.000343527717928429,0.00379040806744744,0,8.04028748292891e-18,0,1.43734801731574e-17,0,1.07501984224314e-19,0,8.6010385692006e-18,4.77493771533353e-18,4.23332701058394e-20,8.53093756771292e-18,0.337612351448035,1.5015242830058e-21,0,0.0237861851851609,0,0.0279959862950322,0.0247572944682629,0.0527532807632951,GSM3998263,GSE135251
0.0702603607305606,0,0,1.37368683722134e-18,3.32795898748774e-18,0.00754834343096774,3.66511252432439e-19,3.24090545317226e-18,0,1.50276329142393e-18,0.000335797184394912,0,0.00849435836917211,0,0.0188626752397746,2.89755945187336e-18,3.46338042888827e-18,0.0050399476453108,1.95232657796817e-18,0.00180691409602944,0.0161263185785079,0,0.00848261957258299,0,1.77071389332805e-18,0.0177869264029907,1.57570099466936e-18,0.169464821394359,0,0.000124712439874016,0.00115972542377792,1.97568342064269e-21,0.00231496411210989,0.00269149818487009,0,0.00223142605687185,0,4.28884572415341e-18,0.0139484807156027,2.3035045982445e-18,1.15562338722852e-18,0,0,0.00353952525446861,0.0120628279766034,8.49155971010909e-19,0.000473933496541814,0,0,1.29085687972412e-18,0.00292013713937224,1.11966390319846e-18,5.01312534687274e-19,0.00128604206572443,4.4945764804262e-18,0,0,3.78784161048487e-20,1.18830607019092e-18,0.391213047264257,1.81051212252356e-19,0.00113259565390959,0.0191039715274569,7.02326604502206e-20,0.00120460939735296,0.00806315928925397,0.00926776868660693,GSM3998281,GSE135251
0.0502419555190164,0,2.35057674292472e-18,3.78607265999572e-19,0.00331635622544163,0.00364046279944784,2.54200986429122e-18,0,1.51728498428097e-19,0,1.77158492809685e-23,2.24905949127219e-19,4.66662095428871e-05,1.83614779803417e-18,0.0225260255994489,0,0,0.00707393648383956,6.64973122299415e-19,0.000356553783168149,0.0146554620465884,0,0.00101715047171261,0,1.81861286099088e-17,0.0200755877254036,0,0.142059419605817,0.00833018615493999,5.24397057144407e-05,0,0.00994229299890871,0.0106069463686335,0.00490088730464723,0.00152631156800175,0.00169259560067799,2.90438388547605e-18,2.21334619577671e-18,0.0136875043662922,4.46284417519846e-19,0.00518339011666626,0,2.70774426751615e-17,0.0060335998306627,0.0058198095623602,0,0.000247479713939162,0.00194243422486006,1.61257174580568e-18,0,0.0109880221433677,1.29211327301754e-18,0,0.00214720110279639,3.45779070105102e-18,5.38267849082971e-18,6.13398588325837e-18,3.69459854484398e-20,1.20974465531273e-18,0.307840112931762,3.39764467466102e-19,0.00710734428314349,0.0159568881208665,5.04158729572901e-19,0.01263398846107,0.00732773102329421,0.0199617194843642,GSM3998308,GSE135251
6.06705894093483e-19,3.72922277334602e-19,2.62753542228383e-17,0,2.73266357437219e-19,0.0140960078335411,1.04204619095392e-18,0,0.000971173896649499,8.41277089632788e-18,0.00536235528366726,0,0.00418671662381258,2.74267310037336e-18,0.0100850895372527,4.80237802511047e-19,2.80218749097224e-20,0.0252814716815569,0,2.92956424673354e-19,0.00639884300856929,2.73868281273061e-19,0,0,1.14936596858255e-17,0.0105865016877196,1.705906257711e-18,0.129102578780769,0.00454896073195145,0,0.000752282178204759,5.20566292155655e-19,4.40412945619033e-19,0,0.00166929995019156,0.00193202814593722,4.05126299270844e-18,0,0.0179369027774243,0,7.76352102443762e-19,0,2.01289841985688e-17,0,0.024206330794801,0,0.000248733859533058,0.00218296935258462,0,0.00369482854251409,0.00693364813406993,7.33234001718209e-18,0,0.00656319037312904,4.27163999813535e-19,9.52248925419956e-19,1.13691850549067e-17,0,8.35819362884373e-18,0.365666625541509,0,0.00187094550009122,0.0435424911956944,5.09815153478595e-20,0.00256817953518412,0.00319942150428465,0.00576760103946878,GSM3998206,GSE135251
0.0602865273040862,0,0,0,0,0.00830510340954096,3.07682271862159e-18,0,2.45853300382875e-18,1.71190346924962e-18,0.000566515511623033,0,0.000868429751301265,0,0.0213283365968091,0,2.99593068589017e-19,0.0147433300145162,0,0,0.0138150585914618,0,0.00749137987316088,0,0,0.01733812716871,0,0.174618882177222,5.90719139921819e-18,5.23633335484851e-21,1.15873874000636e-20,0.00885179865086387,0.00969338300288394,0.000674641511879521,2.84724675832952e-19,0.00350615172348274,0,0,0.0269018123340001,0,4.76537346927759e-19,1.64708001691482e-19,1.5768220015063e-18,0.00463282020198666,0.00471082723696886,0,0.000426194719290269,0,1.70797852712789e-18,0.00459688639276884,0.024876367307073,5.64672663914537e-19,0,0.0012550987406873,0,0,9.46357669622935e-18,1.36630641413035e-19,4.71745355578176e-18,0.336201816184985,5.06016278288812e-19,0.00797061813755895,0.012876430852824,0,0.00590119910057592,0.00690752929573088,0.0128087283963068,GSM3998322,GSE135251
0.0585052421013809,0,3.07305730001413e-17,7.41398390390967e-18,0,0.014844520160547,5.97362856784597e-18,0,0,2.20038205458617e-18,0.00402073804991378,8.07819056692574e-19,0.00742409740066095,4.05960078408249e-19,0.0506945224546873,0,0,0.0314160451282493,0,1.04178792329988e-19,0.014826750853679,0,6.76892996408209e-19,1.68850311777999e-21,1.65983871414661e-17,0.019856172633944,0,0.267426439608967,0.00120655729123855,0,0.00248691005962598,0.00256396024571202,0.00699220725581973,3.63700969057959e-20,0,0.00376208614061529,4.36174305388758e-18,1.93536645485326e-18,0.0114544561969308,0,1.66602756182386e-18,0,9.75424897284382e-19,0.00926198578311439,0,0,0.000893697269865502,0,2.41115057064542e-18,1.49292986869775e-17,0,0,6.9226474664586e-18,3.47434008029039e-14,2.06473116275721e-18,0,0,1.15084404540261e-19,0,0.378035149290458,1.75720792554993e-18,0,0.0288904690949707,0,0.00170930683047469,0.00741337542683953,0.00912268225731422,GSM3998220,GSE135251
0.0262307706463903,0,2.50568833070497e-17,1.26588679757755e-19,7.17699089815105e-20,0.018650266959014,0,0,0.00298619346419749,0,0.00650837662251859,0.00207001850132772,0.0125366893499705,0,0.0200589772061294,2.73328240555765e-18,0.000172988767731042,0.0441563113616748,0,0.000425180308380186,0,4.74539601573832e-20,0.00230178482221055,8.51154773490485e-21,6.68093548333284e-18,0.0116686842621211,1.06110382646683e-18,0.114328311488717,0.00333844076889456,0,4.23808620488491e-19,0.00457933071352044,0.00221413828862398,0.000822607088639958,3.20571928834996e-20,0.00247971305600778,9.10299089519372e-18,0,0.02819904352654,0,0,4.77854853745729e-18,0,8.27967350389754e-19,0.00246110135716978,1.09350702014772e-19,0.000715226928184838,0.00255537174698949,0,0.0145137516510125,0.0112476016677992,0,0,0.00580677843447921,0,0,0,0,0,0.343564596758996,0,0,0.0478963266095196,0.00537620084824,0.00641993418014522,3.34046774166642e-18,0.00641993418014522,GSM3998208,GSE135251
0.0265096132787038,0,6.30541370675867e-18,0,0.0126740952862075,0.012401291280488,2.11797280122966e-18,0,0.00358796766589782,0,0.0033649553751938,0.00045783689323721,0.00965698805356283,0,0.00812937876133522,0,0.00535447229502605,0.0203457504198173,0,8.95079490472644e-21,0.00352791653473723,0,0.000387320098411084,0,7.19691744835751e-18,1.92561294139575e-19,9.90828662012354e-19,0.0630638708343251,0,4.73302942282254e-20,0,0.000494541497102764,0.00364223060678672,0.000291386923530016,0.00322818653860057,4.45335255361031e-05,1.61620358080215e-18,8.22927895903711e-19,0.00569130346540481,0,6.56298171132209e-19,3.92519988782962e-18,6.81252102669606e-18,0.000781825836843467,0.00535128040140671,9.71018143857847e-22,0.000215814733865746,0.000910229731028069,9.80680926818461e-20,4.38714651052599e-19,4.45184311478461e-20,0,1.40511629913843e-17,0.00796865979851031,0,0,0,5.06466336546809e-20,2.8762607854779e-18,0.319910615877951,0.0014531268432076,0.0055560026402919,0.0251510927512607,0.00273510307124216,0.00339386310664574,0.00176395826736862,0.00515782137401436,GSM3998173,GSE135251
0.0267277105407308,7.29332483817737e-19,0,1.64858889317472e-18,0,0.0157962600230836,0,3.77254414028533e-18,0,0,0.00316487038377254,2.80235355380178e-19,0.0105042597204227,2.04221124186179e-18,0.0171705262665972,0,0,0.0312146434151174,0,0,0.0140481930231304,2.46004735319412e-18,0.00777175967538351,0,0,0.00442385808142781,2.69754431933354e-18,0.187729684769942,0,0.000151295772267375,0.000786867584556693,0.000251059634937639,0.00389825185666792,0.000523272155170863,0,0.00243004354540665,6.59336246987021e-18,0,0.0131679258697669,0,0,0,2.25754135970899e-17,0.00418047565796152,0.00547714089026662,0,0.000902924705400949,0,0,0,2.02025671905159e-19,0,2.0199889454465e-17,0.00238053447615449,6.22241395234682e-18,0,0,0,0,0.368534786710424,0,7.24404953264656e-19,0.0426716016036395,8.07740526856311e-21,0.000167373089958431,0.00702409651156518,0.00719146960152361,GSM3998195,GSE135251
0.0486268948188484,0,0,4.87561075687406e-18,0,0.0050369280746137,0,5.54936914291723e-19,8.33275764506457e-20,0,0,0,0.0040616315931841,1.1283473331982e-18,0.0348503770275004,0,8.0824037202911e-20,0.00342267373894744,8.43862620291454e-19,0,0.0223157177656156,0,0,0,0,0.0320282531169817,0,0.169013407586563,0,2.07855375706416e-20,0.000714857452577436,0.0122384495462888,0.0134555977571758,0.00717428952670064,0.000342170575308989,0.00259007667866981,7.45955957084094e-18,2.02423822896673e-18,0.00363389098092727,9.49370220184049e-19,0,6.01378498308373e-19,3.67180514898194e-18,0.00882807941760789,0.0100713344904731,0,0.000225594279879648,0,3.29047106033529e-19,0,1.13769043336456e-18,0,0,2.77402504468491e-20,0,0.00841636419873466,1.33572957618901e-17,0,0,0.26648923601155,0,1.95176829881012e-20,0.0164262358343107,0.00380751463035428,0.00838708008106521,0.0111578588828078,0.019544938963873,GSM3998250,GSE135251
0.0162888514110822,5.49324643705624e-20,0,8.53504586840178e-19,0.00367764029801733,0.00673921061435421,4.27271957860557e-18,0,3.9403194457943e-19,2.66030626958772e-18,0.00167729467699259,0,1.8479256436899e-22,4.72219706592804e-20,0.00352641055278409,4.20183905328228e-18,4.81066149535577e-18,0.0143858105054929,8.4202234961186e-19,3.65985132495686e-19,0.0065401842717694,0,0.00371767924299341,0,0,0.00527013193109527,1.03915685935452e-18,0.157299021347325,0.00607582419225379,0.000331052927782123,0.000301945745834353,0.00241150027814499,0.00987004339476984,0.00143947149863821,0.0013380282164724,0.00133064830601052,0,6.02739182111633e-18,0.0266869191528583,5.18357119815616e-18,0,0,1.74459967549502e-17,0.00521989235062423,0.0368482040268754,0,6.75235456914923e-05,0.00221830031202321,0,1.77095874392543e-19,0.0124382868754002,2.33985248791144e-20,0,0.00663070257810577,7.15338634941261e-18,1.32903639478293e-18,2.77541749946943e-18,4.44071749285779e-20,1.13665565990163e-18,0.341611970346307,0,0.00661703883166586,0.0257137258208108,4.66311722890664e-19,0.00397855253776041,0.0032700921358847,0.00724864467364511,GSM3998197,GSE135251
0.0833138347726933,5.42968317107581e-19,0,8.44825032836902e-19,0.00587325485259631,0.00893486613628769,2.17643089663335e-18,0,0,0,0,1.0105984598594e-18,0.00836120347270119,0,0.0409765730381185,4.36596490037073e-18,0,0.0124732938432204,2.53145069401608e-18,0.000252618490849193,0.0385598539016797,0,0,0,8.00630026154553e-20,0.0359959131780563,0,0.190118187750031,2.18817443386287e-20,3.58715605141644e-21,0.00464980625279664,0.0186996025546992,0.0166856446947745,0.0070866834157903,0.00425607497719671,0.00579807774860324,4.46329341553227e-18,7.70576061449789e-19,0.00236577449669394,2.93165809499288e-19,0.00778997208728565,1.22606248040384e-17,3.81625018223832e-18,0.0201975592957647,0.00339079163005989,1.1997138717876e-18,0.000867390790456023,0.00201405425747266,4.27776055457785e-19,6.28503966458641e-18,3.65750179048201e-18,0,0,0.000117001975950552,4.23927002031379e-19,1.62011827898722e-18,1.6420701170379e-17,0,0,0.315067807541032,0,0,0.0231057827623348,0.00042904709533721,0.0220082149116689,0.0192799269508398,0.0412881418625088,GSM3998372,GSE135251
0.0476925475295036,7.6819217708191e-20,4.13484144475899e-19,0,0.0256400378650308,0.0136410562313874,1.93676349745954e-18,0,0.00396609911125036,2.07662921894091e-20,0.00514834250749397,0.0226492760171994,0.0452594594952887,0,0.00848017978188168,6.63073853776545e-18,1.24298181273694e-18,0.00477303969945145,3.23211327379976e-19,0.000746003288021439,0,1.47382114536939e-18,0.00412691815842257,0,0,0,0,0.0275266768102005,0,6.92868208877259e-20,0,0.00205546060724166,0.00386725877198096,0.000165769516921431,0.000920990752374049,1.39725129586689e-20,3.84208530331543e-19,4.67380682495146e-19,0.00786369289586464,0,2.09169220475512e-19,5.64023190779059e-18,0,0,0.00323260096416992,0,4.33275286993709e-05,1.62574015986378e-19,0,0,0.0113534407820363,0,3.78602781327244e-18,0.00703568932561506,0,0.00304611838337929,9.27899079775471e-19,0,4.62725010411225e-19,0.273233033592544,2.47581030150706e-19,0.00653539644877654,0.0337203847607727,0,0.0175811537765577,3.84096088540955e-20,0.0175811537765577,GSM3998283,GSE135251
0.0415175076053346,1.68821399747089e-18,2.06547522916233e-19,6.97773845502823e-18,1.19614996543896e-17,0.00131139089967331,1.5263972359748e-18,2.98482063849227e-18,1.85065245366727e-18,0,0.00245102017367865,2.365901158442e-19,0.000297533031985072,5.52554768336848e-18,0.0108859529372871,0,5.20600368461025e-18,0.0130748328307678,0,3.28585606814457e-21,0.0157247693050358,6.5343187001895e-19,0.0108079194894977,0,4.96045578385914e-18,0.00980547494397792,0,0.154673510491188,0,0.000572190558729934,0,0.00635418919433624,0.0106118902606477,0.0018884069365305,0,0.00378377783784871,5.57423155954375e-19,5.51861758175665e-18,0.0339325833989079,0,4.94954089639839e-19,0,5.34330751360789e-18,0.0101491196391805,0.00442008937302909,2.04563993577418e-18,0.000138870446247281,0,0,0.0118825962836619,0.0238996720697649,0,0.0136043016478277,0.000841355295209253,0,0,0,0,0,0.328017013941063,4.5291779844345e-18,0.0222468470404983,0.00772566337960438,0,0.0042361261295575,0.00786238465251789,0.0120985107820754,GSM3998312,GSE135251
0.118243316743462,0,0,1.56441440161234e-19,0,0.00502629300248532,0,3.56302189013664e-18,0,0,0,0,0.00630541093619755,7.62317617571785e-20,0.0511126104582436,0,0,0.00285993484883734,0,0.00291291555573235,0.0323656216869546,2.19736919644979e-19,0.00315266373749642,0,4.40763946056407e-18,0.0291017370132225,1.46828155452568e-19,0.119052943897546,0,0,1.24070750887941e-19,0.031560054367774,0.0285838248816178,0.00700249446033875,0.000683108982255246,0.00273884298664465,0.00135000158511897,0,0.0172192669757895,2.68527456888171e-18,0.0242150993346042,4.41897082398452e-18,0.00960492782079886,0.0251325450056866,0.00252616472607111,3.29039620473972e-19,2.34334875859018e-05,0.000673668964024859,2.89335065350799e-19,0.0189029367264039,0.000535083480762816,0.000694859074070619,0.0257422477544563,0.00357234387737049,0,6.31818776970613e-18,0,0,0,0.283192328155209,0.00247537095363928,0.0127881662985327,0.0164117670597422,0,0.0400298981362605,0.0161828108434773,0.0562127089797377,GSM3998279,GSE135251
0.0277212837990249,7.0347398070107e-19,1.5873058026452e-17,0,0.00228278153578446,0.0132113627487686,0,0,0.00286110746644016,0,0.00603764898047951,0.0123168693610662,0.0173376149482246,3.88573305385197e-20,0.00839101732102073,3.91558243688669e-19,4.96866143757334e-20,0.025270205249615,0,2.89543599458161e-20,0.00261111861437191,0,0.00111078549079717,0,0,0,0,0.107995741028708,0,6.32767362723359e-20,0.000456014119963447,0,0,0.000384845235202494,1.13714697917284e-20,0.000323126265615443,2.57861588415871e-18,0,0.00991286367326576,2.27001188013976e-19,2.10670399880865e-18,5.21462932036679e-18,8.27837670836615e-18,1.96003070306524e-05,0.00616923063248257,4.43526968493642e-19,0.000567448392268394,0.00080152330236691,1.30717007211632e-19,0,0.00877582526182845,0,0,0.00440976753184309,2.32341812819061e-18,0,1.84367844007836e-17,3.56046423732941e-20,0,0.343744810247693,0,0.0079026239599652,0.0329466040601483,0.00109105874193753,0.00874559510895538,0.00130555930718595,0.0100511544161413,GSM3998170,GSE135251
0.0731106969050291,0,0,2.86661031663201e-18,0.00837637724738624,0.00847021671470828,0,1.7874326442599e-18,0,0,1.66788536807051e-21,3.51753716944621e-19,0.0072956264832023,1.6491704107064e-18,0.0398760109280185,3.63437508059376e-18,5.13743463145399e-18,0.0139402037324457,2.1612428470289e-18,0.000501462818971652,0.0272800777205728,4.7790965867157e-19,0,0,0,0.027991924897683,0,0.218316664871488,0,6.86933913375112e-21,0.000416267450056483,0.0195277463206938,0.0148370653408733,0.00973649963885059,0.00170229536122497,0.00526100850834758,5.13862462942263e-18,1.20093446281299e-18,0.00432453946472751,6.40113468430509e-18,0.00598207177378821,0,4.57762674390118e-18,0.0123273291471413,0.00304380284913064,0,0.000350481132174857,0.00169980224560858,0,7.44816600458099e-18,1.79945463061455e-18,2.63445485409216e-18,2.74655764652504e-18,8.31574769988132e-19,3.74282587410398e-18,4.9598687215571e-19,0,3.52930183702933e-20,0,0.278801948975841,7.03314481366048e-20,6.19557980511805e-18,0.0204941051748075,3.70081384146086e-19,0.0196089190135248,0.0136400388602864,0.0332489578738112,GSM3998255,GSE135251
0.0538152664375153,2.46473570398534e-18,1.76049459664869e-17,9.89992281732666e-19,0,0.0067159871655552,0,3.62440933631331e-19,2.74754392162309e-18,8.38095951057545e-20,1.18542151233298e-20,3.03882822128209e-18,1.32117943896126e-22,0,0.051823816761928,0,0,0.00641526049697833,0,0,0.0285476889784236,3.83335173459655e-19,0,8.12098911022804e-21,2.06767370330557e-18,0.0328346104927137,1.81086459676639e-20,0.206746663598632,0.0145964434857635,0,1.28371665696768e-19,0.0121752286788038,0.0115578174154776,0.00210755347016866,0,0.00438689973515846,0,0,0.0130703710358017,0,0.0043567296274364,0,8.6446816807502e-18,0.0182276560511125,0.00157396868129603,2.44364910319766e-18,0.000245902510476166,0.00196998913153641,0,0.0108966213051162,4.41996497186084e-19,0,0,0,6.28805660762159e-18,0,1.05079946604524e-17,2.74086837624167e-19,8.28747462693312e-18,0.339466121283846,5.30005241560688e-19,0.00169454693297672,0.0108733123747022,5.67193214467471e-19,0.0123346316251844,0.0142738444892118,0.0266084761143962,GSM3998267,GSE135251
0.0379935104975701,0,8.35304224023876e-18,2.69756022182858e-18,0.000989268399837428,0.012935251516054,2.7120201195446e-18,0,0,4.34738333501765e-18,0.00333695841284442,0,0.00526067368979768,0,0.0299881634036914,0,8.82412453965121e-19,0.0220409839004834,0,4.83213186584953e-20,0.010598682352997,0,1.88645883874116e-20,0,2.09390504324915e-17,0.0158296311684602,0,0.159946355141881,0.000981844082063586,3.90311283661345e-05,0.000160746876740216,0.0081401557957567,0.00843083988324403,0.00158266313967027,0,0.00408737569038998,1.02905335482176e-18,6.90451543299627e-19,0.0198592643061728,4.19027549752757e-18,0,1.19291789135204e-17,3.4575990924637e-17,0.0049423625447114,0.0175314631978835,6.05162519237291e-19,0.000727986031616758,0.000819156828931777,9.6769665223735e-20,0,1.07851980032273e-18,0,2.96120629458247e-20,0.00132720068637254,0,8.62600885663172e-18,4.01074161170842e-18,5.40463985192939e-20,8.58346338322697e-18,0.362652574910078,0,4.0880335875917e-19,0.0257822104364289,0,0.00597287508312566,0.0052993411764985,0.0112722162596242,GSM3998315,GSE135251
0.0695310441096848,1.37927094089085e-18,6.52983009818364e-18,0,6.40871610316599e-18,0.00633878647948447,3.48091120608418e-18,1.38339918590825e-17,0,2.07651722708462e-17,0,0,0.00323256605618471,3.18975445138183e-17,0.0502869248950549,0,7.49195050066015e-18,0.0110211184179617,0,0,0.0604154371926712,8.20694436054248e-18,0,4.55478088034846e-21,0,0.027863920837015,1.38052682771318e-18,0.362328982308338,0.0189590430521261,0,0.00630479317668072,0.011430561110608,0.0149733490032287,0.00315482550924329,0,0.0058065560097296,2.58757549679412e-17,0,0.00773081876456719,0,1.50914177589428e-18,3.35794121688446e-19,0,0.025707008060749,0.00561252119134662,1.44077247098212e-17,0.00108849280254258,2.12457073440875e-19,4.28496403756893e-17,0,0,3.39088533870473e-17,0,0,3.01939214521552e-18,0,0,0,0,0.38366628618905,0,1.49699992572065e-18,0.00652850618371352,0,0.00762037407373873,0.0302077185963356,0.0378280926700744,GSM3998189,GSE135251
0.0747229134896585,2.3503195475454e-18,3.48237345152008e-18,1.12066234575732e-17,0,0.00309340055585336,9.36986969590658e-19,0,1.7193004948166e-18,0,0,3.32707074137703e-18,0,4.66452477749164e-18,0.0576420572769603,0,0,0.0104928524060366,4.8530922850405e-18,8.12671608477326e-05,0.0428735322948359,0,0,0,5.2831470958874e-18,0.0306328722834497,0,0.224959324803835,0.0235552635728006,0,0.00200499713905159,0.0254001771226866,0.0213263018570881,0.00616345436659411,0,0.00380794022987447,2.27541291419137e-18,2.68055714752536e-17,0.0172225045356563,1.69615428095836e-18,0.00740251251554016,0,5.80518640441669e-18,0.025994276453736,0.000550749282884936,7.58569120026416e-19,0.000516819327426672,4.96597327210668e-20,0,0,1.6528980002568e-20,6.24681484336411e-18,0,0,4.6812506777877e-18,3.92714904165095e-18,0,1.02858417331104e-19,0,0.350351019634559,0,0.00267820481375807,0.0122597619047141,1.95319380871969e-19,0.0219226378660496,0.021436766147418,0.0433594040134676,GSM3998289,GSE135251
0.0807993974456009,0,4.87511901988251e-18,0,3.55753426826407e-18,0.00783039129392661,0,0,0,6.32660013893738e-18,0,4.47451971854529e-18,0.00435328129823798,2.07654022061112e-18,0.0264499649744759,0,3.12706624769807e-19,0.0119202988547908,0,0,0.0253730718926187,0,0.00264883394780149,4.79788289434919e-20,1.69064549917439e-17,0.027623210408884,0,0.155957456505254,3.15711665852741e-18,0,0.00145561206947401,0.0233366951966794,0.018494027859163,0.00761352343016647,3.6671310464774e-20,0.00545848118524112,1.87427167305111e-19,0,0.0176007911656271,3.62169876181817e-18,0.00968241191718934,0,0,0.0152887091704055,0.00669500728318574,2.28414395767438e-18,0.00033595178404835,0.000449761627605897,2.04377284877977e-18,9.54319485264921e-20,0.0159330699080703,0,1.34927280374117e-17,6.58015702514741e-05,1.73654133167519e-18,0,0,0,1.92672450215486e-18,0.320639674215262,0.000822369172686402,0.00591323236645782,0.0147033702253124,0,0.0223125791609831,0.0126865359463094,0.0349991151072925,GSM3998274,GSE135251
0.117189666351222,0,4.54892440242045e-18,0,0.0132592536028262,0.0298367864541872,2.56128222190207e-18,1.78157458869711e-18,0,0,0,0,0.0216758384090611,2.55999463549735e-18,0.0461020863085025,7.20623108529929e-18,0,0.0451006321895631,0,0.00352908765330478,0.0440912349969795,0,7.6122792951215e-19,0,0,0.0206470470584551,1.01625306078984e-19,0.317468745521435,0,1.53680496466071e-20,0.00862572910089703,0.0088891847967978,0.0130384670444009,2.72436708472051e-20,1.43396185744144e-18,0.0063815149609866,0,1.43016108400335e-17,0.00387514083751786,0,0,4.47235832787227e-19,0,0.0143280825575935,0.00493122827150582,0,0.00143640646535609,0.00636953449231011,1.39920541142607e-17,4.19532374950561e-19,2.2602902590386e-19,0,1.41868150289084e-17,0,5.38610516082792e-18,0,0,3.85811971786452e-21,2.4359143905277e-18,0.300762222052507,0,1.2687131144363e-17,0.0387928222937844,0.0138380022965332,0.0125252046282751,0.0220456174984898,0.0345708221267649,GSM3998216,GSE135251
0.0105245219491787,0,2.80611110302907e-18,2.26330706173031e-19,0.000484362711612322,0.00118512888046687,1.73918635882029e-18,0,0.00799338352581723,1.25577112526915e-18,0.00245490157782642,0,0.00302251009762237,0,0.0110474273942982,0,0,0.00443171794961108,0,0,0.0113364634970236,0,0.00717253313136836,0,2.12335668550366e-17,0.0113921024889574,0,0.130176751955938,0.00482788092439104,5.5844567547802e-22,0,0.0087267892207803,0.00802253242199751,0.00305565946600028,0.000590637148569119,0.000679842993065814,5.06524797317778e-19,0,0.0228959117239252,2.11618144509148e-18,0,0,4.8748771231327e-18,0.00270901549184693,0.00469966713068351,0,2.59580745869655e-05,0.00107450645999261,2.20801937438009e-18,0.0184409276992112,0.0266989050139212,6.54868428472183e-18,0,0.00308132372561696,1.56303282497479e-19,0.0013311345710786,5.82504643378331e-18,0,1.37639499880467e-18,0.275816352577874,0,0.0164714844303947,0.00783693438479034,0,0.00692795521956135,0.00566823174851183,0.0125961869680732,GSM3998277,GSE135251
0.137660402511855,0,4.99354740652012e-19,1.79231831883365e-18,0.00677161701785725,0.0142797240897995,8.80522958267651e-18,0,0,0,2.55291235476945e-19,0,0.0203594816775304,0,0.0513635027432233,3.2900900328595e-18,0,0.0195848125204243,7.76378686939397e-18,0.00359115730326418,0.0358897302617308,0,0.00137912374308899,0,0,0.0409948428286635,0,0.201587168108305,4.21836891649974e-18,0,0.00268109476534633,0.0229374999200689,0.0210655685400654,0.0137539272747242,0.00336588581888377,0.00508183014146897,0,1.61199631389013e-18,0.0140613406819851,1.24355604474416e-18,0.0222130223672543,3.61434567458148e-18,1.69611164219986e-17,0.0266032540765469,0.0176459308879747,0,0.000631665430904575,0.00302090978435072,4.69472192931501e-18,9.51418310523748e-19,0.00666568583407355,0,0,0.00336330526802806,0,9.51530648798053e-18,0,3.41646426491216e-20,0,0.425704913197551,3.980763687093e-21,0,0.0304385660084835,1.4873912661093e-18,0.0367523167958813,0.0179448651308654,0.0546971819267467,GSM3998371,GSE135251
0.0649515671888884,0,3.23304692404946e-18,2.65863249881105e-18,0.00742618296406257,0.010052375939148,0,3.56744773135855e-18,0,0,0.000686329349210385,4.91097522595869e-19,0.00809345146946002,0,0.00996535921574455,1.76690335344443e-18,0,0.0146972798777319,0,0,0.0111171848900115,3.04964558008153e-19,0,0,1.28353069452828e-17,0.0148280644582542,2.95457342512194e-19,0.11126029807824,0,3.06132635469334e-20,0,0.0184747336602974,0.0190479316313937,0.0045780403946839,0.00223250509629651,0.002582932300862,8.47876592572044e-19,0,0.018605919309348,3.00202459659497e-18,0.0141075653253738,1.06017800466546e-17,2.19562354836333e-17,0.0113917947489289,0.00437833828246426,3.78409464866129e-21,0.000179259823913797,0.00209797024030457,0,7.71785716784684e-19,0.00917586899296517,0.00230320493969417,0,0.00418972718406044,0,0,7.56583710921487e-18,1.08776873365123e-20,4.75887190643131e-19,0.319795792436878,0.00418521508699366,0.00595701765102504,0.0116171488309673,0.00183178462946468,0.0246085162148482,0.00555859244500575,0.0301671086598539,GSM3998198,GSE135251
0.0597701460562469,0,1.50389051057142e-17,5.34262058982865e-18,0,0.00100357087546917,3.5182787887193e-18,0,1.28347804346721e-18,1.06359433650314e-17,0.000106242639115837,0,0,3.95097643869081e-18,0.0293436812603298,0,2.84862021079878e-18,0.0146565511553021,0,3.0417965577415e-21,0.0550785980523127,3.3962382080966e-19,3.08486117006141e-18,0,1.09992368896622e-20,0.0260175602003746,0,0.236302178372557,0.00559116661747567,0,0.0188634040741532,0.00350872918048684,0.00980373661202401,0,0,0.00572799178646072,7.89572297431885e-18,5.76122297708293e-18,0.00219458248660827,0,0,5.09254486631921e-19,0,0.0366428695985062,0,0,0.000809257220499164,0,0,0,0,0,3.21661947343545e-18,5.51176012034116e-14,0,5.05778890950778e-18,0,3.98266430608951e-21,0,0.29575077924342,1.79692812358938e-18,0,1.36891110106028e-06,0,0.00233915278699123,0.0275392990261563,0.0298784518131476,GSM3998218,GSE135251
0.0926920138973727,6.44499081468919e-19,0,3.72220943448618e-18,0.00312200391806991,6.14715110930454e-20,0,9.73421168082059e-19,0,0,7.40998868726054e-19,5.86066396043454e-18,0,0,0.0288528059337039,0,3.12211215455919e-18,0.00167372099465076,0,0.00143202485895643,0.0562395708433609,6.99071323745913e-21,0.00266019159506228,0,0,0.0230150477731204,0.000103661057065914,0.147540715116725,0,0,0.00460270893883174,0.0151500572424075,0.0220385690284405,0.00496445822749568,0.00272080703700368,0.00442912578797577,0.00164245729194675,0,0.0215747979233195,2.00024205340882e-18,0.021560412880272,6.55738713066939e-19,0.0462085328489433,0.039911430870179,0.00432525658219103,0,0,0.00343667910083283,3.1775657095617e-19,0.0098020344047827,0.0142041126887529,0,0.0648769138190071,0.000531759304885322,0,5.96020457376809e-18,1.12984822790759e-17,0,0,0.194612891771676,5.08202908792525e-19,0.0275376958252834,7.82173116475633e-19,1.04766762131484e-18,0.029533320746315,0.0281197854216804,0.0576531061679954,GSM3998240,GSE135251
0.0436497660623296,3.82870490405559e-19,3.51871844845996e-18,2.76020197108725e-18,0,0.00805589291089225,2.23650105481996e-18,0,0.0176670246217211,0,0.00125561211848915,2.07622197076644e-19,0.00608041024841052,0,0.0179282500588214,0,6.48830312540827e-05,0.00802976254243692,0,0.000134498782515573,0.0149915653389408,0,0.00038660312429701,1.01387478667272e-20,1.24884533160725e-17,0.00872173257801998,3.20966050227753e-18,0.126918907147191,3.16731635424037e-18,0,0.00127572015168841,0.000741695098423088,0.00600814990368644,0,0.000870691447454898,0.00321388126950072,0,8.67408200838536e-18,0.00654403054050151,3.61072539171913e-20,1.74763693088392e-19,1.16179719063521e-17,0,0.00491452720801555,0.00103295538015495,9.3280760159798e-19,0.000776473674467796,0.000821729594974505,6.79007502338578e-19,0,0,4.657508944458e-19,0,0.00295397269797829,0,0,0,0,0,0.277898623049374,0,0.00275911098454962,0.00230620274396618,0.00663143710330796,0.00171240994891205,0.00749578266947043,0.00920819261838247,GSM3998342,GSE135251
0.0600741793316951,0,0,4.95882861098306e-18,0.0156432866918491,3.53707947455626e-20,1.48895420543682e-18,7.10355378908284e-18,0.00298203508152148,3.16292382850734e-18,0.00122228877299421,4.77585164072029e-19,0,0,0.0128588288261947,0,0,0.0168802482339424,9.95633561332136e-19,0,0.032922144736742,0,0.0113023477341166,0,8.67272840705472e-18,6.58830736565009e-20,0,0.123814720635865,2.79660469971858e-18,0,0.00291296839133669,0.00596498732140723,0.00968716689399454,1.38767225937327e-20,3.50171318622297e-20,0.00227022109485037,0.00210996535966341,0,0.0262238414845519,0,0,4.67510697514628e-18,0.0839612919170603,0.0271789279388558,0.000811262980824918,0,0.000168786529162804,2.06600247816482e-20,0,0.011716499468759,0.028644610303001,0,3.73301197236207e-18,0.000612068330432811,7.72329018554745e-18,0,6.3333872358321e-18,4.61235710826207e-05,0,0.224249061305626,5.51523662811321e-18,0.0208460800584668,0.00289614032828502,0,0.00397665821427149,0.016461072368371,0.0204377305826425,GSM3998338,GSE135251
0.113321697782408,0,0,8.46509530048196e-18,0.0220620935019799,4.70360709487137e-19,8.34054999105488e-19,0,0,2.59776910379919e-18,0,1.01562162177529e-18,0,1.53373433448656e-17,0.0173761371666551,5.55216309993786e-18,4.61252990399666e-18,0.014150719355616,0,0,0.0537953090236439,0,0.00228774397355017,3.40309637625678e-21,5.36401119910955e-18,0.0155520182555823,0.00154265819270074,0.212775837456726,0,2.99825241733335e-20,0.00802522902075327,0.0150513521603842,0.0184413446037557,0.00917002563760723,0,0.00392500630201656,0.00146335924725425,1.37323928051133e-17,0.00517175806431552,0,0.00446613196212221,1.0373290129966e-17,0,0.0203990234293732,0.00317599159285545,3.92064805756219e-19,2.72764751295505e-21,0.00312625514495393,0,0.0358491955503614,0.0232067727632077,5.29321287697788e-18,0.000538148962257286,0.000970410471572361,0,0.00357728902366505,0,0,1.02116218070433e-19,0.278215630737088,1.23614845976381e-18,0.00200639308841301,0.00973748581220575,0,0.0150958261783069,0.026897654511822,0.0419934806901289,GSM3998374,GSE135251
0.081218558702354,7.25933443580347e-19,0,1.34056468553703e-18,0.0264818558248972,2.97942969900484e-18,6.98109307516669e-19,9.72810191796645e-19,0.00482167017768557,0,0,1.39563199446011e-18,2.4799838735922e-19,0,0.0176567564572191,0,0.00109383121461115,0.000348821232086911,9.74358400638034e-19,0.00109193005326485,0.0476857457960353,0.00113682329470094,0.00609439827210582,0,1.50860015040179e-17,0.00693784255534424,4.56321048531261e-05,0.127192927851129,0,1.5253335269697e-19,0.00442397718007531,0.0185939635088163,0.0225967956951932,0.0106701191447304,0.00056407912005387,0.00234993077500356,0.00127399176280885,0,0.0295442192631551,1.18361086808915e-18,0.0109834329207095,0,0.0428045660378709,0.0428095627085665,0,0,0,0.0019253181461054,7.89403457298976e-19,0.0416516719870419,0.0211653688142839,7.49175851095582e-19,0.0807662084267147,0.00310382272149927,0,0.0047998049978253,1.07311977640728e-17,0,1.74714974548645e-20,0.15439964395975,5.23257563600432e-18,0.0400929807456562,6.70248648264021e-19,2.67752395658196e-18,0.0228636980291006,0.0238428728980177,0.0467065709271182,GSM3998352,GSE135251
0.0999179372994227,3.53198615006528e-20,0,0,0.00727756223145094,0.000739953506490164,4.51248407646714e-19,2.75848420755194e-18,0.018408245712609,0.00609082359610604,2.59664827667602e-19,0,0,5.75140843519723e-19,0.0247966718928857,2.7972996310465e-18,0.00364501848079929,0.0115705567369784,0,0.00410396631659238,0.0394951598552034,0,0.0127486483889496,0,0.018821479121451,0.0018261064007112,0,0.109458034679482,2.93841088554077e-18,0,0.00521842371202357,0.00735568579947228,0.0122611942151576,0.00520383371242867,2.82806536753639e-20,0.00225284768347943,0.00224888151634312,3.60865314259943e-19,0.0156728189915548,0.00308862024882343,3.43518571571428e-18,0,0.0959087382676136,0.0228754865625414,0.00374791637035343,0,1.21109586586724e-05,0,5.73874469562603e-18,0.0745877900186414,0.0231694995911,9.39751812427585e-20,0.0328874797319292,0.00296422520225515,0,3.40658214823233e-18,1.04857821350011e-19,6.55539489386151e-20,1.40751458151081e-18,0.189169513156293,1.04552172062038e-18,0.0227579011686649,0.00177300836522737,3.07092675439291e-19,0.00763976807737645,0.0291583194883272,0.0367980875657036,GSM3998225,GSE135251
0.0680272717385,0,0,0,0.00269602191002067,1.27572091557629e-19,2.55067990808055e-18,0,0.00191026266586097,0,0.000731215521744048,3.27325706762547e-19,0,0,0.0222428650667431,0,0,0.0100285473920969,0,0,0.0284448836301416,3.23648768319041e-20,0.00903543295815061,0,1.21241531112413e-17,0.0186669700958429,0,0.159953661506695,3.66135165829531e-19,0.000202284381092101,0.00369319853684777,0.0143182771539883,0.0126811276804595,0.0145257424676757,0.00300867209181165,0.00180227697023825,0.000545872579322332,0,0.0266883168709518,1.37674329796413e-19,0.00631950482991518,0,0.0312342421323227,0.0218302967274056,7.19016183680093e-05,0,5.33230102208018e-05,0.00135393911438733,0,0.0246126223137889,1.15950323205356e-18,1.40224733455161e-18,8.6504100235905e-05,0.00806316004182147,0,6.27661618390325e-18,2.3662867785959e-18,4.45750840997938e-22,0,0.262568305577403,0,0.0128044849455404,0.00323858409497057,0,0.0166669287934016,0.0142224418150708,0.0308893706084724,GSM3998373,GSE135251
0.0820291327784253,0,0,6.20481853526369e-19,0,0.0112966097954769,9.11043470759559e-18,0,0,0,0,0,0.00353771879374591,8.14709615305875e-19,0.0149097979801584,3.09350468909073e-18,3.54159217233524e-18,0.0306764724392052,5.38189487663669e-19,4.7575964373793e-23,0.0106895795646793,0,0.00575014867207785,0,0,0.00485668472375674,0,0.181605244191195,8.75741826010889e-18,4.51020374405482e-05,5.3842572744066e-20,0.00995787101782509,0.0117961680657107,0.00316444541157287,0,0.00132021232406274,4.45368708094655e-21,0,0.0165942090123073,1.51007998386747e-17,0,0,2.33068905558602e-17,0.00455975691363505,0.00755305351226946,0,0.000598359115366761,9.183920993082e-20,2.06994371649415e-18,1.80052602140224e-18,0.0191894815047981,8.28638681443562e-18,2.13122413063569e-17,0.000286447412704971,0,2.06799550255861e-17,0,0,6.43479044369135e-19,0.397584799274179,1.18453023521078e-18,2.63415086099153e-20,0.0247783124034989,0,0.00663858067855006,0.00534478978233967,0.0119833704608897,GSM3998314,GSE135251
0.0670894643885828,0,1.70572783708484e-17,0,2.44915457696602e-18,0.0113662359278424,2.48533629939407e-18,0,4.09763553739153e-18,3.75630795929197e-18,0,0,0.00782345304416232,7.49189285381599e-19,0.0399741228960347,0,0,0.0125706333120325,0,0.000657440964046734,0.026336097190461,1.44806975612315e-18,4.27739996434902e-19,0,5.28747777094941e-18,0.0314976893138546,3.85610666040261e-18,0.17485381876202,0.0221885338972755,0,3.23947060855353e-19,0.02465109825342,0.019321325024188,0.00854795644189428,0,0.0024969086665919,1.45198279493859e-18,3.54076453503331e-18,0.0142115955068954,6.26609518861997e-18,0.0011979443513546,0,1.77047357095092e-17,0.0187540884468622,0.00587519032717152,1.62947925364526e-19,0.000294454409107892,0,4.17079165445029e-18,0,3.75012193236687e-21,6.50832393534423e-19,0,0.000224772935797533,0,6.22133006963641e-18,2.33644993575325e-18,4.86351198102016e-20,0,0.340289560186381,0,0,0.0205472634614117,0,0.0176709890458809,0.0131680485952305,0.0308390376411114,GSM3998300,GSE135251
0.0314410332943686,3.45897028734773e-19,0,3.46526459488969e-18,5.50824954090049e-18,0.00222366956064306,0,2.96689220788371e-18,0,0,0.000186957657904615,3.36544445429475e-18,0.000913810472244679,9.8085543853315e-23,0.0070318629458607,3.38556720760499e-18,0,0.0138295377732835,0,0,0.042863391283247,0,0.0216504471777839,0,0,0.000731719172977261,3.657585171719e-18,0.132733309069353,2.36054632723116e-18,0.000756440625097931,0.00463277698259488,0.00284164127793497,0.00651286342150736,0.00238723549963837,2.90449442189808e-19,0.00179518956764667,1.65020200136344e-18,0,0.0307347544503582,0.00283576518454313,0,0,2.1781036523373e-17,0.0166429716879348,0.0130726813516292,8.59881453914697e-18,0.000365589069246409,8.81013939404041e-19,0,0.00218147897955178,0.0263991017957013,0,0,0.00375958383508631,1.09862119721846e-17,0,0,2.39408682660391e-05,1.10207949220571e-18,0.327490145931237,5.80127139944381e-18,0.012059732120046,0.00955872777847574,3.29792601364912e-18,0.00189442751862332,0.0214316956416235,0.0233261231602468,GSM3998201,GSE135251
0.102206607551539,1.50273371306427e-19,0,0,0.0588937202082513,7.84734640620416e-20,0,4.86700302836753e-18,0,0,4.44716913473495e-19,3.21256646012202e-18,1.17433807701759e-18,5.3946193402975e-18,0.0263266752229454,0,5.3359356035265e-19,0.00339348165581332,0,0.000167208730550912,0.0524354226195844,1.73105664058942e-19,0.015816580758094,0,0,0.00375300443391691,0.000190845268912078,0.0951992305862804,1.01632485009593e-18,0,0.00540338063903312,0.0161579029446664,0.0244087098317422,0.00667659710051369,0.000919656204944969,0.00159087906807004,0.00219513227534673,1.19308617120859e-18,0.0350441554004151,1.92875787241564e-19,0.0113019096239143,1.89716409583622e-17,0.0935964503330556,0.0477671801452461,4.22220342568978e-20,1.68481972875429e-18,0,0.00335723065481179,0,0.0534698221389961,0.0221655657869091,8.87857841171591e-19,0.0904602338605716,0.00192775752557513,2.1239021062711e-20,3.22590488179913e-18,1.20436581710782e-18,6.30540237900814e-20,0,0.134211196252194,1.83675990133316e-18,0.0327963744016544,3.89622539322127e-18,2.5704245194642e-18,0.0212692721059256,0.0262177113097922,0.0474869834157178,GSM3998350,GSE135251
0.053017408180396,0,6.16896491521099e-18,4.30169515109751e-18,5.71080939416721e-18,0.016050523997886,3.32787046990827e-18,0,0,0,2.07702378698523e-05,0,0.015538342441813,2.83878438431509e-18,0.0327602943389516,0,6.4920816499667e-18,0.0227331440271709,0,0.000130919639847073,0.0153923181505811,0,0.00663682805462525,5.75018869173551e-22,8.86094569436116e-19,0.0260899505883205,0,0.167112369565563,0,0.000723956114636453,0.000682868420888978,0.00755091195669793,0.0108822401506601,0.0014514482116676,0,0.00382824626424541,0,0,0.0135996977713992,0,0,1.61074161006316e-20,1.88406227032129e-17,0.00524173407807032,0.00590013950852582,5.75286134746026e-18,0.000929287417501524,0,0,0,0.010148702716664,8.0109340624734e-18,0,0.00102329883161089,0,0,4.54442928499593e-18,0,0,0.376762173121331,0,0,0.0296556795418052,0,0.00512122106436334,0.00769615907529057,0.0128173801396539,GSM3998328,GSE135251
0.0746186790536757,2.5627675364167e-19,3.11502009748807e-18,0,1.24037723474352e-18,0.000294992977664634,0,1.12453878021924e-18,0,0,2.23355305408009e-19,0,7.10689259507533e-19,3.44329997493709e-19,0.0768610866369532,0,3.37698348752073e-18,0.00382979572681525,8.86185045921086e-19,0.00810971465065727,0.0297536356357883,0,6.26343759511723e-21,0,9.10368442125308e-20,0.0268144156973999,0.000334159638115442,0.174085355745739,0.0752982042332037,1.83152192754199e-20,0.000936117722479352,0.018967298560257,0.0149460257162712,0.0116294158575962,0.00608031476903739,0.00215649070125757,0,0,0.00107456823638955,9.88710412483217e-22,0.00671051600235968,4.36698641176111e-19,0,0.0171284928402629,0.00199512373827238,8.64986588567125e-19,0.000108150165327193,0.00123191940263121,0,0,0.00573648100495652,2.29549917115833e-18,0.015499943752,2.42884507741499e-18,0,0.00628162562786941,4.86424531948511e-18,1.75337500473556e-21,7.31961330513618e-18,0.210900867337706,2.19488749555834e-19,2.63981326794083e-18,0.00913963767465508,3.5332372100739e-20,0.0273998422566284,0.0148768178178942,0.0422766600745226,GSM3998257,GSE135251
2.17229265781735e-18,5.56473102703473e-20,0,1.99959550746589e-18,0,0.00253960128617539,7.67876186762608e-20,0,0.00687399091973919,0,0.00262134590910753,1.21759925513779e-18,7.17031170894845e-19,0,4.35266377807636e-20,0,0.00106140288226779,0.0187231873222957,1.47443537430688e-19,3.05527685330337e-19,0.0148954497487079,5.25985419470041e-19,0.0386465633355822,1.03058212376264e-19,6.97152301978414e-18,0,5.29204685107062e-20,0.0598099466924745,6.48019824650171e-19,0.00130391078171035,0.00149275776220588,1.7847988937532e-20,9.91346408052228e-21,0,9.58566395580363e-20,0.000617987110368193,0,3.27090334987054e-18,0.00995280791406184,3.23567248348938e-20,3.24965310739001e-18,7.88629778022358e-18,0,0.00316786348656628,0.00314067666892059,5.53283817286092e-19,0.000419287920613997,0,0,0.00259066164521607,0,7.77788850583401e-19,1.01160607567086e-17,0.00925984362301419,0,0,1.01819818479927e-17,0.000487512930122456,0,0.283578145464533,0,0.00500907679538012,0.0130303423409111,0,4.94137706885976e-18,0.00744772487435394,0.00744772487435395,GSM3998333,GSE135251
0.094680031472767,1.0954573673031e-19,1.27962233854439e-18,0,2.65213452370182e-18,0.00780351481332861,0,0,0,3.40655632101005e-18,8.62955436661924e-23,0,0.0163996312250014,0,0.0381007533056304,0,7.93253869378425e-19,0.00381088219744173,2.27122835002022e-18,0.00227557133734605,0.0371822730456673,0,0.00146885019481202,4.4375844920131e-20,0,0.0470469637661366,4.32955005050316e-20,0.165252163060774,0,0,0.00138711505803324,0.0343509426756114,0.0229449502695265,0.0122559292112447,1.13296801968646e-20,0.0043109639482025,2.25083120021185e-19,0,0.0180968566388014,0,0.0115374772166121,4.62852995634482e-18,8.02107982597579e-19,0.0253925256386111,0.00791445245306138,4.55714997000485e-20,0.000236416420121733,2.37210810210255e-19,1.86833508122034e-18,3.07851351761358e-19,0.0246916481907976,1.43964634317467e-18,0.0293748489598814,0.000947732481143166,0,0.00389863687068616,6.3309246976602e-18,0,0,0.263624244484905,0.000564131431497769,2.37679122454959e-18,0.0162136916586995,0,0.0321093274863797,0.0185911365228337,0.0507004640092133,GSM3998275,GSE135251
0.045596438295572,3.56521526060755e-19,1.60717603878288e-17,5.79852203155879e-19,0.00835744766614498,0.00533278923246629,7.92356296057711e-19,0,0,0,0,4.27696303017985e-18,0.0042143643029296,2.33786877104901e-18,0.057407544885246,6.54343122282501e-18,8.66194127284776e-21,0.00915269111818177,0,0,0.0277657531731241,0,9.11185127695494e-21,1.46488446519092e-20,1.73559044343445e-17,0.0326878273821727,0,0.200832959485638,0.052717673409749,1.81041058860764e-20,4.8969526087155e-19,0.0258624417386051,0.0217818677011204,0.0086432212449186,0.000334621141446025,0.00550330765583996,3.77447688071284e-18,8.1581825864287e-18,0.0231538595770217,0,0.0062028343009489,0,2.86553150574917e-17,0.0214062614458006,0.00191752356574378,1.08950371161476e-18,0.000139132485747103,0.00284210115703373,1.06192165345899e-17,0,0.0238698330183193,7.54674131554816e-19,2.58261947536548e-18,0.000272949356442455,0,0,6.48053152469431e-19,0,4.88622987230879e-18,0.330245056505761,4.11665151560164e-19,0.00061265643302622,0.026603739325048,5.55218376776258e-19,0.0234946655586892,0.013882876586562,0.0373775421452512,GSM3998296,GSE135251
0.0245017813987095,6.77224613250536e-20,0,1.60108851550543e-18,0.0176867356429323,4.83853850754559e-19,2.27010496707602e-18,1.97991099487216e-19,0.00011177043157521,0,0,0,6.56771366664655e-19,0,0.00528997520201881,5.12383040482645e-18,0,0.00951960644293091,6.262779526342e-19,2.51885945709128e-19,0.0192826812456271,0,0.00971795063297238,1.07561692062344e-21,3.67242197717208e-18,6.21086830637502e-20,1.81563588916524e-21,0.099230190456735,0.0058652568056138,0,0,0.00531127736866295,0.00800748840399015,0.00296112855483345,0.000679636454857721,0.000997518956222135,0.00186218109629586,0,0.0351734042102848,0,7.39513766901575e-19,0,0.104510557804218,0.0183295698059803,0.0066612405714659,0,0,0,1.38971941540455e-17,0.0267195574829564,0.0486339121190357,0,0.0152096159630964,0.00497855015223218,0,0,4.59931048524767e-18,7.3567801391582e-21,0,0.243018617579325,4.35754213236436e-18,0.0432257147222,0,0,0.00399394254901379,0.00964134062281353,0.0136352831718273,GSM3998302,GSE135251
0.0976005222079032,0,2.28132139759827e-18,0,0.0371790817671992,2.77419226046027e-21,4.8944488549554e-19,0,0.0157743440093218,0,0,5.9444453550867e-19,0.00623207282295774,8.98089955618662e-19,0.0402496609371347,1.26951436896617e-18,0.00364601669437576,0,0,0.00234683477213495,0.0498621794781993,2.80731177022884e-19,0,2.822180879983e-20,6.19755564217635e-18,0.0176580134299182,0.000115463872960351,0.13612182657229,0,0,0.00596390583814791,0.0245656908996599,0.021022787741296,0.0131648682460997,0.00366312619664896,0.00399912121589088,0,3.42538401108718e-18,0.0101205969985764,4.76487396379904e-20,0.01315155847527,4.23067805021653e-18,0,0.0396411033210893,0.000654089055452357,1.93013435357205e-18,3.33881008898499e-05,0.00148539830919281,0,0.0191877073247105,0.0161764914109288,0,0.056540541166586,9.62477927564842e-22,0,0.014023560855947,0,0,0,0.1867783972307,0.00170207890819314,0.00680023667104188,0.00394499802473535,1.94074331231069e-19,0.0301417391019377,0.0249310897390996,0.0550728288410374,GSM3998358,GSE135251
0.0956203182079656,0,0,5.51452614259039e-19,0.00485841792064462,0.00834359608345716,0,0,5.20151105544955e-18,0,4.26674570070965e-20,0,0.00944902387873981,6.00076033401148e-19,0.0509546898893735,9.6551704437711e-18,5.66060497365084e-19,0.00657095391573908,0,0.00220912418945771,0.0323969891142514,0,0,0,0,0.0429213733465463,0,0.210936012961175,0,1.87695701442835e-20,0.000420197682491624,0.017276944418845,0.0143988593168042,0.0079484106568796,0.00278604769289495,0.00316080060810745,0,5.66976687382657e-18,0.00587150515292436,0,0.0209309579197403,1.78908640823537e-17,2.63186286341679e-18,0.0183606991167613,0.00823150438393134,2.26005262857303e-18,0.000398896911181752,0.00402669428337552,0,0,0.0026251995572949,1.11586841881366e-18,0,0,2.25549861324962e-18,0,2.82653564241689e-18,0,7.7798707216301e-18,0.29212903347168,1.14291559712217e-18,0,0.0191667267625786,0,0.031486512336209,0.0161984945571257,0.0476850068933347,GSM3998178,GSE135251
0.0556255353703053,1.47967809589798e-18,0,0,0.000348106317834848,0.00433865661809943,0,6.06319652773275e-18,0,0,5.23495738149854e-20,0,0.00980386606174516,2.90826091262031e-18,0.0323549100636923,2.45560279046759e-18,0,0.00247026504991969,2.56912572645398e-19,0.000247862490425652,0.0281566320920965,0.000191745714852492,0,0,0,0.039029232982577,0,0.171729090570899,0.0054375615190909,0,0.00117625330456388,0.0102593430525058,0.00972294496977532,0.00736302804497381,0.000999486060288217,0.00319009100573821,0,0,0.00829581058564258,5.12071998520442e-19,0.0100981584704289,0,8.54459733960793e-18,0.0159346288398461,0.00612915183344442,1.15585923223562e-19,0.000102890552927456,0.00353193097549243,9.86923627813915e-19,0,0.00762970430916133,0,0.0139562583442975,9.26837651907437e-19,0,0.0171985373847648,0,1.87098600789262e-20,0,0.256507390698301,0.000410622813837011,0.00157258377810126,0.0100253360249399,9.91332878997662e-20,0.016885684509329,0.0140783160460482,0.0309640005553773,GSM3998231,GSE135251
0.0543562931981165,6.79819011150722e-18,4.13469857124385e-18,0,0.00404025628354532,0.0103837069088769,0,0,1.05877269331999e-19,0,5.69102825425829e-21,0,0.0115799830874133,1.15884684652632e-18,0.0486570298830427,0,3.83635942283258e-18,0.0111968373308678,0,1.14148095055568e-20,0.0310239856123469,0,0,0,0,0.0401179985070852,0,0.176281141089404,0.00998804505246668,8.2239792948073e-20,0.00372668126575449,0.0114960628123049,0.0136751326914266,0.0058358673233418,0.000702282633010196,0.00432381849485329,0,0,0.00589424367602667,0,0.014349944444948,1.97710958908458e-17,8.00572587041313e-18,0.0162148653566796,0.00500949388917147,0.000573993058926571,7.56572274270676e-05,0.00323868631530876,0.00262290539089025,0,0,0,0,0.00267516196879686,4.26187776030016e-19,5.5804373077104e-18,0,1.00626628187251e-19,2.99645468193792e-18,0.316133731655147,0,5.05007096701642e-18,0.0495127045357892,6.56421876105373e-20,0.0216065877309747,0.0155119928061734,0.0371185805371482,GSM3998194,GSE135251
0.0750190289966951,0,8.68775387651008e-18,8.96882084885875e-18,0,0.00313603015110757,1.86207814907621e-18,0,1.20269928637977e-18,0,0,1.46004946206507e-17,0.00228777334485475,3.13841596129312e-18,0.0378776268072794,6.57232988889009e-18,6.64243620938189e-18,0,0,0,0.0525258866646856,0,0,0,0,0.0377301821011226,4.47618877071836e-20,0.294016380262486,7.31176254235211e-19,0,0.00306973646135642,0.0119542225153425,0.0110024268286624,0.00536774673100056,0,0.00455668550873718,0,1.00198096532447e-17,0.0167464846885253,6.84173660501412e-19,0,7.14848585014394e-19,0,0.0266949524399158,0.00301067096416259,0,0.000312494019156459,0.000987456759154412,0,4.17971008156044e-18,0.00622436407386245,0,0.0194319909319939,0,0,1.82372170338065e-18,0,5.40454374872691e-20,0,0.314451938201354,0,6.85839009281146e-19,0.00518756324006153,1.03623934657137e-18,0.00862778618299795,0.0262629433323428,0.0348907295153407,GSM3998175,GSE135251
0.0921642516224364,8.39030147722861e-20,1.74302230588989e-17,0,0.0498346543386684,0,0,9.58723052518771e-18,0,1.29081936583648e-17,9.33586880515157e-19,8.53892931342238e-19,2.75946181662863e-18,4.12168339977807e-18,0.0203562344706613,0,0,0.00080362944273135,0,5.08745134855195e-21,0.0594290298317038,0.000798111020278325,0.00331554874853878,5.80776872575156e-21,0,0.0122929588856787,0.00133109006078641,0.186659130635516,0.00376795020615232,0,0.00775014428804971,0.0170628819203876,0.0243851739735331,0.00570676521687979,0,0.00325073176483573,0.00135363019897432,0,0.0245589711924969,0,0.00639745123776188,7.75633924006957e-18,0.0763823639260129,0.0578243946819431,0,0,6.03031842231333e-21,0.00469144165084708,5.74665824348252e-18,0.0724913607168986,0.0172235539498816,0,0.0700469925066426,1.44798622273093e-19,1.62373349771032e-18,0,2.03022953567463e-17,0,2.34987283690095e-19,0.106390640600589,7.94349527774604e-19,0.0373875704783564,0,0,0.0192999238861833,0.0297145149158519,0.0490144388020352,GSM3998349,GSE135251
0.0772002351093297,1.48454102285917e-18,1.77739594555429e-17,7.5774652234371e-18,3.04619398987861e-18,0.00591913599710165,0,2.94273578301831e-18,3.48503039152632e-18,0,0,6.60387768940632e-18,0.00569310911207746,5.68823847770806e-18,0.0415093021020405,2.61532651004666e-18,0,0.00432329693902924,4.13217758328292e-18,6.40312196850517e-21,0.0406755086346336,4.64021858203286e-19,1.05343034175839e-19,0,1.91467429104109e-17,0.0384682440342584,0,0.287693304217866,0.00575311252797034,0,9.84123020706166e-21,0.0245536562274457,0.0207452240043753,0.00578664850390108,4.4521852966734e-20,0.00393048379319445,9.6545283904908e-18,0,0.010192930650209,0,0.00674035541901174,2.55634658298001e-19,0,0.0235546769194175,0.00218691526839431,8.56349784513357e-18,0.000443817343760239,0.00246082507387838,4.03639598132312e-18,2.77258698177553e-18,3.29730916635785e-18,5.36181909841402e-18,5.58221252308106e-19,1.33339697508492e-18,0,7.76078260196888e-18,2.48249479696795e-17,0,0,0.324888658467688,3.92603981740759e-19,5.43444214151525e-18,0.019282474139322,0,0.0225032244802239,0.0203377543173168,0.0428409787975407,GSM3998286,GSE135251
0.00898426884744058,1.41713288737926e-18,0,1.05728143949495e-18,1.49298594797166e-18,0.0108727943199691,1.26872941150902e-18,0,3.49741524100747e-18,1.22018685479105e-18,0.00129461602408357,0,0.00380464634213404,0,0.00686305031732272,1.89732054087033e-19,4.47746499206846e-18,0.0205967293812447,7.23380417258111e-19,1.47309687216431e-19,0.00994371152887971,2.25866957015675e-19,0.00868628895309889,0,1.77873373744702e-17,0.0155733451737744,1.99683640242311e-19,0.126217027196557,0.00749695450321656,0.00038478087329117,6.5962112688694e-05,0.0066133389700348,0.00566049019302141,0.00237480329618057,0,0.00296744511280097,0,2.60997675544648e-18,0.0297639420350223,0,9.7996165094052e-19,2.02715840306935e-17,0,0.0046094528756766,0.00601882550722951,0,0.000231987069423906,5.02254114453102e-19,3.12227565905858e-18,8.72765936474358e-19,0.0282775651977293,0,3.56621850553094e-18,0.00358451634025475,7.50230451740492e-19,0,7.77347427351266e-18,2.71050543121376e-20,6.93390204748088e-18,0.328312612928664,0,0.0236308983539079,0.0169815421692409,4.30654587497355e-19,0.00440889264668987,0.00497185576443987,0.00938074841112974,GSM3998337,GSE135251
0.012060713539318,5.67136845141206e-19,0,1.82275713477869e-18,1.21349053101936e-17,0.00710543333404147,6.00924527671562e-19,1.45229646255253e-18,2.47947277906332e-19,0,0,0,6.91202231975533e-19,0,0.00928070681611845,8.9460017778905e-18,1.0441678411997e-18,0.0137426587039973,1.47584125563717e-18,0,0.0492979299553791,0,0.00525090954684295,0,1.85906423657153e-19,0.0086099137596195,0,0.161762557476886,0.00723813541005827,0,0.00394039876753828,0,0.0028581990773994,0,6.36816802157601e-19,0.00494541946215067,0,7.93767697221572e-18,0.0166245104917268,0,4.13460313844431e-18,1.01422763594464e-17,2.3151092685356e-18,0.0236593956386503,0.00529849251664079,6.7689106529251e-18,0.000306535392996791,2.11080508991195e-18,4.23452158540374e-18,0.0761791603945642,0.022049184161309,3.33400939614711e-18,0,7.5946521493076e-16,0,0,0,0,2.8177756856836e-18,0.276826060907365,6.82488601089402e-18,0.0075269925802825,0.00854700306575497,0,9.59453347549922e-18,0.0246489649776896,0.0246489649776896,GSM3998196,GSE135251
0.0557039902593393,0,6.37963984809736e-18,1.47898262182369e-18,1.51581995348933e-19,0.00630887575682677,0,1.50970509967264e-18,0.00252658590908043,0,0.0015414396919366,0.00372268187302881,0.00954407191703741,0.00194955637007078,0.0112246939831123,0,5.47151545323274e-19,0.0113340423422486,0,0.000582764407312426,0.00956644223209501,0,0.0204422394147129,0,2.83152422523648e-17,0.0164040253690896,0,0.15931172909126,0,0.00134066583379575,0.00023889402297465,0.00565195450426942,0.00930781363438324,0.00336079800372157,1.48823347769346e-20,0.00174138115405786,1.22362427395536e-18,8.16888893198241e-19,0.0124435253826144,0,0,0,9.82435930841873e-18,0.00263241062153886,0.00735890675627448,1.03652788293909e-18,8.68834478297671e-05,1.76853858820106e-19,5.5094721251633e-19,0,0.0213224980232367,4.24207477110777e-18,0,0.00103081544275641,0,0.00221786522917314,6.76088468777902e-19,0.000478405461163043,4.14560390676644e-18,0.265821543039822,0,0,0.0221055707452643,0.000743289754419917,0.00663826718974045,0.00478322111604752,0.011421488305788,GSM3998251,GSE135251
0.109485178538124,0,8.90414934697601e-18,7.03615926066506e-19,4.81657770458838e-19,0.0109781475859978,1.76727186540412e-18,0,3.86919786746812e-19,9.89913037068022e-19,0,2.29328651347551e-18,0.00674265566376701,0,0.049083310746591,0,0,0.00295276178899077,0,0.00228336880582552,0.0327726487071404,0,0,0,0,0.0306513636998411,0,0.198332962609859,1.99854992466206e-18,7.14774809688179e-21,0.00114545644461324,0.0123190761662994,0.00779824493072328,0.00753019512899429,0,0.00168594679350653,6.65557371503469e-18,7.91037915322479e-18,0.0115735365470824,6.53498626631267e-20,0.0133266076294669,2.01962842596089e-17,0,0.0206727945935005,0.00669498405204981,7.74468332574815e-20,3.47675773532908e-05,5.09713171549572e-22,0,3.80095491420933e-18,3.60645497296465e-18,1.19637135977247e-19,0,0.000581020245773684,0,0,1.26993897465251e-17,0,1.98114220927448e-21,0.290855015425806,0.00144174511127897,7.22078328659056e-19,0.0159339842651787,0.00281147709235296,0.0186193684010612,0.0163863243535702,0.0350056927546314,GSM3998291,GSE135251
0.0760166316887575,0,1.16268177357419e-17,1.48523355828556e-18,0.00106631602670958,0.00757064855162364,3.16623327946069e-19,0,2.20540291439016e-19,0,0,0,0.00928371765681958,0,0.0477157995999444,0,0,0.0111960713262503,0,0.00123200536104435,0.0338348967326163,7.85841664942364e-19,0,6.94694014418668e-21,0,0.0330050447938344,0,0.201069918405353,0.00681568329545627,7.52299639731508e-21,0.00151652920993879,0.0192195934332726,0.0168836055169879,0.0066777103714838,0.000477649962666069,0.00314058558761453,5.85694844338958e-18,0,0.00835395981356343,0,0.012393374054465,0,1.64201261472465e-17,0.0236664687728039,0.00427356600244276,0,0.000481684306621602,0.00455190874074033,0,0,0.0122452006488672,0,0,0,9.32869686457247e-19,0,1.0347734505525e-17,0,3.32046856235868e-18,0.346646185185992,0.00149236825588715,3.27862673524111e-19,0.0107086532630619,0,0.0252496877014589,0.0169174483663081,0.0421671360677671,GSM3998298,GSE135251
0.0399531791943198,1.04667023865227e-18,9.13983599163567e-18,0,0.00132937774984832,0.00578305073895102,0,0,4.31641386765307e-19,0,0.000441187483884244,0,0.00567521653932365,1.79452912232986e-18,0.0225699283059386,5.31813276326776e-18,0,0.0062859309926081,0,0,0.0172984939328073,0,4.6504744621695e-20,7.09112390593508e-22,2.34632332290582e-17,0.0248130932593346,0,0.139293301493697,0.00762963551004192,9.47819602062479e-05,0.000715325863181594,0.011248843710576,0.010745246717634,0.00431999610450451,0.00230717456481219,0.00191558679011793,2.92728468625488e-18,8.22261148337957e-19,0.00442683530719598,4.81612395172803e-18,0.00401988702812599,0,2.31908099640218e-17,0.00931476493829963,0.00865279464481487,5.48352774015716e-19,0.000407033354398384,0.00137995448990425,7.09428841166461e-19,5.65266920700621e-18,0,4.81777191251463e-18,1.13226944187593e-18,0.0017042213185512,0,8.10837718053974e-20,9.49624538890246e-18,7.32533041417665e-20,8.4138467038168e-18,0.305981467809197,0.000293576598032675,0,0.0164158221262254,0.00300217859202434,0.012637239862279,0.00864924696640369,0.0212864868286827,GSM3998321,GSE135251
0.0154290105930843,0,7.39407605632689e-18,3.06765265088359e-18,2.62051144521015e-18,0.0157856986613689,1.96459027563869e-18,0,0,3.70046212987145e-18,0.00286155144927868,0,0.0106271347986864,2.09499499891907e-18,0.0188949962751708,0,4.84365557927947e-19,0.030565929685146,0,1.06872772593017e-20,0.0146968914069006,2.74996358454483e-18,0.000488803727373969,0,2.51215242083483e-17,0.00960595465172154,0,0.177136499174988,0.00736349869696512,0.00019793792907412,0.000848977887464275,0.00381800910284462,0.00357475919683639,0.00221745276182592,0,0.00369492141327873,0,2.32792979116684e-19,0.0191885030058617,0,0,0,2.26248547196829e-17,0.00438489176729552,0.00634856330450403,3.97698177740622e-19,0.000253540662576393,3.8025807462491e-19,0,1.62227098555465e-18,0.00139970689517642,0,0,0.00180605432770826,0,1.47592345760302e-18,3.5338675600089e-18,0,0,0.384006324324417,0,6.03921431349219e-22,0.0351230291379538,3.30137170361622e-20,0.00254533940189642,0.00734844570345031,0.00989378510534673,GSM3998317,GSE135251
0.0192214410608921,0,2.25432222060856e-17,9.44930302774093e-19,2.51146874945982e-18,0.0134853424754683,0,6.89497785981625e-18,0,3.53226790026839e-18,0.001294955413723,3.19880221118419e-19,0.00379277046499002,0,0.0224579436882199,1.44716702182314e-18,1.7344951931896e-17,0.0295652771607932,1.52012391612485e-18,1.51641960261208e-19,0.00847381329500254,0,7.20700815098361e-21,0,1.03788799005152e-17,0.0242837551972046,9.43745889110257e-18,0.208743613806617,0.00747993386212319,0.000193419398570706,5.89677853439807e-05,0.00583837227473933,0.00664281618408524,0.00228071938913725,7.53082380144143e-19,0.00203430534523201,0,0,0.0151297200016792,1.02064435324944e-18,8.25094251290822e-18,8.2712196991374e-18,3.02799755525224e-17,0.000868352359205608,0.00502624777356274,4.03868281760371e-18,0.000390792279346122,6.19419235253376e-19,8.89327332137793e-20,0,0.00662719098243376,1.97097438424922e-19,8.14601919616337e-18,0.000326722117834851,0,8.69646880638842e-18,0,0,0,0.427468578252381,1.74933664870025e-18,0,0.0412643943727996,0,0.00389224818315956,0.00423690664750128,0.00812915483066084,GSM3998215,GSE135251
0.0373086716463648,9.62142730781663e-19,1.32792278379738e-17,0,0,0.00845507302910135,0,0,0.00719943064009688,1.02957138211355e-17,0,1.61440505054071e-19,0.0113295278803224,0,0.0388112596378906,1.56611381663127e-17,1.39211280775479e-18,0.00572005194965674,5.82187677448495e-18,2.31942647887483e-19,0.0175827101810916,0,0,0,0,0.0347565979831572,2.38113208235593e-18,0.201349477780505,0.00496551536463461,0,0,0.00755009517141765,0.00979042406234469,0.0023750594148262,0.00304569299448422,0.00333380186093576,0,3.14868624451534e-18,0.00253215552239326,7.33661163131554e-19,0.00204087609614999,0,0,0.00633547979735279,0.00331253966879363,0,0.000178786305141255,0.00257705403231183,0,5.31033653222441e-18,2.99328182841732e-18,0,0,0.000748839320563827,0,0,8.34171885469636e-18,2.87593821969051e-20,9.9665509259666e-18,0.293880234244969,0,0,0.0206679673520969,0.000167753883114632,0.0101424788629091,0.00879135509054579,0.0189338339534549,GSM3998249,GSE135251
0.0341133181311468,2.47930959918397e-18,0,0,1.13068782056708e-18,0.0148416914585826,0,6.08048700997835e-20,8.08627541641366e-18,6.61646385562599e-18,0.00133349395453279,1.91625265315698e-18,0.00629338960774932,0,0.0260663934811584,0,3.32337252565583e-19,0.0234888713889213,2.26235244052028e-18,4.73930654193943e-21,0.0116060833213295,2.75756633655329e-18,0.00161687141582373,0,6.89511505702696e-18,0.0104077014778069,0,0.142984203115963,0.00426461113319295,1.31780727579553e-05,0,0.00936898687953952,0.00970679846470482,0.00417370063742564,0,0.002757137897805,0,0,0.0251044250179159,5.30820647909216e-18,5.1698766103624e-18,5.65670946162675e-18,8.452781489313e-18,0.00457887684281817,0.00443234587084691,2.49506290641718e-19,0.000476947733751354,1.01500748403527e-20,0,9.1252156577245e-18,0.0304385532876448,0,2.42459402123637e-17,0.00461629862348065,1.47549564970999e-18,0,0,3.69233638456755e-20,0,0.387476508878682,1.52801229632283e-18,0.00126897210585907,0.0339684763978353,7.27323431110064e-19,0.00624599125302636,0.00580304166066478,0.0120490329136911,GSM3998318,GSE135251
0.079161786269179,2.69587253487553e-18,5.17894658743205e-18,6.36668369751701e-18,0.0104786314564112,0.00280455127590066,0,1.82795208167603e-18,3.51799767625718e-21,8.4809837069167e-18,0.0010863279224961,3.66610617599126e-19,0.000921499093255274,0,0.0324980352771335,5.81425166969655e-18,5.15363292788144e-19,0.00598919606623028,0,0.00151209598583072,0.029277515377571,2.18519292453571e-19,4.33652637704702e-20,0,2.5319316921532e-17,0.0299564613689687,5.83489738053225e-19,0.179260181126549,0,0,0.00146186380632554,0.00941992144136078,0.0142513204718844,0.00332405555045518,0.00414464412211081,0.00106435132863096,2.34882455801993e-18,0,0.0129448482624817,0,0.00846399958496021,0,3.10897257459808e-17,0.0208758614894715,0.010176668514946,1.27292433337055e-20,0.000284146680616685,0.00356016789952933,3.19902756951627e-18,0.00453039044922763,0,7.76312732395631e-19,1.08195103644089e-17,0.00392020191551577,0,0.00374536249734597,3.31351572532163e-18,3.67975492304631e-20,0,0.32171023302126,1.96889199602982e-05,0.0015104644179976,0.00580196792308158,0,0.0180672193558612,0.0146387576887855,0.0327059770446467,GSM3998380,GSE135251
0.0456138634916612,7.88441946160031e-19,3.77125977517863e-18,0,1.70290556279346e-19,0.00677018536038459,0,3.04651519069163e-18,6.956229589483e-19,0,0.00225318289915507,4.02011909733488e-18,0.00515608791914903,0,0.0243234416045366,2.88387688735081e-18,0,0.0137822767762136,0,3.40436588348358e-05,0.0144062683231491,4.98495803607319e-19,0.00471629469016384,0,2.18137254955864e-17,0.0184846680155112,0,0.142270586806302,0.005520101685178,4.81124948148019e-05,0,0.0102018294499061,0.0101765327156132,0.00512542349155408,0,0.000696844439431492,0,1.01502098320862e-17,0.0173013325138526,0,6.11003800656337e-21,0,8.51417252017538e-18,0.00933786116252257,0.00739132089278301,2.95068474165361e-19,0.00038121781028449,0.00116027918733786,0,0,0.0148212699792657,5.58748821829151e-18,4.30368089849444e-18,0.00442634965808066,0,1.04643371502355e-17,5.64118454381849e-18,0,6.66280454585244e-19,0.345909821978319,0,0.00880204404743414,0.0341026031598663,8.71301891551432e-20,0.00759743486405252,0.00720313416157458,0.0148005690256271,GSM3998326,GSE135251
0.0728487478557845,0,0,2.25985680273276e-18,0.0246316908415418,0.00170630876064213,6.31558463274261e-18,0,6.66924208997713e-20,0,0,0,0.00025617444043197,0,0.00788154248630732,0,0,0.00971268307466793,0,0,0.00857194462368729,6.64877266709049e-19,0.00506360670697122,0,3.54848130527359e-18,0.0136510213971231,0,0.090637717362153,5.08958183249846e-18,0,0.000101744008070496,0.00901522094832268,0.0125384346388194,0.00518037050526973,0,0.0010128681848172,0.00273447253420737,7.62423458765269e-19,0.0217017401326908,2.2839774975856e-18,0,0,0.022180287889628,0.00539327271161237,0.00865805443350123,0,9.11006087786081e-05,8.48562301306355e-05,4.76266742724611e-18,0.0315987318931606,0.0198696152321302,0,0.0131835737271311,0.00873350974162082,0,2.77931812363733e-18,1.27706080148749e-17,6.74966937466903e-20,1.3228290463683e-18,0.329196550491128,0,0.027725773584306,0.00498492328898386,0,0.00606671811896888,0.00428597231184365,0.0103526904308125,GSM3998210,GSE135251
0.0808036467406781,0,0,3.23700046421028e-18,0.0414377703015819,1.91221269622579e-19,6.44852544325203e-21,7.66222445819225e-18,0,4.17711773149552e-18,5.05046980640742e-19,1.450699767379e-18,9.12033341397125e-18,6.8498161575516e-18,0.0153694851350755,1.98641634691473e-19,3.24885834373887e-19,0.00707725713337672,3.27632888275258e-19,3.8512285091053e-19,0.0502934193294851,0,0.00687568677474291,0,2.20526205748111e-18,0.00448302455931613,4.02118469937152e-21,0.183145946995703,6.1459757285051e-19,0,0.00643127321949167,0.0122479523673016,0.0188059408415831,0.00497270587434317,0,0.00439292605269885,0.000889977889610014,0,0.0308794477063439,0,0.00647139183893772,0,0.0950651936151077,0.0596390557946213,0.00096529343538301,3.26081556168718e-18,0,0.00991879163141184,0,0.0727253215172879,0.0296435998908715,3.03776007297688e-18,0.0900552996976813,0.00151657443450396,5.70581083722697e-18,0,0,4.30237197163474e-21,0,0.135356227698947,0,0.05065118169475,0,0,0.0190920905584341,0.0251467096647425,0.0442388002231767,GSM3998361,GSE135251
0.180463934628133,2.48605236474693e-19,2.11994001331764e-17,0.000846031766887864,0.0177004833843299,0.0521650129066505,0,1.03230772561199e-17,8.42915795700199e-18,3.90589722747034e-18,0.00208752360826575,0.121227832257572,0.159110906345369,0.0462135523503582,0.0554408910417839,0,3.94741598905484e-19,0.00526856156689278,1.79967550027675e-18,0.00286301851412578,0.0228901204158132,4.12610217398905e-18,2.18206105285636e-19,0,0,0.0394320951773347,1.01313178379597e-18,0.162425505501191,1.16298093692267e-17,7.8694902178665e-20,0.000414263454718237,0.0506158604811117,0.0306389485421664,0.0220770632962775,0.00287874327070744,0.00233885474097893,1.10829717044626e-18,0,0,0,0.0584129815460644,0,3.28762195399346e-17,0.0116616154569333,0.00952669372945458,0.00679159777717307,0.000118499603458559,0,0.000745488028930056,1.01448024003985e-17,0,0.00566395476985525,1.02544240136685e-17,0.00102730734564064,0,1.28686136532034e-17,1.82464734829965e-18,0,6.6752619765268e-18,0.318836968226936,0.0113563434838984,7.1134443483815e-18,0.134254993066162,2.71470914124785e-18,0.158393303910266,0.0114450602079066,0.169838364118173,GSM3998329,GSE135251
0.153207708468755,0,0,0,0.0249061081585966,1.28275779196498e-19,1.49094611793346e-18,5.54549149293973e-18,0.016417866237248,0.00988539933056939,0,1.47695801709934e-19,0,0,0.0324822157422246,0,0,0.00290271642541553,0,0.00199184450191513,0.0607647079912499,0,0.0340483531936874,0,0.0187656548466939,0.0150505730835539,5.9583621591789e-20,0.177918869156899,0,0.000728005973399405,0.00807812226373295,0.00856608453488449,0.0176451171582387,0.00395998582155859,0,0.00458884366190492,0.00193866228635411,6.82140421689588e-18,0.0206718763770407,0.0114584532166177,0.00118228934215292,0,0.124950551311685,0.0384773245286803,0,8.65873844934702e-20,0.000119316694885851,0.00113168212991927,0,0.0238882318358802,0.0105325908101859,8.23419140690523e-18,0.0758261802180297,0,0,2.32253302277859e-17,0,0.00133418369787876,0,0.177467179501137,0,0.0163687596938469,0,1.52918621268068e-18,0.00858126700591454,0.0397651814189719,0.0483464484248864,GSM3998359,GSE135251
3.42095363981956e-19,0,0,0,0.0223540507845063,0,0,4.02619871038073e-18,0.0663230092246963,0,0.00687390723662099,0,0,0,0.00526309428744222,1.05357041462993e-17,0.0166018003351819,0.00270644697329362,0,0,0.00964398851377361,0.00483911764892549,0.0177363180483613,0,2.1829741110613e-18,6.82766011492483e-05,0,0.0460252597663257,1.96758933516834e-20,5.11508608301992e-21,2.38225663680604e-20,0,0,1.30384323129916e-20,0,2.22488151145785e-20,0.000142506076800184,6.00557082553951e-18,0.0134023323256529,1.84732640555963e-18,0,3.95335965359731e-18,0.0944702648378563,0.0093492500346057,0,2.42183798210074e-18,4.22918918698085e-05,2.31628412213159e-19,3.13492303582222e-18,0.0418318523662061,0,0,0.0601715833048739,0.00425925465302803,1.18564971740165e-18,0,0,0.000374334341940967,2.21121477714624e-19,0.0431658111930647,0,0.0440498367427503,2.47768197194219e-18,1.01722905376037e-19,0.003226078432617,0.0048219942568868,0.00804807268950381,GSM3998260,GSE135251
0.0690924226211798,1.80102433261692e-18,2.13212923143508e-18,7.83926977378906e-19,4.21719430008997e-20,0.00603592760383671,0,0,1.65471068598429e-18,2.00210747836441e-19,0.000338186278361027,0,0.0114957752021316,0,0.0641245419484531,3.41987558785147e-18,0,0.00307550805887665,0,0.00261936303695027,0.0325992677323377,0.00201250134457026,0.000146833857348903,3.16032300290061e-20,8.56741997184171e-18,0.0291971415208628,0,0.188986348003737,0.0360336942558915,1.50731750712994e-21,0.000711239757518172,0.0328559001275726,0.023964515064768,0.0127360074340957,0.000250554788411794,0.00283241909282439,0,2.72823975868014e-18,0.0113423127497961,5.07283934208924e-18,0.0216022778383787,9.19364646992228e-18,0,0.0242727215159681,0,0,0.00016400543525168,0.00395234673967802,0,0,0.0159554894530335,0,0.0195142841309015,1.91275710887558e-19,5.44507314393959e-20,5.26096408053026e-19,0,0,0,0.283633534227262,4.5471977436854e-19,1.03930317906076e-20,0.024007140874855,3.28333864170214e-19,0.0421952959170411,0.0162996338661688,0.05849492978321,GSM3998292,GSE135251
3.88239744824915e-19,1.48673173412666e-19,0,5.51828251325892e-20,0.0246925959111618,9.64967051511153e-20,0,0,0.0104930025959855,1.41537444833266e-19,0.00116018469351385,2.67501387226788e-18,2.77209797937456e-18,1.30265610399401e-17,0.00109792135555158,0,0.00173748632836253,0.00782426861940758,0,2.2653132442005e-19,0.0138553963560818,0,0.0110121653065087,8.5669279504176e-20,0,3.52249124447786e-18,2.21895468320035e-19,0.0890290256296452,0.00334500632828365,2.40941780102764e-19,8.08034129822102e-19,0,0.000704427358729817,0.000561450697913749,0,0.000235383514987297,0.00187374007002501,2.47836373720181e-18,0.0329072114864588,0,1.78998839924122e-18,0,0.152739650151409,0.0148933438517513,0,0,0,0,0,0.0478853994533631,0.0431183726088308,2.54302221584821e-18,0.0304823366953131,0.00167810151143408,0,0,0,0,0,0.162192709268014,0,0.0720555075587577,2.47772434975722e-18,3.38638949450306e-18,3.16447761404116e-18,0.00692769817804092,0.00692769817804093,GSM3998303,GSE135251
0.126966426586502,7.73636705627914e-19,0,4.52273635520791e-18,1.87726256690416e-18,0.0193065417407707,6.14116811274153e-19,2.48861238673169e-18,9.9488079012959e-19,0,0,4.88690633694706e-20,0.0257943874054991,0,0.0495068075792727,0,0,0.0123218103008941,0,0.00505181905210841,0.0165788294517328,0,2.41416275138208e-18,1.08842727723747e-19,0,0.0321862270433585,1.5934614122712e-18,0.185770878671351,0.00360418045650757,2.71050543121376e-20,1.19097217127636e-19,0.0389369623597234,0.0263634082770915,0.0174369801383761,0,0.0016218200698048,0,0,1.89241930152833e-18,0,0.0133107414424963,0,7.73952151121893e-18,0.00775365241749218,0.00426264856267775,0,0.000452572970972431,0,1.61420284319056e-19,2.80898934899475e-18,0,0,0,0,0,0,0,8.22890008583637e-21,0,0.305276903866152,8.01718523007604e-19,0,0.0592304071583164,0,0.0381996819028854,0.00828941472586638,0.0464890966287518,GSM3998187,GSE135251
0.0663016480282963,0,0,4.23763507301637e-18,0,0.0119464892702073,4.38971823647874e-18,0,6.92020291948476e-18,0,0.00456598105242267,2.6419830728071e-18,0.0035736279826842,7.91018818784471e-18,0.0171787062503116,2.39841350543346e-18,0,0.0254826786136063,0,1.8963776575465e-20,0.0133891492089478,2.9419404653299e-18,0,0,0,0.0145530121948257,1.41761809398209e-19,0.165436994530397,0,0,0.00119302972699344,0.0112834215838713,0.012641044340729,0.00594544742171441,0,0.00286591226395456,4.37233370576104e-18,1.00494377225387e-18,0.00879199082593731,5.68309447105329e-19,1.32666135200132e-18,0,3.94375220119898e-17,0.00183203618649174,0.0482374217077749,8.43249883817002e-20,0.00101650170331375,5.74687276119768e-19,3.43983204930897e-18,8.30064230893533e-19,2.12500367242633e-19,0,0,0.00122198975917362,5.82962426384743e-18,2.12358001360114e-17,0,1.34008388096658e-20,0,0.40433791010855,0,1.84762573406089e-18,0.0278434647734465,9.04724919203478e-20,0.00752228105591423,0.00669457460447389,0.0142168556603881,GSM3998324,GSE135251
0.0678229790266317,0,4.71496137760408e-18,0,4.54206112469855e-18,0.00884857666723843,0,0,0,3.76946327265442e-18,0.000660205654707613,1.9861629552865e-18,0.00487056483876408,0,0.057370292752396,3.28349815573355e-18,3.11398661067979e-19,0.0185102426143231,0,0.00176074053207568,0.0279260788499429,3.8668411562088e-20,0.000813182642240728,0,1.46348193641877e-17,0.0314226264733144,1.32799221710917e-18,0.17028082458288,0.0316006580655722,0,0,0.0187489484770259,0.0120075688994785,0.0107388519972982,2.65774506390282e-19,0.0030118848493196,2.07574101785461e-18,0,0.0165107312458435,0,0.00966053812753202,0,2.61758515064963e-17,0.0194242098683388,0.00119967071524802,0,0.000180611605012603,0.00080813641451343,2.29092003733164e-18,1.16502257687765e-18,0.0354594441639758,0,0,0.000106318221503754,8.46529377383387e-20,0.000889760302729379,0,0,2.20340234566016e-18,0.281717679670671,0.00104617608790767,0,0.0251148502573589,0.00323133214854088,0.0206522423674313,0.0139630394249715,0.0346152817924028,GSM3998297,GSE135251
0.0114870828570084,0,3.93957402553819e-18,3.92563815347437e-19,0,0,0,0,0.00791753944928137,6.54117971765343e-18,0,2.72002613352932e-18,2.04489751244473e-18,3.22359754655702e-19,0.00347688130964519,8.75472658172732e-18,0.0050237061487554,0.0135954348250824,0,0,0.00540434703208718,0,0.0113033846887212,0,1.15268607457887e-17,1.68956024144456e-18,4.08205694879489e-19,0.0948138161662514,1.25125398401408e-19,0,0.000785577494422076,5.66718648115364e-19,1.27877512894393e-19,6.5002850905195e-19,0,8.44569099513983e-05,2.60799374532536e-18,4.92630541857117e-18,0.0122754932956151,0,0,4.65218593828874e-18,6.13376932335412e-18,0.00411548923628414,0.000823087977643126,1.66140060432897e-18,0.000204259148385171,6.06105773237294e-19,0,0.0516018799666986,0.00787840963232616,1.62572900001241e-18,6.56214591468472e-18,0.00941354964419239,0,0,6.2462502373561e-18,1.45804348274985e-20,3.96943736054072e-18,0.273070668972901,0,0.0243411226135135,0,0.00317901770181523,2.85694291348627e-18,0.0027021735160436,0.0027021735160436,GSM3998340,GSE135251
0.0782409435368445,0,5.64634024907554e-19,0,0,0.00212803117855419,8.30724982582606e-19,9.35591525014269e-20,9.38404507056149e-05,0,4.15310688482282e-22,0,0.00727096665184314,6.64116065778788e-19,0.0459255905029715,1.24857152723472e-18,0,0.00239461193055082,2.05801309329255e-18,0.00304489547114935,0.0346235475821447,0.000635272047500938,0.00149825614658178,4.05616438787724e-21,2.39529930511776e-18,0.029849531745773,0.000674649671268505,0.131250172857737,0.00563123305080432,0,0,0.0281279738263164,0.0218725315104702,0.0219146433368131,0.00570765353713679,0.00374182499237965,1.61979964679416e-19,8.05737494848787e-19,0.00334763072295311,0,0.0100691283739608,0,0,0.0207548435694431,0.0239666002471457,4.22982232357126e-19,0.000107438156464967,0.00210358191201505,2.84536595850346e-18,9.54998529565181e-19,0.0154455362943263,7.34015495702001e-19,0.0226297936520269,0,9.27488823730807e-19,0.0228443449166812,0,1.14908167954336e-19,0,0.258623725147433,0.00241390289936096,0.00315512232675293,0.0137172299972321,3.36279076798022e-19,0.0331256701120529,0.0173117737910723,0.0504374439031252,GSM3998248,GSE135251
0,2.10356268113955e-19,4.43686199420379e-18,0,0,0.0100127558367416,2.07234744463491e-18,0,0.00194141251231895,3.99819751777064e-18,0.00542600261545972,0,0.00329802254369374,1.10347360000396e-18,0.00939564858288793,8.46806012959401e-19,0,0.012808607299749,0,0,0.0171880617899791,0,0.00200902554467974,0,2.39572385966327e-18,0.00399484860175575,0,0.160600047084948,0.00439251538818674,0.000140137797972511,0.00102886931470713,0,0,0.000709701592784964,0,0.00240330919893634,3.57901358026652e-18,0,0.0133204843991422,2.81079318783819e-18,9.03086711521406e-20,8.77305248406005e-18,1.66609871895646e-18,0.00365236127559827,0.00669090867335577,2.53629217085649e-18,0.0005730057280309,0,0,0,0,1.86371673840489e-18,0,0,0,0,8.21168638668075e-18,0,1.1751047385174e-18,0.297708224274777,1.60003173921091e-19,0.00603155486034348,0.0115380890513276,0.00535588892912067,6.02057807680938e-20,0.00859403089498957,0.00859403089498957,GSM3998336,GSE135251
0.0653014929678847,3.72325718580355e-19,4.59490305618761e-18,0,0.0270135726474172,0.00292553942829183,1.30987851424869e-18,3.81868113891432e-18,0,0,0.000498813582612645,0,0.00736378362993131,2.13827353883149e-18,0.025550309272763,0,1.81641603218024e-19,0.0106063493866836,0,0,0.0214713745547854,0,2.62504172922252e-19,0,2.21010932919241e-17,0.0228909012405011,1.43933425396208e-18,0.19324932196001,0,5.8138359669211e-20,0.00200800168533806,0.0135827620045552,0.0133672443949761,0.00538926116372008,0.00223975765964649,0.00183801653254563,3.31921690551187e-18,0,0.0160781721760983,2.93028197790362e-18,0.00209967846636036,6.40865572527599e-19,2.65878558660086e-17,0.0146005180508833,0.00647986359890716,0,0.000197891799083799,0.00378417610515845,0,0.00421899750927502,0,0,0,0.000444155033849202,0,5.24141110872357e-19,0,1.47068387156299e-20,1.44735530381141e-18,0.303191400174638,0,0.00162926233063037,0.0146750451608864,1.49456943120264e-19,0.014470916157147,0.0107356872773927,0.0252066034345397,GSM3998375,GSE135251
0.0462988553883128,1.61217412371952e-18,1.09678436174805e-17,9.15247180413665e-19,0.00243456424053657,0.0109701943180299,0,2.44041576608942e-18,0,3.35350275751948e-19,4.1837316513379e-20,0,0.0109075197804766,0,0.0348379336021279,0,0,0.00771165017263334,0,1.32611659889734e-20,0.0419327736487514,3.55499501783223e-20,1.32264688505475e-19,0,0,0.0372310594585826,1.48691643612137e-21,0.211495950318702,1.27122375025125e-18,4.80684068366073e-20,0.0045661150120313,0.0128863595920678,0.0148370548793759,0.00458162783352748,0.00109780964635967,0.0019736398644611,0,1.51745889021737e-19,0.0104367463105854,1.68464930020069e-19,0.0117418234675997,0,0,0.0245801775598119,0.00412982301635558,4.4958664465233e-18,0.00045002856814923,0.00457983043115205,0,0.0131418990417457,0,0,0,0,0,0.00509738641157578,5.03917743459395e-18,1.60616204150354e-19,6.38456574207379e-19,0.268212996216248,0,0,0.0166505197508655,0,0.0202038820914528,0.0209663868243757,0.0411702689158285,GSM3998174,GSE135251
0.0657697685687859,2.99410732055495e-18,0,4.79992305219252e-18,0,0.0129723118388018,6.22045618712958e-18,0,0,0,0,2.77908401941691e-18,0.0142714516687807,0,0.0419769166503051,8.55539689468675e-18,0,0.0133133976786305,6.25962633975047e-18,2.34414800722899e-22,0.0295978398207391,0,0,1.3497625716692e-20,0,0.0543903902921947,3.19223595461495e-18,0.234810808255643,5.59321976290726e-19,0,0.00299735131463652,0.0155589393889184,0.0147500410780935,0.00480844753722897,1.23380892968512e-19,0.00538168283414392,0,1.20334904508211e-17,0.0103785756487697,5.12887620821425e-18,0.00190797354971985,0,8.88622290992371e-18,0.0115562386971612,0.00479160468772122,5.06693533777339e-18,0.000975881252938782,0,9.62492266541943e-19,0,0,0,0,1.52373973616453e-18,2.088953756933e-18,4.32581430556686e-18,0,0,6.84901594207094e-18,0.315858677765509,0,1.66811537978109e-17,0.0355501110883961,0,0.0116446086257588,0.0147989199103696,0.0264435285361284,GSM3998193,GSE135251
0.0942299702046851,2.11623548031698e-20,0,2.41065591600103e-18,7.68780663387338e-20,0.0118118405080618,0,1.56308623291026e-18,1.4853467347412e-18,0,0,0,0.0187568371931071,6.99579542130836e-19,0.0569967775167065,5.30974981208373e-18,6.04215859153911e-21,0.00578699061702899,1.85680740782873e-18,0.0029336789086656,0.0286493753845003,0,1.62670084861164e-18,4.26569561045531e-20,0,0.0280172597428937,0,0.164775753612947,0.00614507250985527,0,2.10771743397116e-05,0.0250166264248174,0.0186243919686748,0.0116784150467348,0.00101408743679693,0.00220365736542424,0,1.59991271153734e-18,0,2.03046421466401e-18,0.0217988079191581,0,0,0.0184397942454206,0.00335426374516797,0,0.000385737444298092,0.00153083165877066,0,0,0,2.33876868329936e-18,3.89625413173157e-18,0.0014090314927424,7.12628246176041e-19,0,0,0,6.23115956455099e-18,0.305468843581952,0.00135630168624732,6.61068949629276e-18,0.0239978295366801,1.2667494932815e-19,0.0348626882321391,0.0143246876922502,0.0491873759243893,GSM3998228,GSE135251
0.0414198318268776,1.00672219645376e-19,1.15498315058449e-17,0,0.00775008976248647,0.0034564598261895,0,0,0,0,2.31922270480779e-22,0,0.00285856403931393,1.08003455468479e-18,0.0263378942410936,1.95789969699489e-18,0,0.00676237147925402,1.18926214498074e-18,0.00116367757758196,0.0198159466398667,9.03589405192972e-20,0.00385974978139705,0,1.98255016792923e-18,0.0191776279405502,0.00119805061495537,0.190584060583677,0.0241757891891872,3.8258925706511e-22,0,0.0110373693075182,0.0146839475133701,0.00231779528785782,0.00156069209339664,0.00245143368838675,0,4.96070193442365e-18,0.0066763680558943,0,0.00195805999549796,4.87313529809932e-19,0,0.00969450782820893,0.00484807143242219,0,0.000240743881983971,0.00174215728582988,5.01703617177599e-19,0,0.00508245164008404,0,0.00391703697447551,0,0,6.63043839326672e-19,9.30881272586513e-18,4.27261260673619e-20,2.4037529582186e-18,0.25065299777218,0,0.00039892009755461,0.00579091005103792,3.69626568132822e-19,0.0116413041732164,0.00990797331993334,0.0215492774931498,GSM3998254,GSE135251
0.0592061195073585,0,3.63702932206162e-18,7.81795031366937e-19,0.00849323637157636,0.00805237791211623,0,2.83458510326887e-18,0.00231707167713573,3.31712164466913e-19,0.00162569608799224,0,0.00609470903106197,1.96982041414736e-18,0.0226515712349657,9.26225451785686e-18,0,0.0215351418923838,1.982567165947e-18,0.000260944941851793,0.00886018631888532,9.90863601078921e-19,0.00362571592515147,9.16809622151669e-22,1.15481023975114e-18,0.0172867941077478,0,0.129920784089701,1.50963056101711e-18,0.000153773259502444,0,0.0063749965089038,0.00608252641913104,0.00369393390496926,2.32204568708497e-20,0.00283836990475495,5.00252835620219e-18,1.59538123972608e-18,0.0228122559838504,0,0.00170139830870779,1.52135036362799e-17,2.12306579449417e-17,0.00512238316764975,0.00989820616384497,2.08257415801529e-19,0.000155105980359829,0.00304297508656067,1.15964708733072e-18,0,0.0100287730959195,0,1.0057089286525e-17,0.00183705387960941,0,1.31008727445092e-17,1.70306573801771e-17,0,0,0.35549967378958,7.57939194996226e-19,0.0206175632958683,0.0284625993754188,0,0.00758687656401604,0.00443009315944266,0.0120169697234587,GSM3998211,GSE135251
0.101786334226082,0,3.96145189100462e-18,0,0.0274893377767375,0.00134466317283906,2.581180053092e-18,1.00690808338571e-18,1.43786108253025e-18,6.54251090554771e-18,0,0,0.0014523260813288,9.99239582653451e-19,0.0627171912027356,5.88827297684719e-19,0,0.00480588434589942,0,0.0025491538901304,0.0399929148062714,0,0.000745129245165473,0,1.21148387855761e-17,0.0303937374422756,0,0.183261134622166,0.0108260119562752,0,0.00171952125571538,0.0109035016187858,0.0106457894622482,0.00686571742809736,0.00162038154779036,0.00546697703552476,0,0,0.00707774839120508,0,0.0200883553309344,1.11053120166073e-17,1.01080065504975e-17,0.0244463824599738,0.00158876645274435,0,5.16295587644182e-05,0.00551799791594103,1.64063299632376e-17,1.95034088332349e-18,0.0149730983809196,4.02076448287099e-18,0.0177224126639298,1.01220503324514e-19,0,0,7.46955191660546e-18,1.23119069704043e-19,1.80858197077917e-18,0.284863192281437,0,0,0.00326341720984182,0,0.0271195935357213,0.0199964574031357,0.047116050938857,GSM3998290,GSE135251
0.0170229870939015,0.00350906147266206,0,0,9.28855361349359e-19,0,0,7.40651868679046e-19,0.0220633333116757,2.5286275104991e-18,4.18102087207361e-21,3.21404446163957e-19,0,0,0.000971087619511152,0,2.56922207573297e-20,0.00602099792871231,6.09497446703364e-19,9.89446395388855e-19,0.0842391790675812,0.000712267453219561,0.0468685841043155,0,0.0642925491680422,0,0,0.139604391871097,1.62519394564184e-18,0.000379722984065996,0.0340224772846664,0,0.000855486513760557,1.29684923089298e-19,4.36005032297046e-19,0.00294437844418394,0.000395848432607824,9.79406670213697e-18,0.00735271087664388,0.00976148486393623,0,6.12435144111814e-20,0.165117090442767,0.052627164837443,0.00605260707952698,0,0.000359635666836264,0,0,0.0308630992508433,0,2.55151223967886e-19,0.0248154081009392,6.9958818848931e-19,9.56564533438696e-19,0,1.87289531511714e-17,2.08559522250801e-05,1.10346712400536e-18,0.132948571839384,0,0.0476513871869625,2.77507078116802e-18,3.02105980415049e-18,0.000474844968813043,0.0760203948541427,0.0764952398229557,GSM3998285,GSE135251
0.0421058455191122,0,1.56901664320721e-17,0,1.48670535282075e-17,0.0166791202630233,1.01408401898766e-18,4.40196770972179e-18,0,1.36292341423363e-17,0.0034740404797078,0,0.00966046751010023,1.84403161997613e-18,0.0245195017221185,0,0,0.0199135611855172,0,4.01900863820642e-20,0.0173181693589486,8.51130068502999e-20,0,0,0,0.0311625359780076,0,0.29839856284519,1.9515181232029e-19,0,0.00332391407128953,1.09392349087026e-20,0.00608725901950177,8.80605920135816e-20,8.07935857620135e-18,0.00663520040704561,0,8.34519504482365e-18,0.0086537141810146,1.02974183506377e-17,3.10960825819545e-18,2.30331179174598e-17,8.78385669466266e-18,0.0050160043318227,8.27044118425791e-05,0,0.00169467942741662,2.1318328796612e-18,0,0,1.72039903009974e-17,7.9045825841569e-18,0,0,1.65719711037581e-18,1.25704467728522e-17,5.73072916405827e-17,2.65214677625703e-20,1.05497434812452e-18,0.336787744862891,1.0858235224553e-18,0,0.0155093370119127,0.00999499979404461,1.19060065012806e-17,0.0086590846794743,0.00865908467947431,GSM3998217,GSE135251
0.0709809766444336,0,1.46740396976447e-17,0,7.22307035874952e-18,0.00923312377153619,0,0,2.93812550749881e-18,0,7.78595634802637e-21,1.83687124140928e-18,0.00524783722268001,0,0.0311372199093724,0,2.535456304642e-18,0.00795576508341758,0,8.14110610783856e-05,0.0247596014965274,1.46936647780548e-18,0.00108902021845653,0,5.75894493332456e-19,0.0335443894592789,0,0.178438557211568,0,0,0.00191358492272235,0.0158414092326964,0.0177164183206838,0.00375781680852517,7.69902988638244e-19,0.00425981075379989,0,1.50029833286786e-18,0.00336131250405771,0,0.00274486382584449,2.64280047354908e-17,7.38669129857107e-18,0.0144159842398169,0.00379545696549795,0,0.000345274614553871,0,0,0,5.77303780639047e-18,3.04943632708121e-18,6.49182876557012e-18,0,0,0.00357650878836616,0,6.21417037381994e-20,0,0.280733839154339,0,0,0.0206779961195583,2.53311529451067e-20,0.0124451227464128,0.0123798007482637,0.0248249234946765,GSM3998311,GSE135251
0.0516303129665233,0,0,1.2134496412567e-18,0.0115552422385948,0.00211542221868264,0,2.62644041845451e-19,0.0223594896292234,0,0.00189829408837356,0.00349079508056254,0.00402485875553323,0,0.022577981928591,6.45525181337169e-19,1.01278258250539e-19,0.00379917456333878,0,0.00179866890913049,0.0419445140769957,0,0.0109834287450061,1.70884253889899e-21,0.0378763314224256,0.00302587918897597,0.000799349542507437,0.108408871193452,0,0,0.00534956543971322,0.00319256039690559,0.00783527183795391,0.00174463131134526,0,0.00232184029976705,0.00139730185781591,0,0.00313849832574604,0.00704617557686237,3.53016634156086e-19,0,0.0445199586130454,0.0177147166528836,0.00751353583541796,0,0.000306559588917148,0,8.17353844854362e-18,0.00155271355293592,6.73267420668025e-18,1.34187508623812e-19,0.0557551405228056,0.00104512215852716,1.50948269527739e-18,0.00176628877554199,0,4.35178574428444e-20,0.000478133773459481,0.151093098779899,4.0718161016839e-19,0.00145514895916178,0.00322911477373684,1.26079210584415e-19,0.00565468292439908,0.0399104227497106,0.0455651056741097,GSM3998233,GSE135251
0.0791608954155077,9.21970499401569e-19,0,1.78327726113577e-18,0,0.00970465853138112,0,0,0,7.29224344517131e-19,0.00177062818732563,1.29506496856453e-19,0.0106708818274724,0,0.0205673217631246,9.17160251488963e-18,1.80985644704445e-18,0.0160730770058671,8.91221199820044e-19,0.00261265928313132,0.0177176589861874,4.435082717071e-19,0.0096554626744587,0,0,0.0198967318377889,6.9713490189197e-20,0.160938043274918,0.0251263934785987,0.000525570344089074,0.000592772546043266,0.00640498112776924,0.0105038753541372,0.000603445986271427,4.79797104480894e-21,0.00121879881103924,0,0,0.0173108078568758,0,0.00116785330167422,0,0,0.0115932595873755,0.0117323162502079,0,0.000282786549272092,0.00170149822944247,2.02237208314733e-18,0,0.0036833336749892,1.14433131843551e-18,1.25020281375203e-17,0.00389040916085488,0,2.63129905892089e-17,2.67885164635081e-18,0,0,0.371449592013601,0,0.00795549763721859,0.0204444930718359,0,0.00792466129467817,0.0088588294930937,0.0167834907877719,GSM3998334,GSE135251
0.00338040212915042,0,0,2.62172834055001e-19,0.0276327126555042,0,4.69859640813334e-19,7.66262335914105e-18,0.044030902089622,0,0.0061176340741251,7.85141904385417e-20,0,4.11212534616126e-19,0.00094030253419104,0,0.0124054882778356,0,3.39439782404617e-19,0,0.0170187760817632,0.00278489862538363,0.0150314104990408,0,1.30306232141453e-17,0,0,0.0385422349939768,0,1.60260540708233e-20,0.000818811759557542,5.23199429404788e-19,0.000201266974996204,3.5766313867995e-05,1.27242801049562e-19,0.00154142361893459,0.00192198394220919,5.3174731652593e-18,0.0169429682069639,0,0,0,0.159235491687369,0.0257797306028724,0,0,0,2.64454859221412e-19,2.85172597517821e-18,0.0628087806653482,0,0,0.0741605182387577,0.00362923002557137,1.74894283897876e-18,0,0.00236174538902406,2.23764820797364e-23,0,0.0443976876894763,3.27403607013733e-17,0.0848158802035182,0,0,0.00185659908358909,0.0085093880408816,0.0103659871244707,GSM3998232,GSE135251
0.0488098162723031,0,0,0,0.0201899372511381,0.00505793907165763,2.41303735308414e-18,6.90877596767415e-19,0.00162868175133635,7.74467860822806e-20,0.00152889621194262,4.05255344613889e-19,0.00435404065892767,9.88503925609212e-19,0.0177206238978344,1.96223486110232e-18,0.00164693098527807,0.0133089629521342,2.24601598454505e-19,7.27537273957325e-21,0.0187127252435208,0,0.00393353004731959,0,8.26180868079383e-18,0.0126920576874447,0,0.125238439759288,6.7690015895084e-19,4.88366754672982e-20,4.20849511680888e-20,0.0110723376655951,0.00979400037600293,0.00208865254407531,1.96200048596731e-20,0.00191154979877578,0,5.22974949083155e-18,0.0149014614640486,2.58128213749454e-18,0.00111045947574189,2.13395632007838e-18,0,0.0164187735952769,0.000510574591195087,8.33698756363078e-19,8.19640028159989e-05,0.000857355899280684,1.92716323369108e-18,0.0140713460240655,0.024276001705508,0,5.10651797539038e-20,0.00423770488350889,0,2.72426304553557e-19,1.6825594339765e-17,0,0,0.299507336501658,6.45446317822852e-19,0.025099074026533,0.00656380898105335,0.00225427754676557,0.00869343536041176,0.00935636262176038,0.0180497979821721,GSM3998305,GSE135251
0.0666009542939262,2.33715933243716e-18,1.20587659780639e-17,1.40854277869873e-18,4.46797625567603e-18,0.0116535108424542,0,0,1.92560394531649e-18,0,0,0,0.00462660814287916,0,0.0338430763038453,5.39395066693446e-18,0,0.00617636539409082,9.27750132353554e-19,0,0.0323843995246643,1.367771407518e-18,2.19969379048446e-20,5.30561434041522e-21,0,0.0523554786086378,0,0.179270248918541,3.38523411794514e-19,0,0.00112237966880538,0.0184627785383479,0.0213652975016539,0.00879752041805994,0.000741876997229854,0.00371527271562041,0,0,0.0144531208214444,0,0.00905139031741935,0,1.54829758376695e-17,0.0225739485189758,0.00855151334169653,5.73980191695805e-19,0.000108621102315397,0.00237237317352839,0,0,0,0,1.00878569019922e-17,0.00423341291562659,1.100708431193e-18,0,0,0,0,0.313118759880016,3.81293149618594e-19,0,0.0293294002977759,5.9756662524303e-19,0.0204189460176837,0.0161921997623322,0.0366111457800158,GSM3998180,GSE135251
0.114361676565731,5.40685197602122e-19,9.43852704544311e-18,0,0.0945985705719771,0,5.24338829871842e-18,1.53452556288661e-18,0.00430273785902367,3.58303117882511e-19,4.96773136647443e-19,6.99508169927606e-18,8.60677206922481e-18,0,0.0329118744711836,1.10881583884588e-17,5.47080015318147e-20,0.0033000170088668,9.26558910349305e-19,0.000193730078615016,0.0691691971517574,6.37074134544358e-06,0.0154188660323308,3.78333998103317e-21,0,0.00332416089263263,2.76378137806575e-20,0.109062468876342,0,0,0.0080793421637837,0.0223330519203472,0.0264656311977978,0.0127571605508903,0,0.00130463522105135,0.000885816066180539,0,0.0344464092531779,0,0.0180713198004617,2.61489998336265e-18,0.162259262297453,0.0790533200365891,1.5390678240566e-18,8.84768594272664e-19,0,0.00388250707640488,4.60358993399424e-17,0.0505622191510555,0.0183657887931321,0,0.112045633856273,3.64443347022769e-20,6.49736374281528e-18,0,0,0,1.9207859510374e-18,0.0479583763401971,5.7024774301254e-18,0.0750881834093508,0,0,0.0296579864114495,0.0345845985758787,0.0642425849873282,GSM3998346,GSE135251
0.0919638421700081,0,7.81200433884901e-18,0,0.0502155467394392,0,5.26802738186567e-18,2.40344790980654e-18,0,4.45080048129533e-18,5.21250973648855e-19,3.4126648974224e-19,7.79814394587446e-19,4.88863697116957e-18,0.055685551462457,5.75337645409946e-19,0,0.00261059386318247,0,0.00298165807073216,0.0232644207669671,5.2473848616727e-19,0.00337121449562008,0,1.17860931752528e-17,0.0246485454966136,0,0.100733826879431,0.0289647154458182,2.64648995486377e-19,0,0.028326166479569,0.0204082258028048,0.0186786948845614,0.00775140494820779,0.000881551305288766,0,0,0.0151938034433255,5.04649927623397e-19,0.0126234621217401,0,0,0.0175462196891393,0.0105785609180251,0,0,0.00367975124141889,1.27103372881588e-17,0.0063663604840584,0.0287158264176281,2.61777753652348e-18,0.00997886925376817,0.00205110172577704,1.54146621876206e-18,0,2.21700506670143e-18,0,0,0.24767425478181,0,0.010304764177635,0.0124760127149693,1.48177502322679e-21,0.0369082952411119,0.0116322103834836,0.0485405056245955,GSM3998234,GSE135251
0.101610133352326,1.00164092726682e-18,1.26110572957319e-17,0,0,0.00752403226058713,2.30213358761756e-18,6.43831275695047e-18,4.52356072608359e-18,0,1.20681681096273e-20,3.6479056757436e-18,0.00442272594212667,8.58720695558054e-20,0.0368372651295169,0,1.07894299714389e-18,0.00315394071099301,3.1701370369275e-18,0.00114130941387484,0.0310262856050495,0,0,6.87290666359428e-21,1.60240029692153e-17,0.0396309869164874,0,0.194684406820933,1.3859508392524e-19,0,0.000579941081725077,0.0205612737118199,0.0194329682878328,0.00508826098347124,1.90779894366899e-24,0.0055141384472581,0,1.96528163189798e-18,0.00932209029863391,2.9045817854722e-18,0.00743831666744882,2.61909331015391e-17,1.04997529645191e-17,0.0162026609860881,0.00752034976231637,3.36391331453951e-18,0.000301221021475338,0.00226559780785884,1.09712040979969e-18,8.25766382758332e-18,0,0,0,3.11637073033066e-20,0,0,6.73532639351982e-18,9.79182243153326e-21,6.69622753864771e-18,0.328299546066455,5.06447852544872e-19,0,0.0137588152608189,3.43276983373416e-19,0.020937665067335,0.0155131428025247,0.0364508078698597,GSM3998235,GSE135251
0.0666152762847127,9.57229390941215e-20,1.81654823998059e-17,2.02600750187746e-18,0,0.0123188028193368,0,0,0,2.98375191091149e-19,0,3.36496611051074e-18,0.00711076529350565,0,0.0576606684332486,1.9803851643975e-18,4.94558589367979e-18,0.0176884788413267,0,0.000785191172808122,0.0262846939004491,1.67927122673911e-19,5.65957898624951e-20,0,7.11355967036036e-18,0.0516565905479311,4.16424845243148e-18,0.206762301216324,0.012261010433364,0,0,0.0241841611858647,0.019254760748016,0.00910775799670413,0,0.00440611703847063,0,7.77173253927064e-18,0.0275238919262768,0,0.00233889925481182,0,1.39845265541325e-17,0.0129722400552501,0.00405852456339124,0,0.00062057932006228,0.000328709478868498,3.25407299634513e-18,0,0.0118960668778283,0,1.58083506222415e-17,0.00271590884605585,0,7.46834622061958e-18,1.85589591322894e-17,0,1.60111692146839e-18,0.372773645794405,0.000607937587277462,2.75474432424154e-19,0.0266967517856035,0,0.0184246407282355,0.0131423469502245,0.03156698767846,GSM3998261,GSE135251
0.00947095597730685,0,6.92831728601243e-18,2.62044564310467e-18,0,0.0105193473974924,0,0,0,0,0.00263676627029683,9.70631581469718e-19,0.00581882809824102,3.18272563656183e-18,0.0168127345163227,0,0,0.0202314836023715,0,3.75171498796985e-20,0.0213385624051015,1.14753681654258e-18,2.22685080645185e-06,0,1.92436736546243e-17,0.012294537498905,1.7597121271485e-18,0.173021343519483,0.00234267724787631,3.55761837332691e-05,0.00234271160351726,0.00509572962345065,0.00556718619123313,0.00212372602207276,0,0.00472791961374409,0,0,0.0156813866201347,0,0,0,2.45425715995061e-17,0.0082405537013639,0.0051187247165199,1.23186014571073e-18,0.000377279768415334,0,4.51184630900393e-18,9.44559786416973e-19,0.0151334791091014,0,0,0.00322850910501052,1.7952048354915e-18,2.49661920425007e-18,2.00381987778267e-18,3.63407391795232e-20,2.23731537782527e-18,0.362283626650846,2.41405292608667e-18,0,0.0355706414149869,1.81496265884518e-19,0.00339715308230044,0.0106692812025508,0.0140664342848512,GSM3998316,GSE135251
0.0956785890045709,0,0,7.01517499169854e-18,0.0393625461600834,9.93201621437232e-19,6.30337995807289e-18,5.3700991986313e-18,0.0121852223184945,0,0,3.92870009198706e-18,0,7.52602081267123e-18,0.0230484019603022,2.8669924135531e-17,0,0.000737993418680806,0,0,0.0573252560302722,0.00429005656172478,0.00832999121886528,0,0,0.00931855466223043,7.66762394370241e-21,0.147356997740848,0.00250994563218122,0,0.00384614841463784,0.0143669270492004,0.0233105965688503,0.00542300788550966,1.28174616243112e-19,0.00166211742730369,0.000643314425597997,0,0.0320859379567945,8.69036609900494e-19,0.0109500559501773,0,0.112960387097583,0.0607697290935256,2.31352533191899e-19,0,0,0.00219295294293797,1.2293938215752e-17,0.0644074583488057,0.0216308051459016,9.54029414667678e-19,0.0755531159427835,0.00309297586654354,0,0,0,0,7.43295144910834e-19,0.095704289944004,7.07887620104126e-18,0.0627476051391609,1.08520158939683e-18,8.55806494496311e-18,0.0211999950026936,0.0286626280151361,0.0498626230178297,GSM3998353,GSE135251
0.0175940278092574,6.96045750870723e-19,2.35950267869628e-18,0,0.00122139410686163,0.00392284088963056,0,0,0.0145877401444429,2.55004681842305e-18,0.00380432858959777,0,0.00291565654741218,0,0.00882081955939571,4.20797493928575e-18,0.00148286171546057,0.00812570222271003,0,2.72701642211352e-22,0.00294410491858767,0,0.0136238394440121,0,2.11282375332209e-17,0.0104980417095776,2.15885394906308e-18,0.0938009748948339,0.00313564932177413,0.000114565607142335,0.000360740024188627,0,2.16936601057903e-20,0,0.00118169621951355,0.000588433616742844,3.86342899136078e-19,9.21733779608783e-20,0.0119888064779389,0,1.94722161125932e-19,0,0,1.5913776143399e-20,0.00865986983695244,0,0.000233840088460015,0.00055562723518362,9.60024678587725e-19,0.00631518027960542,4.06129848832345e-18,0,3.06034422578932e-18,0.00804574137835035,1.49948393763833e-18,3.35504593769509e-19,0,1.5953294600749e-19,4.23977748489701e-18,0.29934092080186,8.34088590318132e-19,0.0157975227083477,0.00136698654625677,0.00651465689620316,0.00115821563646478,0.00147205245929384,0.00263026809575863,GSM3998331,GSE135251
0.0897772536478637,0,1.15376684635216e-17,0,0.0255741772702383,0.00805304410937661,3.55746340726136e-18,0,0,2.49272991586143e-18,4.25975093814963e-20,1.26075161223053e-18,0.0132357077833216,0,0.0447914753035237,8.21856884656113e-19,9.83105008130985e-19,0.00212913804998241,0,0.00125401731727173,0.0392590465336665,0,1.65258659380155e-18,5.43101442782368e-20,1.35145908374815e-17,0.0343196337866036,0.000610970682583966,0.188940127525891,1.13642281160945e-19,1.15696144413963e-19,0.00304366091804875,0.0254268781858364,0.0223848915801298,0.00537086616212883,0.000755123102770051,0.00291934417612932,0,8.21044756582634e-18,0.00905544579105455,0,0.0180107690185499,1.46128711835799e-17,1.00108404986703e-17,0.0272674869726614,0.00361966960353092,0,0.000424302016371337,0.00204003402317217,1.51568923112398e-18,0,0.00307618841637381,1.11006956271548e-19,0.00942649169397745,0,7.40638059683908e-18,0,5.29649803581155e-18,0,0,0.280666201280357,2.51727281737894e-21,0,0.015890013416039,0,0.0316578810984002,0.0196295232668333,0.0512874043652335,GSM3998219,GSE135251
0.00408891615751024,3.5387036634381e-19,0,0,0.0435004121185459,0.00136852288157741,0,0,0.0100325536652272,3.8945124571877e-19,0.00616711869303889,0,0.00270029019547352,1.91301973821184e-18,0.00198999807242605,9.61298371144183e-18,2.86075603940119e-18,0.0187894957192694,1.36157996681695e-19,0,0.0208512729917385,2.10238248781455e-19,0.00482889867333509,0,5.08747023054024e-18,9.10722594433345e-06,0,0.107674456150363,0.00351481546504148,0,0.00201346591279579,4.09378137386115e-20,0.000611555689514063,0.001649248926883,7.37931864831744e-05,0.00157492763320714,0.000889951904582411,1.51127502632416e-18,0.0356642870487461,1.59777536069058e-18,0,0,0.0326870496242654,0.0133623635266022,0.00665154211204793,0,7.07344847362072e-05,0,3.01869630271211e-18,0.0100151977941213,0.0328502217417047,3.00654277237459e-18,0,0.0121726931440621,4.62923692084936e-18,0,1.09538376925909e-18,2.12959932262204e-20,1.46428226409146e-18,0.299363647140382,0,0.0357119010668817,0.00992480203973674,0,4.91954576554517e-05,0.0104256364958692,0.0104748319535247,GSM3998202,GSE135251
0.0806715269079705,0,1.4714159350911e-17,0,0.0595286979617008,2.81338361187109e-18,3.25652781438279e-18,7.04222719602138e-18,0.0110079742559372,1.25450549703132e-18,1.07826773116657e-19,0,0,0,0.0313190495930483,0,0,3.97450018501874e-20,0,2.91519382454231e-20,0.0630516066876584,0.00158491706742589,0.00661354214455468,2.5924918717134e-20,0,0,0.00103047281771007,0.162900658202979,0.00724982662496831,0,0.00898067493854576,0.0198780565632894,0.0253851544483244,0.010774791111052,0,0.00258669137846068,0.00139267537213018,0,0.0154763524968841,2.21438576157545e-18,0.0190810337432331,8.60300019827837e-19,0.0677285612930716,0.0584649417779553,0.0235684603507595,0,0,0.00251267426264784,0,0.0294710189634917,0.00329180326148936,3.15932762205272e-18,0.125963041735543,0,0,0,0,0,0.00304139625356463,0.0959526901614455,0,0.0240759063908366,0,4.12227015298761e-18,0.0287044544243975,0.0315258033438292,0.0602302577682267,GSM3998351,GSE135251
0.042935946222101,1.17496025281e-19,0,0,0.0355533668098392,1.2055891869147e-19,4.41617272507393e-18,8.65821014877793e-18,0.00313076631112344,0,6.78359717966437e-21,3.53888577622675e-18,7.45971398200733e-18,3.05355961357648e-18,0.0169456189517565,8.33208913875771e-18,0,0.00457676676102777,0,0,0.0474782998791605,0.00495181499175549,0.00437231670006495,0,3.51750465788849e-18,0.0105512311208983,1.40905262595317e-22,0.133014991770584,0.0301128611085701,0,0.00122027398136195,0.0116116266842298,0.0187399585225702,0.00680402336578465,0.00116472224124215,0.00405976307001309,0.000598361670489617,0,0.0280979428178587,0,0.00553392444046504,1.36354581716193e-17,0.0534952710719627,0.045374231326655,0,2.70876453405181e-19,0,0.00420664840046691,0,0.0296954603973593,0.0347187471860634,0,0.0737198820271389,1.63382549812451e-20,3.07843089322635e-18,0,0,3.26330380157234e-20,1.42244903509598e-18,0.147624524941967,0,0.0289935254937403,7.36048553050522e-18,3.86208703833711e-19,0.0183124911721063,0.0237391499395803,0.0420516411116865,GSM3998344,GSE135251
0.0487683633571764,0,7.47924807910641e-19,1.5777194345658e-18,0.00226398630497885,0.0124613997608635,1.63668252741776e-19,2.67959952925524e-18,1.3789431070889e-18,1.22370341775074e-18,0.00130075486645439,0,0.0115272371541671,0,0.00656047153126709,1.23227393559781e-17,3.29300293562828e-19,0.0199596030438862,0,0,0.0105310280219026,0,3.07739451794083e-20,0,6.11797083392629e-18,0.0125421453044407,0,0.16435738731443,7.79348487722591e-20,3.78947171915381e-21,2.45665841887055e-20,0.0108731849433384,0.0125855056815011,0.00336117133103318,0,0.00259349448176979,1.83739748825695e-19,0,0.0140894898798892,0,0,1.20472317135761e-17,0,0.00465486712765234,0.003132721443588,0,0.000259582746993741,0.00130630021074855,1.52699900847823e-18,3.8671365778678e-20,0.0319247606821425,1.87873357867169e-18,0,0.000542012662821735,2.5368016990429e-18,0,1.27810587084686e-19,1.00780833443929e-19,0,0.343960171699007,0.000964909333389242,0.00936480495100271,0.0123086038458103,0.00236205776424195,0.0081196567693913,0.00526551401095129,0.0133851707803426,GSM3998247,GSE135251
0.076397088323237,0,0,0,0.05710096301075,0,0,0,0.00688229392372523,0.00680850771173445,0,0,0,0,0.0278647224361987,0,0.00823680776383541,0.000859739920672539,0,0,0.0488916853569696,0.00130836857980693,0.0112876257852988,0,1.0724034493141e-17,8.5897715825015e-20,6.60446548481537e-20,0.0965692263620399,0.001053382758704,0,0.00468961702630424,0.0170560399950864,0.0245960658157648,0.00454732895336729,1.69570012868483e-20,0.00279629826500437,0.000828897184156564,0,0.0244940503417592,0,0.00922216196707639,0,0.168494378493625,0.0580086170632702,6.33676133879909e-19,6.67696577982559e-19,0,0.00222173168565521,1.11314601036087e-17,0.0826838920244548,0.00849499480912705,0,0.105943193240441,0.00368156521023658,0,0,0,2.15154026067975e-19,7.64847960600454e-19,0.119389631610758,0,0.0531256605831287,0,5.13078072878505e-18,0.0198722014850833,0.0244458426784848,0.0443180441635681,GSM3998364,GSE135251
0.10730622533868,0,0,1.31138218027124e-21,0.0262305945103707,0.00292106264021466,0,1.46845561064504e-18,0.010006804359234,0.000448985183314699,0.000489208637151728,7.09723646425976e-20,0.00294218775557116,0,0.03696621731316,3.20326147026614e-18,0.00216258670303851,0.0068775627503192,5.44264111142989e-19,0.00479724157130489,0.00227071463473037,0,0.0160875734908169,0,1.42633227106723e-18,0.00684922296808801,6.47549353990153e-21,0.0767266422574371,7.25795139340566e-19,0.000115808156316745,1.29485922256579e-19,0.00493324672109277,0.00155288831928484,0.00804449803260846,0.00203106147894071,1.92770905505493e-23,0.00127554904887025,0.000235585023877428,0.0218656882392904,0,4.50857821568215e-19,1.11970307384304e-17,0.0307688957076072,0.00023710697423756,0.000916260113887966,0.0002824981571345,1.05346582375669e-05,0,3.49725490402664e-18,0.0104724049094575,0.0312524854991586,3.33380525356004e-19,3.97995108047925e-18,0.00532603030442973,0,0,3.08166649796114e-18,0,1.24524399975442e-18,0.216307488794453,0,0.0223559292769555,0.00874588285642968,6.53148918484213e-19,0.00784103318089225,0.00113535731736518,0.00897639049825744,GSM3998229,GSE135251
0.063476335280556,4.74288026513418e-21,1.49131665463066e-18,0,2.78028933362182e-17,0.000660535308962361,4.19527365487847e-18,0,4.68534553102268e-18,0,0,2.64974834107268e-18,0,1.193726630311e-18,0.0376596544040516,2.08484823496435e-17,0,0.00365182345831667,2.37988287850537e-18,1.65466475191643e-19,0.0369182124565528,1.10991498317064e-18,0,3.91769261163899e-20,1.13224396448905e-17,0.0317251606224755,0,0.276527144115011,1.39119400201314e-18,0,0.0015415681856781,0.0168384299445644,0.019444956406764,0.00503334839977692,1.61823843818662e-18,0.00500473559911591,9.28474045864472e-18,0,0.0139666642144896,0,2.05654634162212e-18,4.83113837530047e-19,0,0.0241312586434255,0.00521949706850894,0,0.00043843841276379,1.63574430844968e-18,0,0,0.0114187927185175,0,0.0201345611821441,0,0,0,8.8397934656366e-18,0,0,0.274740884084577,0,0,0.00915783293891032,1.98161019448063e-18,0.0112256199630429,0.0184591062282764,0.0296847261913193,GSM3998294,GSE135251
0.0809414467873104,6.88829503014378e-20,0,9.18232186809511e-19,0.00599218552153862,9.71977189852303e-20,8.8392567162327e-18,2.84681532619523e-19,0.00621942128310543,2.78541284764736e-18,0,5.89484726871929e-18,0,0,0.0230932648670963,0,3.03300097958352e-19,7.33864931358559e-20,0,4.61840033075593e-19,0.0603242838812762,0.000563168323367294,0.0232498494782783,7.95297092994107e-21,0,0.0106881514564918,0,0.153931654276773,0,1.05425786164762e-19,0.0108296210496526,0.00242532574165518,0.00953503030907865,0.00398940137392145,1.98141857718641e-19,0.0011989600887215,0.000296061321096871,0,0.0319499219505751,0.000405154008928008,0.00658400484369976,2.52276574104424e-18,0.159636008411519,0.0570303378805853,0,0,1.77730360183718e-20,0.00452760663018251,1.48628342870949e-17,0.0996784744507072,0.0139371853244767,2.8658974462345e-18,0.0829441376057937,0.00138986233923246,1.5962273068011e-18,0,0,0,0,0.0988589030694961,0,0.0344323119963133,1.00947430157353e-17,2.29982832425681e-18,0.00940007035926984,0.0301621419406381,0.0395622122999079,GSM3998354,GSE135251
0.0509922023755618,0,0,0,9.7821465293994e-18,1.17050688270426e-22,2.25378793645799e-18,0,0,0,0,0,0,5.86440060041519e-18,0.0281939075593437,0,0,0,0,7.04253447395384e-20,0.0687875007852658,0,0.00266394660214242,5.49546789084145e-20,0,0.0279510259202496,1.90193124488521e-18,0.286840288963577,0.00515916645944524,0.000131649589297393,0.00867453455988015,0.0144817562802244,0.019436178933721,0.00269455079220996,0,0.00871405087627232,0,1.1000266957636e-18,0.0112669337929236,0.00144941990089698,1.60535330510379e-19,6.08953905712226e-19,0,0.0327476317188118,0.00214418329935135,1.60959872899268e-19,0.000384443969328609,0,0,0,0,0,3.35647757732654e-18,2.92272019304387e-18,6.43371698852283e-19,8.01045290503992e-18,0,0,1.04293949480885e-18,0.269793065328271,0,1.52085968759245e-18,0.00199671092398139,0,0.00965450418681626,0.0343937503926329,0.0440482545794492,GSM3998192,GSE135251
0.0506602413135054,0,1.05700676561128e-18,0,6.59643662981605e-05,0.0106447360040051,0,2.76609450356886e-18,0.00192217398222559,0.00477699320798459,0.00370461499175198,0,0.00705123245920794,3.60751806871695e-19,0.0308425227995527,0,0.00129972424663176,0.00532655610411627,8.72280918534016e-19,0.0005820528022641,0.0204263768986859,1.22943987693025e-19,0.00215041005113554,0,6.95465317958373e-18,0.0242376467640498,5.70068201434014e-19,0.121633940990527,0.0119679615918487,0,0,0.0153060617839079,0.0141622617454701,0.00246476570178447,0.00142866263169739,0.00175285772746465,0,6.24881251781543e-19,0.0201563423903156,0,0.0115461498714382,0,1.23209654735234e-17,0.0156820387252253,0.0247686348847099,9.76689742356331e-21,1.08880230039685e-05,0.00142040981481257,0,0.02600888229606,0.0177669800446713,2.07669077240747e-18,9.80618786503143e-19,0.00520623329779765,0,3.39431097727753e-18,6.88386195762123e-18,0,0,0.284941303760654,0.00290676944831181,0.0161257688489226,0.00688447950495613,0.000423001522610945,0.0201888912694135,0.010213188449343,0.0304020797187565,GSM3998310,GSE135251
0.0708472437429277,1.06922371121968e-18,0,2.85593809218997e-18,2.04087999868452e-19,0.0142804664292008,1.38754353835966e-18,5.18624495863085e-18,0,0,0.00194290299343873,7.82885015507533e-19,0.0161885278449366,0,0.0647721998962182,0,1.10477873065202e-17,0.0148819677963152,2.22627489053e-18,0.00131576389344627,0.0421933318165252,1.3860909943564e-18,1.59623200394982e-19,8.73779491243075e-20,0,0.0371629499805766,0,0.260596183263847,0.0152598002722496,0,0.00405893147270092,0.01732604700026,0.0160663846125153,0.00615340178259012,1.41599841178695e-20,0.0065426909136608,1.2317945537934e-17,0,0.00390386648092411,0,0.0077203374071235,0,4.249637123524e-18,0.0231803180182166,0.00408537867691806,0,0.000627326391136705,0.00191832172363658,0,0,3.46337442955412e-18,1.86741697385581e-18,2.40413726733864e-17,2.27080726467776e-19,0,8.24967119000052e-18,1.64423608493404e-17,2.27497220045725e-20,9.50167442152282e-18,0.319514668672126,3.80388593249259e-19,1.58574862090755e-18,0.0343374938902779,0,0.0188536466829776,0.0210966659082626,0.0399503125912402,GSM3998181,GSE135251
0.0626374085568194,0,9.19395288724093e-18,2.54104312534801e-20,4.00784774019443e-18,0.00609496607149449,2.42999812193693e-18,0,0,1.49978384696652e-18,0.00141152296132267,9.61841691132236e-20,0.00107550588987894,5.11826016346533e-18,0.0310141470274058,9.72363501031652e-18,0,0.00655336020945287,6.14145467558552e-20,0,0.0292053517843176,0,0,0,8.80056064311365e-19,0.0310412765187086,0,0.21320016666539,0.0119603920754212,3.40924997281909e-06,0.00266626062565906,0.024895512274149,0.019690552543946,0.008635436090369,0,0.00418134088937907,1.17438386948839e-17,3.5360639098745e-18,0.00842519230234071,3.93728375105881e-18,1.68046181090421e-18,3.08900504212097e-17,2.49094793717954e-17,0.0139185106344814,0.115683151976579,5.32782181286076e-19,0.000682625062934787,0,5.11262489128725e-18,5.56588207923528e-19,7.60651879537417e-18,6.30612539458531e-19,5.83488258536824e-18,0,4.01810853534447e-18,9.77850862064643e-18,1.33513608818706e-17,3.96775409970543e-21,0.0149734368717742,0.33630171714691,1.33087888031949e-18,2.99275509382429e-18,0.0168947362057201,0,0.016597008182766,0.0146026758921588,0.0311996840749248,GSM3998185,GSE135251
0.0853599632534793,0,0,1.55719471548033e-18,0.0491691287838044,0,9.95912399668045e-19,3.6003823883901e-18,0,0,0,2.93053446260832e-19,1.0880847110672e-18,1.53145724872535e-18,0.0178867847184365,2.26289206986871e-17,0,0.00272905976437815,0,0,0.0550441782982656,1.67053670977556e-20,0.00634090298956008,0,0,0.00780264754681664,0,0.137053792461386,1.6963763543993e-19,8.91130001274279e-19,0.00288918040693059,0.0153158734976417,0.0216529737076929,0.0089993923991923,0.00120833997903845,0.00230979313283755,0.000412811741306875,0,0.0415203451983323,2.36477293531301e-18,0.00619147515761832,0,0.0742132921798188,0.0573505362642903,1.05881943954825e-18,3.89064866846768e-18,0,0.00386034629980461,4.84158894233906e-18,0.0597550808105075,0.02371247626505,1.83171392678678e-18,0.0878038059252747,0.00222144486049028,2.26148252953835e-18,4.69954122439233e-18,0,2.80343159990414e-19,0,0.151950468750131,1.28428062919737e-18,0.0448932368526863,5.17146419364646e-18,2.22290650199064e-18,0.0177173566227354,0.0275220891491328,0.0452394457718682,GSM3998363,GSE135251
0.013583314120217,0,0,0,0.00235080832949355,0.00440860590072378,1.42962221109734e-18,0,0,0,0.00588327626845901,0,0.00191054836476965,2.13588888564567e-18,0.0144864264693439,0,0,0.0140422836363304,6.01300670767003e-19,5.02840354406078e-20,0.0120008312612607,6.76611199048879e-20,0.00445558927314839,2.40411901515605e-05,1.97846768263172e-18,0.0136764245855129,1.08726675376298e-18,0.159110512860877,0.00936040829634963,0,0,0.00575263500061342,0.00453436523924723,0.00238435732298312,5.88671389310645e-05,0.00341971696450372,0.00132079847045721,0,0.0263448692232141,0,0,4.20793656690404e-18,2.24304190949092e-05,0.00729038773694169,0.0269819349327148,0,0.000150886925532834,0.00378798974554135,3.79956458052091e-18,0.00532244722345654,0.0212946340983928,1.06541040764696e-18,3.6842452260007e-18,0.0026154407316167,0,8.29403836271381e-18,0,0,1.6321510188502e-20,0.333585821559296,0,0.0234275825406376,0.00837354713922714,2.39388627504682e-19,0.00639966125672389,0.00600041563063034,0.0124000768873542,GSM3998204,GSE135251
0.113554844369353,0,1.12947281288434e-17,3.60938742702681e-18,4.2013174783552e-18,0.00855992141440525,0,3.0529288396115e-18,0,6.18044099415106e-18,0,0,0.0107953897050618,0,0.0462372423235742,6.38068470983352e-18,0,0.00379968911196941,2.11451064795209e-18,0.0011216065156683,0.0265302524884762,1.8727664479255e-18,1.10647113082995e-18,0,9.92134821683469e-19,0.0429046532603675,0,0.250315242760512,0,0,0,0.0270525423646034,0.0220149099081222,0.00703522723589615,1.71471667423567e-19,0.00269466925330067,5.04415864833084e-18,0,0.0126683443062125,0,0.0104749021179839,6.90065140772784e-18,0,0.018878499963382,0.00656603230431594,5.34827437236196e-19,0.000268942026383168,0,2.15490343325165e-18,2.92401883254576e-18,0.000521609059304409,0,1.74294432696498e-18,0,7.15463710678529e-18,0,1.60324973489817e-17,0,3.6515568384479e-19,0.297788451954067,2.61257383908685e-19,2.13955754817056e-18,0.0205593920460599,0,0.0257660339988371,0.0132651262442381,0.0390311602430752,GSM3998287,GSE135251
0.0912291379954564,0,4.99329467945339e-18,0,0.0291913164069875,0.00717848250803064,0,1.63770679259061e-18,0.0122863262684083,7.2249686545508e-20,0.000471181082280113,0,0.00539918147478519,1.63685653720394e-18,0.0267247793250314,3.43510050158945e-18,1.81802687420687e-19,0.026248280069651,4.03909680374302e-20,0.000636919984061576,0.0238285033558081,0,0.00242873501776979,0.000145865033726746,8.36359147315952e-18,0.0127013741344182,4.51677107312217e-19,0.174692254995146,0,9.63901926147979e-20,0.00362693349045857,0.00582532682950073,0.0125998613454496,0.00135119019615833,0.00237041365927539,0.00292287795649786,4.07599467497626e-18,0,0.00866263625294866,1.31031401333427e-19,0.00568149695493425,9.6136661266676e-18,1.84898231674895e-17,0.016574852168639,0.0056544211074121,1.06305980056434e-18,9.75657385893497e-05,0.00292799211331422,9.28105485361945e-19,0.0102807934050392,2.14834404366157e-19,1.54445292628878e-18,7.41920236105356e-18,0.00200039621207039,0,0,1.33416810634464e-18,5.99690598704722e-20,0,0.294641286086812,0,0.0041789473917454,0.00943946083278738,0,0.0116280996940574,0.0119142516779041,0.0235423513719615,GSM3998370,GSE135251
0.125705616563321,0,9.63851177830838e-18,2.37027120406309e-19,0.0546587602942447,0,2.26754449289636e-18,0,0,2.79045748197584e-19,0,3.13628647557747e-18,6.01569579077545e-20,0,0.0277532053004311,0,0,0.00273427745031291,0,0.00062932830173296,0.0540136410094442,0,0.00034337413176565,8.67973630909745e-23,6.32732264580839e-18,0.00316255370368872,0,0.17818835330621,1.43848241670762e-18,4.98181448777785e-20,0.00340995961594279,0.031797165218945,0.0290267079812057,0.0070038526177073,0,0.00219672450641244,0.00167703583068089,1.22510931256308e-17,0.0194953368401565,7.1301545586982e-19,0.0408522882714989,7.76259994917287e-19,0.040468801034991,0.0449938391522213,0,0,0,0.000479098535860302,0,0.0254679875929967,0.0258221172394366,6.98624246096716e-19,0.0579465163421143,1.0710222293223e-18,5.37567358506565e-18,0,0,2.31036189690238e-19,0,0.134998136312371,0,0.02687537883337,0,2.12540623482907e-19,0.0491719202186914,0.0270068205047221,0.0761787407234135,GSM3998272,GSE135251
0.0854443409131862,0,0,0,0,0.0243706315349327,0,2.71395120353389e-18,0,0,0.00100608287246071,1.71809525726778e-18,0.0158766458419591,1.20061524765186e-17,0.0676003421892564,0,3.39805018516429e-18,0.0316502437447373,0,0.00207959227638641,0.0171009772879638,2.53789022530014e-18,3.01983643909697e-20,0,0,0.0465290316521008,0,0.189021989562925,0.0109045061378514,2.66745266996305e-05,0.000572358760415988,0.0182867127288585,0.0151343759195306,0.00453404824574391,8.05830529588858e-19,0.00321923559027278,0,0,0.010748981016921,0,0.00762497014721318,1.65109920921093e-17,8.04372715652887e-18,0.010859862924163,0.0005913211137428,0,0.000659556175161137,0,0,8.40621067428729e-19,0,0,0,0.00227735237517988,1.46268660540455e-18,2.81666852820489e-17,0,0,1.14817252822076e-17,0.391563337920523,1.39371535221719e-18,0,0.0467183848066775,0,0.0186608501016387,0.00855048864398188,0.0272113387456206,GSM3998183,GSE135251
0.112235307779348,0,1.89950053225072e-18,2.6286988070033e-18,0.0593485673352235,7.90023051137543e-19,3.73938884309435e-18,3.59625281317288e-19,0.0111271591364921,0.00448016435681499,8.88866255082799e-20,1.16739998597131e-18,1.58391770065967e-18,0,0.0185568468670952,1.95251404293385e-18,1.22694910031609e-18,0.00187299920810449,3.08451492149213e-18,1.44617563083723e-19,0.0584084506385922,0,0.00671024532370632,9.29633834603191e-20,1.87304016835555e-17,3.23427456156708e-18,2.63191638076702e-19,0.160532972183247,4.66767881716575e-18,3.37795912263358e-19,0.00522813227897203,0.0270422389490824,0.0309793388712946,0.0124677932025012,5.12830767198335e-19,0.00419675203220792,0.000629153946838153,1.3564016472572e-17,0.0408581574827497,3.08614436581855e-19,0.0203743739909369,0,0.150622752648943,0.0740656679532784,0,3.02442166014479e-18,0,0.00184128908495081,1.26690264888256e-18,0.087859021666454,0.0205338003831854,9.25002476173576e-19,0.113767016044757,0,0,0,0,2.753841154738e-21,5.49262484789752e-18,0.0822102578949593,1.26869304442435e-17,0.0825116696470765,4.21211009190967e-18,3.53336760178969e-18,0.0328386013499801,0.0292042253192961,0.0620428266692762,GSM3998345,GSE135251
0.0787417426266252,1.90964859112922e-19,0,3.07069270640255e-18,0.0358280523934492,2.1517490639711e-19,3.77217560783402e-18,1.20728206719901e-18,0.00798154288906437,1.17586628078096e-19,1.75857888875436e-19,1.35787069697862e-18,0,9.12186260080166e-20,0.0339877740517082,0,2.7978352437955e-19,4.61535786422956e-06,5.26607993296556e-19,0.000654206551219222,0.0560274281048944,0.000487136061781165,0.0100611457772633,0,0,0.00548078949370859,0,0.163762256459715,0.00496926472429886,0,0.00770898017941634,0.0153761174123721,0.0199308505228062,0.0128653141383887,1.16393921532757e-20,0.00301737698384752,0.000689818360816718,0,0.0262141450806611,0,0.00808580388300391,4.19457551718079e-18,0.108620019978776,0.054009835505316,0.0298228569718288,0,0,0.00215914041815264,5.89450353753125e-19,0.0335197623164707,0.0130939141063871,0,0.0939968628760839,0,0,0,0,7.51583304861665e-20,0.00186247032138396,0.129707554939822,3.2810818026465e-18,0.0386290153774427,5.56128241901491e-19,1.81109936648959e-19,0.0178416028843527,0.0280137140524472,0.0458553169367999,GSM3998356,GSE135251
0.0756483269405294,9.09517854079574e-20,0,0,0.0267106919998805,0,4.06624031727141e-18,1.17695627632842e-17,0.00041789898451153,5.49871554739984e-18,0,5.53765349511822e-18,3.46784803304271e-18,2.76147303846214e-18,0.0199969480919774,8.29198430755767e-18,0,0.000171179595672813,1.16121346311464e-19,2.07019712299996e-19,0.0548540919330344,0.00157979010789953,0.00890581034472235,1.56069823866452e-21,1.10667742364772e-18,0.00259922612151308,0,0.146539001970334,0.000697412712860322,0,0.00653405677709172,0.0152916819532183,0.020574219173649,0.00886931832798572,0,0.00351032885192823,0.00106054060015014,6.00891147714218e-18,0.0314852076876289,6.72981097663527e-18,0.00829820270684665,1.07493175939163e-17,0.0968874811673251,0.055443613131577,0.000454916807964333,3.95905588116676e-18,0,0.00258237725966782,0,0.0731745263331497,0.0201385410186575,0,0.104427274788177,1.85238770565858e-21,0,6.32537565999887e-19,9.28558001697235e-18,3.18801047349699e-19,1.50001000000673e-19,0.146013440956441,0,0.0435086198693124,8.38211661296992e-19,2.15882350794943e-19,0.0185013680184215,0.0274270459665172,0.0459284139849387,GSM3998348,GSE135251
0.0153117276733224,0,1.19535357380523e-17,1.21145036059768e-18,0.00880223802793613,0.00839173075477399,0,5.4129387491305e-19,3.78705344167283e-19,0,0.00419634667259937,0,2.19382020169448e-21,3.07404471465553e-18,0.00668948924289191,1.51285159278515e-18,0,0.0202743679929909,0,6.72566229482038e-19,0.00949952736252608,0,4.2816804798935e-19,0,1.76142945465077e-17,0.024758035700396,1.21569154173297e-18,0.12790188915566,0.00679490735739209,3.52919881839475e-20,6.35212910758863e-20,0.00620700284322688,0.00690558688717523,0.00116190291367276,0.00143311665300005,0.00115665033400478,3.94789362080759e-18,0,0.0158076251652891,0,0,1.83762321772081e-18,3.24125351327767e-17,0.00792659241484851,0.000843351498757076,1.20954465215941e-19,0.000332769116900191,0.002123151491491,9.82147913416363e-19,1.25478295106218e-18,0.0219331640401324,0,0,0.000491644005367039,2.17096592203057e-18,6.67608101371311e-18,3.47050539118795e-18,0,0,0.37105871528534,0,0.0136209404500125,0.02126196506917,0.0037641200511817,0.00650884732514528,0.00474976368126305,0.0112586110064083,GSM3998325,GSE135251
0.0663381709351253,0,0,0,0.015736838047144,6.07754046766852e-20,0,1.50410293311566e-18,1.83334067363642e-20,4.08176849964747e-18,0,2.05646317967588e-18,9.78081157848965e-18,7.34415458206736e-19,0.0225805921466333,0,0,0.00542302804798046,0,0,0.0451396359556725,3.9390063009515e-19,0.0145184345561626,0,0,0.00573213300134166,0.000181666783828235,0.144076666272352,0.00594319494751332,0,0.00558205490198981,0.0121045490880478,0.0181770365398319,0.00211685986607723,1.87533994002222e-19,0.00222939180531551,0.0019256669587427,6.10951588592825e-18,0.0308827016228151,0,0.00475000981083319,1.47043922273059e-17,0.0811210710933448,0.0438019552486071,4.48769383063193e-19,0,0,0.00288750222338739,8.09314210228598e-18,0.0543456055331442,0.0396764307000356,0,0.052219660712834,0.000327738488144469,3.38078471512538e-18,6.24616116269781e-18,7.17807710994318e-18,0,0,0.201113530206968,4.44115247588368e-18,0.0398228224024342,0,1.50370447382438e-18,0.0131613740815123,0.0225698179778362,0.0357311920593485,GSM3998368,GSE135251
0.109102936813356,0,0,3.2068415213041e-18,0.0207397943343623,0.00826700422108181,2.12316203438587e-18,8.88809911163938e-18,1.3865238864416e-19,0.00219053928892338,3.03911753160874e-22,0,0.00645021963743889,5.2374149173405e-19,0.0424054626426169,0,0,0.0222645446766676,2.11528751327606e-18,0.000228190934267737,0.0768805513843074,0.000146899483487233,0.00337043250162301,0,0,0.0204293840275889,0,0.13117742413843,0.00231935343097282,0,0.0041937832699616,0.0343201198080679,0.0227957762584819,0.0181009406712853,0.00207644185442927,0.00566600047418617,0.000630063419319804,6.44212753473111e-19,0.0357115421054621,8.72965405506387e-18,0.0239265834398273,0,0.0499208038098401,0.0524467326138363,7.0365062819949e-19,2.0685817862301e-20,0.000356351437870946,0.00128742481084214,1.24339130164207e-17,0.0322407989118808,0.0309353526674012,9.18734270310578e-19,0.0223088578520658,0.00425142371533154,0,0,7.7348043529365e-18,5.31194405966296e-21,5.00297816140783e-18,0.325471368547241,0,0.0396560715615414,0.0125851990643258,1.06856700049821e-18,0.0413237735539477,0.0384402756921537,0.0797640492461014,GSM3998276,GSE135251
0.0208817142429113,1.05530514089994e-18,6.46420655564512e-18,0,1.90084242161525e-19,0.00711179651042676,1.02162056388099e-18,1.26941587914983e-18,0,0,1.82818125767079e-20,0,0.00581871218357041,2.60035322737698e-18,0.0252698027986931,1.40537552691755e-18,0,0.00719503535379547,1.03086350604636e-19,0,0.01490965930187,0,0,0,1.61443379668534e-18,0.0178705088769246,0,0.157130275109453,0.00126279541950243,6.14347667815978e-21,0.00046334193071318,0.00623885005027425,0.00963190669968282,0.00517618141262627,0.00144836906601395,0.0024636512965855,1.27470382382036e-18,0,0.0110504983700743,0,0,1.05274832055606e-17,1.54727591211692e-18,0.0064209740393063,0.00414382678134291,0,0.000340917721806954,0.00037533038374078,0,0,0.00291439806844156,1.12357238514775e-17,2.6408534498987e-18,0.00116541141532815,1.60032229920274e-18,1.21075893485386e-18,1.11291551879044e-17,0,0,0.326222607589577,7.84997724185362e-19,0,0.0334065939036625,0,0.00537503300001933,0.00745482965093501,0.0128298626509543,GSM3998313,GSE135251
0.0841125636743737,0,0,7.22999555840798e-19,0.0412799978836643,0,3.02533694009443e-18,0,0.0065255409281936,0,2.2218300196045e-18,0,5.9330173386731e-18,0,0.021547464483128,0,0,0.00344111639845102,7.28833813936415e-19,0,0.0413660716834798,1.06108821708821e-18,0.0105801893878504,0,0,0.00150679141653692,0,0.0792908007345495,0,0,0.00302461413011475,0.0165794091102749,0.022750223235071,0.00851136902185623,1.59245492664499e-19,0.00166013255314189,0.00249152006298415,4.76325745413712e-19,0.0284709298879343,4.93774746918028e-19,0.0138201021685421,0,0.130984589616245,0.0511224027732767,0.000216838426353964,4.66133399953355e-19,0,0.00112873882337413,1.66472066720224e-17,0.0696299701057578,0.0365705506014647,1.05414117141968e-18,0.121182555239631,0.00251318943371517,3.67053680105147e-18,0,3.7820343193442e-18,7.81573949037915e-21,1.820267059427e-18,0.112722454529163,4.25972452266373e-18,0.0603214244300867,0,0,0.0210188334014608,0.0206830358417399,0.0417018692432007,GSM3998347,GSE135251
0.0274021597971743,0,0,0,0,0.00415550138394775,2.16331452973614e-18,0,2.37809809222011e-20,2.77754104871258e-19,0.000184650179076049,1.23122771830909e-18,1.23383669226926e-22,1.08728045363366e-18,0.0179197354603382,1.08401695074853e-17,7.8827150859259e-19,0.0148166327208152,4.77574506798299e-19,0.000353823998287002,0.0164226015061398,1.90196434149845e-20,0.00448444512698837,4.16625485130447e-20,1.36548445745129e-17,0.00648314410999264,0,0.113047637409881,0.0147901524942027,0,0,0.00506322814898635,0.00276696743558631,0.00230133349473472,0.00224777398515205,0.00112478788835195,0.000108955952908322,0,0.0296842611678444,2.26890556339842e-18,0,1.25465508695205e-17,2.49854298887576e-19,0.00971146375101529,0.0022720799328412,0,0.000120736621409757,7.79472052166345e-05,0,0.0131596528920468,0.0364728493874538,0,0,0.0102224943681833,3.84130019882852e-19,0,1.98976928464782e-17,0,0,0.368607997489098,2.57697141660598e-19,0.0203182442462927,0.0119453559076897,0,0.00516184889176136,0.0082113007530699,0.0133731496448313,GSM3998320,GSE135251
0.148365293539139,1.50351470866747e-19,0,0,2.61229593411822e-19,0.0080166031181678,0,0,0.0188183233597398,0.0153039016784791,7.92061278639073e-21,0.00766577652543783,0.0117270190192629,0,0.0314254922754396,1.84258643562391e-18,0.00808029299810569,0.00674511674130945,0,0.00599013544908062,0.0142760589270974,4.85916195054499e-19,0.0249288534247871,0,0.0251934574828784,0.00680124853193004,0,0.108342506706124,0,0.000212986036021666,0.00261805476239678,0.00670123501907793,0.0119342635169344,0.00168310610726927,0.000586944450177688,0.000824588422799362,0.00172282075183348,0,1.68071457053267e-19,0.0160795825461107,7.4094242091725e-21,0,0.0121346085819903,0.00691242603903162,0.00160924880549307,0,0.000430147956152482,6.98269218968784e-20,2.29801982484871e-18,0.0211140335354219,1.88396105816807e-18,0,0.0162527663739275,0.000614992240492693,9.55056858736159e-19,0,0,0,0,0.260788190241445,3.10079539837486e-19,0.00437153126741452,0.00341475349052682,0,0.0139627276291827,0.0197347582049879,0.0336974858341706,GSM3998332,GSE135251
0.0624524786660319,4.11802864050998e-20,9.89680411430977e-19,1.41684073150005e-18,0.00458208982629784,6.23545104179641e-20,3.27514578645751e-18,0,0,2.22131222287072e-18,1.10029885147349e-19,5.87526776412466e-18,1.21981009610452e-18,1.21120350065152e-18,0.0100630713876101,3.73227164812313e-18,0,0.000706265080813448,0,0,0.0450175021686016,7.12404573684021e-19,0.0633694871419231,5.83250199003625e-21,0,0.0128410416553503,1.9878682691881e-21,0.107702998879467,0,0.00237150609769422,0.00621125028743809,0.0118990572363954,0.0182272796508015,0.000931038355546802,0,0.00499303527318019,0.0014436122972484,0,0.0265277273936339,0,2.68095244753172e-19,5.72363153229907e-18,0.0244426654221799,0.0260520934055717,0.00209368571977714,0,1.37991081825951e-05,0.00135315148744677,1.58581309097307e-17,0.018129043765012,0.0221730049504714,6.95680881203923e-19,0.0192946122559013,0.00179784204788941,0,0,2.75301799151991e-18,0.000484491096077616,0,0.222049186411843,3.3699106857993e-18,0.0160404472486811,0.00460154190958144,2.67649276886843e-18,0.00883480581589478,0.0225087510843008,0.0313435569001956,GSM3998253,GSE135251
